1 2 3 4 5 6 7 8 9 10 11 12 13 14 15 16 17 18 19 20 21 22 23
1 2 3 4 5 6 7 8 9 10 11 12 13 14 15 16 17 18 19 20 24 22 23
1 2 3 4 5 6 7 8 9 25 11 12 13 14 15 16 17 18 19 20 21 22 23
1 2 3 4 5 6 7 8 9 25 11 12 13 14 15 16 17 18 19 20 24 22 23
1 2 3 4 5 6 7 8 9 26 11 12 13 14 15 16 17 18 19 20 21 22 23
1 2 3 4 5 6 7 8 9 26 11 12 13 14 15 16 17 18 19 20 24 22 23
1 2 3 4 5 27 7 8 9 10 11 12 13 14 15 16 17 18 19 20 21 22 23
1 2 3 4 5 27 7 8 9 10 11 12 13 14 15 16 17 18 19 20 24 22 23
1 2 3 4 5 27 7 8 9 25 11 12 13 14 15 16 17 18 19 20 21 22 23
1 2 3 4 5 27 7 8 9 25 11 12 13 14 15 16 17 18 19 20 24 22 23
1 2 3 4 5 27 7 8 9 26 11 12 13 14 15 16 17 18 19 20 21 22 23
1 2 3 4 5 27 7 8 9 26 11 12 13 14 15 16 17 18 19 20 24 22 23
1 2 3 28 5 6 7 8 9 10 11 12 13 14 15 16 17 18 19 20 21 22 23
1 2 3 28 5 6 7 8 9 10 11 12 13 14 15 16 17 18 19 20 24 22 23
1 2 3 28 5 6 7 8 9 25 11 12 13 14 15 16 17 18 19 20 21 22 23
1 2 3 28 5 6 7 8 9 25 11 12 13 14 15 16 17 18 19 20 24 22 23
1 2 3 28 5 6 7 8 9 26 11 12 13 14 15 16 17 18 19 20 21 22 23
1 2 3 28 5 6 7 8 9 26 11 12 13 14 15 16 17 18 19 20 24 22 23
1 2 3 28 5 27 7 8 9 10 11 12 13 14 15 16 17 18 19 20 21 22 23
1 2 3 28 5 27 7 8 9 10 11 12 13 14 15 16 17 18 19 20 24 22 23
1 2 3 28 5 27 7 8 9 25 11 12 13 14 15 16 17 18 19 20 21 22 23
1 2 3 28 5 27 7 8 9 25 11 12 13 14 15 16 17 18 19 20 24 22 23
1 2 3 28 5 27 7 8 9 26 11 12 13 14 15 16 17 18 19 20 21 22 23
1 2 3 28 5 27 7 8 9 26 11 12 13 14 15 16 17 18 19 20 24 22 23
1 2 29 4 5 6 7 8 9 10 11 12 13 14 15 16 17 18 19 20 21 22 23
1 2 29 4 5 6 7 8 9 10 11 12 13 14 15 16 17 18 19 20 24 22 23
1 2 29 4 5 6 7 8 9 25 11 12 13 14 15 16 17 18 19 20 21 22 23
1 2 29 4 5 6 7 8 9 25 11 12 13 14 15 16 17 18 19 20 24 22 23
1 2 29 4 5 6 7 8 9 26 11 12 13 14 15 16 17 18 19 20 21 22 23
1 2 29 4 5 6 7 8 9 26 11 12 13 14 15 16 17 18 19 20 24 22 23
1 2 29 4 5 27 7 8 9 10 11 12 13 14 15 16 17 18 19 20 21 22 23
1 2 29 4 5 27 7 8 9 10 11 12 13 14 15 16 17 18 19 20 24 22 23
1 2 29 4 5 27 7 8 9 25 11 12 13 14 15 16 17 18 19 20 21 22 23
1 2 29 4 5 27 7 8 9 25 11 12 13 14 15 16 17 18 19 20 24 22 23
1 2 29 4 5 27 7 8 9 26 11 12 13 14 15 16 17 18 19 20 21 22 23
1 2 29 4 5 27 7 8 9 26 11 12 13 14 15 16 17 18 19 20 24 22 23
1 2 29 28 5 6 7 8 9 10 11 12 13 14 15 16 17 18 19 20 21 22 23
1 2 29 28 5 6 7 8 9 10 11 12 13 14 15 16 17 18 19 20 24 22 23
1 2 29 28 5 6 7 8 9 25 11 12 13 14 15 16 17 18 19 20 21 22 23
1 2 29 28 5 6 7 8 9 25 11 12 13 14 15 16 17 18 19 20 24 22 23
1 2 29 28 5 6 7 8 9 26 11 12 13 14 15 16 17 18 19 20 21 22 23
1 2 29 28 5 6 7 8 9 26 11 12 13 14 15 16 17 18 19 20 24 22 23
1 2 29 28 5 27 7 8 9 10 11 12 13 14 15 16 17 18 19 20 21 22 23
1 2 29 28 5 27 7 8 9 10 11 12 13 14 15 16 17 18 19 20 24 22 23
1 2 29 28 5 27 7 8 9 25 11 12 13 14 15 16 17 18 19 20 21 22 23
1 2 29 28 5 27 7 8 9 25 11 12 13 14 15 16 17 18 19 20 24 22 23
1 2 29 28 5 27 7 8 9 26 11 12 13 14 15 16 17 18 19 20 21 22 23
1 2 29 28 5 27 7 8 9 26 11 12 13 14 15 16 17 18 19 20 24 22 23
1 30 3 4 5 6 7 8 9 10 11 12 13 14 15 16 17 18 19 20 21 22 23
1 30 3 4 5 6 7 8 9 10 11 12 13 14 15 16 17 18 19 20 24 22 23
1 30 3 4 5 6 7 8 9 25 11 12 13 14 15 16 17 18 19 20 21 22 23
1 30 3 4 5 6 7 8 9 25 11 12 13 14 15 16 17 18 19 20 24 22 23
1 30 3 4 5 6 7 8 9 26 11 12 13 14 15 16 17 18 19 20 21 22 23
1 30 3 4 5 6 7 8 9 26 11 12 13 14 15 16 17 18 19 20 24 22 23
1 30 3 4 5 27 7 8 9 10 11 12 13 14 15 16 17 18 19 20 21 22 23
1 30 3 4 5 27 7 8 9 10 11 12 13 14 15 16 17 18 19 20 24 22 23
1 30 3 4 5 27 7 8 9 25 11 12 13 14 15 16 17 18 19 20 21 22 23
1 30 3 4 5 27 7 8 9 25 11 12 13 14 15 16 17 18 19 20 24 22 23
1 30 3 4 5 27 7 8 9 26 11 12 13 14 15 16 17 18 19 20 21 22 23
1 30 3 4 5 27 7 8 9 26 11 12 13 14 15 16 17 18 19 20 24 22 23
1 30 3 28 5 6 7 8 9 10 11 12 13 14 15 16 17 18 19 20 21 22 23
1 30 3 28 5 6 7 8 9 10 11 12 13 14 15 16 17 18 19 20 24 22 23
1 30 3 28 5 6 7 8 9 25 11 12 13 14 15 16 17 18 19 20 21 22 23
1 30 3 28 5 6 7 8 9 25 11 12 13 14 15 16 17 18 19 20 24 22 23
1 30 3 28 5 6 7 8 9 26 11 12 13 14 15 16 17 18 19 20 21 22 23
1 30 3 28 5 6 7 8 9 26 11 12 13 14 15 16 17 18 19 20 24 22 23
1 30 3 28 5 27 7 8 9 10 11 12 13 14 15 16 17 18 19 20 21 22 23
1 30 3 28 5 27 7 8 9 10 11 12 13 14 15 16 17 18 19 20 24 22 23
1 30 3 28 5 27 7 8 9 25 11 12 13 14 15 16 17 18 19 20 21 22 23
1 30 3 28 5 27 7 8 9 25 11 12 13 14 15 16 17 18 19 20 24 22 23
1 30 3 28 5 27 7 8 9 26 11 12 13 14 15 16 17 18 19 20 21 22 23
1 30 3 28 5 27 7 8 9 26 11 12 13 14 15 16 17 18 19 20 24 22 23
1 30 29 4 5 6 7 8 9 10 11 12 13 14 15 16 17 18 19 20 21 22 23
1 30 29 4 5 6 7 8 9 10 11 12 13 14 15 16 17 18 19 20 24 22 23
1 30 29 4 5 6 7 8 9 25 11 12 13 14 15 16 17 18 19 20 21 22 23
1 30 29 4 5 6 7 8 9 25 11 12 13 14 15 16 17 18 19 20 24 22 23
1 30 29 4 5 6 7 8 9 26 11 12 13 14 15 16 17 18 19 20 21 22 23
1 30 29 4 5 6 7 8 9 26 11 12 13 14 15 16 17 18 19 20 24 22 23
1 30 29 4 5 27 7 8 9 10 11 12 13 14 15 16 17 18 19 20 21 22 23
1 30 29 4 5 27 7 8 9 10 11 12 13 14 15 16 17 18 19 20 24 22 23
1 30 29 4 5 27 7 8 9 25 11 12 13 14 15 16 17 18 19 20 21 22 23
1 30 29 4 5 27 7 8 9 25 11 12 13 14 15 16 17 18 19 20 24 22 23
1 30 29 4 5 27 7 8 9 26 11 12 13 14 15 16 17 18 19 20 21 22 23
1 30 29 4 5 27 7 8 9 26 11 12 13 14 15 16 17 18 19 20 24 22 23
1 30 29 28 5 6 7 8 9 10 11 12 13 14 15 16 17 18 19 20 21 22 23
1 30 29 28 5 6 7 8 9 10 11 12 13 14 15 16 17 18 19 20 24 22 23
1 30 29 28 5 6 7 8 9 25 11 12 13 14 15 16 17 18 19 20 21 22 23
1 30 29 28 5 6 7 8 9 25 11 12 13 14 15 16 17 18 19 20 24 22 23
1 30 29 28 5 6 7 8 9 26 11 12 13 14 15 16 17 18 19 20 21 22 23
1 30 29 28 5 6 7 8 9 26 11 12 13 14 15 16 17 18 19 20 24 22 23
1 30 29 28 5 27 7 8 9 10 11 12 13 14 15 16 17 18 19 20 21 22 23
1 30 29 28 5 27 7 8 9 10 11 12 13 14 15 16 17 18 19 20 24 22 23
1 30 29 28 5 27 7 8 9 25 11 12 13 14 15 16 17 18 19 20 21 22 23
1 30 29 28 5 27 7 8 9 25 11 12 13 14 15 16 17 18 19 20 24 22 23
1 30 29 28 5 27 7 8 9 26 11 12 13 14 15 16 17 18 19 20 21 22 23
1 30 29 28 5 27 7 8 9 26 11 12 13 14 15 16 17 18 19 20 24 22 23
1 31 3 4 5 6 7 32 33 10 34 35 13 14 15 16 17 18 19 20 36 37 38
1 31 3 4 5 6 7 32 33 10 34 35 13 14 15 16 17 18 19 20 36 37 39
1 31 3 4 5 6 7 32 33 10 34 35 13 14 15 16 17 18 19 20 36 40 38
1 31 3 4 5 6 7 32 33 10 34 35 13 14 15 16 17 18 19 20 36 40 39
1 31 3 4 5 6 7 32 33 10 34 35 13 14 15 16 17 18 19 20 24 37 38
1 31 3 4 5 6 7 32 33 10 34 35 13 14 15 16 17 18 19 20 24 37 39
1 31 3 4 5 6 7 32 33 10 34 35 13 14 15 16 17 18 19 20 24 40 38
1 31 3 4 5 6 7 32 33 10 34 35 13 14 15 16 17 18 19 20 24 40 39
1 31 3 4 5 6 7 32 33 41 34 35 13 14 15 16 17 18 19 20 36 37 38
1 31 3 4 5 6 7 32 33 41 34 35 13 14 15 16 17 18 19 20 36 37 39
1 31 3 4 5 6 7 32 33 41 34 35 13 14 15 16 17 18 19 20 36 40 38
1 31 3 4 5 6 7 32 33 41 34 35 13 14 15 16 17 18 19 20 36 40 39
1 31 3 4 5 6 7 32 33 41 34 35 13 14 15 16 17 18 19 20 24 37 38
1 31 3 4 5 6 7 32 33 41 34 35 13 14 15 16 17 18 19 20 24 37 39
1 31 3 4 5 6 7 32 33 41 34 35 13 14 15 16 17 18 19 20 24 40 38
1 31 3 4 5 6 7 32 33 41 34 35 13 14 15 16 17 18 19 20 24 40 39
1 31 3 4 5 6 7 32 33 42 34 35 13 14 15 16 17 18 19 20 36 37 38
1 31 3 4 5 6 7 32 33 42 34 35 13 14 15 16 17 18 19 20 36 37 39
1 31 3 4 5 6 7 32 33 42 34 35 13 14 15 16 17 18 19 20 36 40 38
1 31 3 4 5 6 7 32 33 42 34 35 13 14 15 16 17 18 19 20 36 40 39
1 31 3 4 5 6 7 32 33 42 34 35 13 14 15 16 17 18 19 20 24 37 38
1 31 3 4 5 6 7 32 33 42 34 35 13 14 15 16 17 18 19 20 24 37 39
1 31 3 4 5 6 7 32 33 42 34 35 13 14 15 16 17 18 19 20 24 40 38
1 31 3 4 5 6 7 32 33 42 34 35 13 14 15 16 17 18 19 20 24 40 39
1 31 3 4 5 6 7 32 33 26 34 35 13 14 15 16 17 18 19 20 36 37 38
1 31 3 4 5 6 7 32 33 26 34 35 13 14 15 16 17 18 19 20 36 37 39
1 31 3 4 5 6 7 32 33 26 34 35 13 14 15 16 17 18 19 20 36 40 38
1 31 3 4 5 6 7 32 33 26 34 35 13 14 15 16 17 18 19 20 36 40 39
1 31 3 4 5 6 7 32 33 26 34 35 13 14 15 16 17 18 19 20 24 37 38
1 31 3 4 5 6 7 32 33 26 34 35 13 14 15 16 17 18 19 20 24 37 39
1 31 3 4 5 6 7 32 33 26 34 35 13 14 15 16 17 18 19 20 24 40 38
1 31 3 4 5 6 7 32 33 26 34 35 13 14 15 16 17 18 19 20 24 40 39
1 31 3 4 5 27 7 32 33 10 34 35 13 14 15 16 17 18 19 20 36 37 38
1 31 3 4 5 27 7 32 33 10 34 35 13 14 15 16 17 18 19 20 36 37 39
1 31 3 4 5 27 7 32 33 10 34 35 13 14 15 16 17 18 19 20 36 40 38
1 31 3 4 5 27 7 32 33 10 34 35 13 14 15 16 17 18 19 20 36 40 39
1 31 3 4 5 27 7 32 33 10 34 35 13 14 15 16 17 18 19 20 24 37 38
1 31 3 4 5 27 7 32 33 10 34 35 13 14 15 16 17 18 19 20 24 37 39
1 31 3 4 5 27 7 32 33 10 34 35 13 14 15 16 17 18 19 20 24 40 38
1 31 3 4 5 27 7 32 33 10 34 35 13 14 15 16 17 18 19 20 24 40 39
1 31 3 4 5 27 7 32 33 41 34 35 13 14 15 16 17 18 19 20 36 37 38
1 31 3 4 5 27 7 32 33 41 34 35 13 14 15 16 17 18 19 20 36 37 39
1 31 3 4 5 27 7 32 33 41 34 35 13 14 15 16 17 18 19 20 36 40 38
1 31 3 4 5 27 7 32 33 41 34 35 13 14 15 16 17 18 19 20 36 40 39
1 31 3 4 5 27 7 32 33 41 34 35 13 14 15 16 17 18 19 20 24 37 38
1 31 3 4 5 27 7 32 33 41 34 35 13 14 15 16 17 18 19 20 24 37 39
1 31 3 4 5 27 7 32 33 41 34 35 13 14 15 16 17 18 19 20 24 40 38
1 31 3 4 5 27 7 32 33 41 34 35 13 14 15 16 17 18 19 20 24 40 39
1 31 3 4 5 27 7 32 33 42 34 35 13 14 15 16 17 18 19 20 36 37 38
1 31 3 4 5 27 7 32 33 42 34 35 13 14 15 16 17 18 19 20 36 37 39
1 31 3 4 5 27 7 32 33 42 34 35 13 14 15 16 17 18 19 20 36 40 38
1 31 3 4 5 27 7 32 33 42 34 35 13 14 15 16 17 18 19 20 36 40 39
1 31 3 4 5 27 7 32 33 42 34 35 13 14 15 16 17 18 19 20 24 37 38
1 31 3 4 5 27 7 32 33 42 34 35 13 14 15 16 17 18 19 20 24 37 39
1 31 3 4 5 27 7 32 33 42 34 35 13 14 15 16 17 18 19 20 24 40 38
1 31 3 4 5 27 7 32 33 42 34 35 13 14 15 16 17 18 19 20 24 40 39
1 31 3 4 5 27 7 32 33 26 34 35 13 14 15 16 17 18 19 20 36 37 38
1 31 3 4 5 27 7 32 33 26 34 35 13 14 15 16 17 18 19 20 36 37 39
1 31 3 4 5 27 7 32 33 26 34 35 13 14 15 16 17 18 19 20 36 40 38
1 31 3 4 5 27 7 32 33 26 34 35 13 14 15 16 17 18 19 20 36 40 39
1 31 3 4 5 27 7 32 33 26 34 35 13 14 15 16 17 18 19 20 24 37 38
1 31 3 4 5 27 7 32 33 26 34 35 13 14 15 16 17 18 19 20 24 37 39
1 31 3 4 5 27 7 32 33 26 34 35 13 14 15 16 17 18 19 20 24 40 38
1 31 3 4 5 27 7 32 33 26 34 35 13 14 15 16 17 18 19 20 24 40 39
1 31 3 28 5 6 7 32 33 10 34 35 13 14 15 16 17 18 19 20 36 37 38
1 31 3 28 5 6 7 32 33 10 34 35 13 14 15 16 17 18 19 20 36 37 39
1 31 3 28 5 6 7 32 33 10 34 35 13 14 15 16 17 18 19 20 36 40 38
1 31 3 28 5 6 7 32 33 10 34 35 13 14 15 16 17 18 19 20 36 40 39
1 31 3 28 5 6 7 32 33 10 34 35 13 14 15 16 17 18 19 20 24 37 38
1 31 3 28 5 6 7 32 33 10 34 35 13 14 15 16 17 18 19 20 24 37 39
1 31 3 28 5 6 7 32 33 10 34 35 13 14 15 16 17 18 19 20 24 40 38
1 31 3 28 5 6 7 32 33 10 34 35 13 14 15 16 17 18 19 20 24 40 39
1 31 3 28 5 6 7 32 33 41 34 35 13 14 15 16 17 18 19 20 36 37 38
1 31 3 28 5 6 7 32 33 41 34 35 13 14 15 16 17 18 19 20 36 37 39
1 31 3 28 5 6 7 32 33 41 34 35 13 14 15 16 17 18 19 20 36 40 38
1 31 3 28 5 6 7 32 33 41 34 35 13 14 15 16 17 18 19 20 36 40 39
1 31 3 28 5 6 7 32 33 41 34 35 13 14 15 16 17 18 19 20 24 37 38
1 31 3 28 5 6 7 32 33 41 34 35 13 14 15 16 17 18 19 20 24 37 39
1 31 3 28 5 6 7 32 33 41 34 35 13 14 15 16 17 18 19 20 24 40 38
1 31 3 28 5 6 7 32 33 41 34 35 13 14 15 16 17 18 19 20 24 40 39
1 31 3 28 5 6 7 32 33 42 34 35 13 14 15 16 17 18 19 20 36 37 38
1 31 3 28 5 6 7 32 33 42 34 35 13 14 15 16 17 18 19 20 36 37 39
1 31 3 28 5 6 7 32 33 42 34 35 13 14 15 16 17 18 19 20 36 40 38
1 31 3 28 5 6 7 32 33 42 34 35 13 14 15 16 17 18 19 20 36 40 39
1 31 3 28 5 6 7 32 33 42 34 35 13 14 15 16 17 18 19 20 24 37 38
1 31 3 28 5 6 7 32 33 42 34 35 13 14 15 16 17 18 19 20 24 37 39
1 31 3 28 5 6 7 32 33 42 34 35 13 14 15 16 17 18 19 20 24 40 38
1 31 3 28 5 6 7 32 33 42 34 35 13 14 15 16 17 18 19 20 24 40 39
1 31 3 28 5 6 7 32 33 26 34 35 13 14 15 16 17 18 19 20 36 37 38
1 31 3 28 5 6 7 32 33 26 34 35 13 14 15 16 17 18 19 20 36 37 39
1 31 3 28 5 6 7 32 33 26 34 35 13 14 15 16 17 18 19 20 36 40 38
1 31 3 28 5 6 7 32 33 26 34 35 13 14 15 16 17 18 19 20 36 40 39
1 31 3 28 5 6 7 32 33 26 34 35 13 14 15 16 17 18 19 20 24 37 38
1 31 3 28 5 6 7 32 33 26 34 35 13 14 15 16 17 18 19 20 24 37 39
1 31 3 28 5 6 7 32 33 26 34 35 13 14 15 16 17 18 19 20 24 40 38
1 31 3 28 5 6 7 32 33 26 34 35 13 14 15 16 17 18 19 20 24 40 39
1 31 3 28 5 27 7 32 33 10 34 35 13 14 15 16 17 18 19 20 36 37 38
1 31 3 28 5 27 7 32 33 10 34 35 13 14 15 16 17 18 19 20 36 37 39
1 31 3 28 5 27 7 32 33 10 34 35 13 14 15 16 17 18 19 20 36 40 38
1 31 3 28 5 27 7 32 33 10 34 35 13 14 15 16 17 18 19 20 36 40 39
1 31 3 28 5 27 7 32 33 10 34 35 13 14 15 16 17 18 19 20 24 37 38
1 31 3 28 5 27 7 32 33 10 34 35 13 14 15 16 17 18 19 20 24 37 39
1 31 3 28 5 27 7 32 33 10 34 35 13 14 15 16 17 18 19 20 24 40 38
1 31 3 28 5 27 7 32 33 10 34 35 13 14 15 16 17 18 19 20 24 40 39
1 31 3 28 5 27 7 32 33 41 34 35 13 14 15 16 17 18 19 20 36 37 38
1 31 3 28 5 27 7 32 33 41 34 35 13 14 15 16 17 18 19 20 36 37 39
1 31 3 28 5 27 7 32 33 41 34 35 13 14 15 16 17 18 19 20 36 40 38
1 31 3 28 5 27 7 32 33 41 34 35 13 14 15 16 17 18 19 20 36 40 39
1 31 3 28 5 27 7 32 33 41 34 35 13 14 15 16 17 18 19 20 24 37 38
1 31 3 28 5 27 7 32 33 41 34 35 13 14 15 16 17 18 19 20 24 37 39
1 31 3 28 5 27 7 32 33 41 34 35 13 14 15 16 17 18 19 20 24 40 38
1 31 3 28 5 27 7 32 33 41 34 35 13 14 15 16 17 18 19 20 24 40 39
1 31 3 28 5 27 7 32 33 42 34 35 13 14 15 16 17 18 19 20 36 37 38
1 31 3 28 5 27 7 32 33 42 34 35 13 14 15 16 17 18 19 20 36 37 39
1 31 3 28 5 27 7 32 33 42 34 35 13 14 15 16 17 18 19 20 36 40 38
1 31 3 28 5 27 7 32 33 42 34 35 13 14 15 16 17 18 19 20 36 40 39
1 31 3 28 5 27 7 32 33 42 34 35 13 14 15 16 17 18 19 20 24 37 38
1 31 3 28 5 27 7 32 33 42 34 35 13 14 15 16 17 18 19 20 24 37 39
1 31 3 28 5 27 7 32 33 42 34 35 13 14 15 16 17 18 19 20 24 40 38
1 31 3 28 5 27 7 32 33 42 34 35 13 14 15 16 17 18 19 20 24 40 39
1 31 3 28 5 27 7 32 33 26 34 35 13 14 15 16 17 18 19 20 36 37 38
1 31 3 28 5 27 7 32 33 26 34 35 13 14 15 16 17 18 19 20 36 37 39
1 31 3 28 5 27 7 32 33 26 34 35 13 14 15 16 17 18 19 20 36 40 38
1 31 3 28 5 27 7 32 33 26 34 35 13 14 15 16 17 18 19 20 36 40 39
1 31 3 28 5 27 7 32 33 26 34 35 13 14 15 16 17 18 19 20 24 37 38
1 31 3 28 5 27 7 32 33 26 34 35 13 14 15 16 17 18 19 20 24 37 39
1 31 3 28 5 27 7 32 33 26 34 35 13 14 15 16 17 18 19 20 24 40 38
1 31 3 28 5 27 7 32 33 26 34 35 13 14 15 16 17 18 19 20 24 40 39
1 31 43 4 5 6 7 32 33 10 34 35 13 14 15 16 17 18 19 20 36 37 38
1 31 43 4 5 6 7 32 33 10 34 35 13 14 15 16 17 18 19 20 36 37 39
1 31 43 4 5 6 7 32 33 10 34 35 13 14 15 16 17 18 19 20 36 40 38
1 31 43 4 5 6 7 32 33 10 34 35 13 14 15 16 17 18 19 20 36 40 39
1 31 43 4 5 6 7 32 33 10 34 35 13 14 15 16 17 18 19 20 24 37 38
1 31 43 4 5 6 7 32 33 10 34 35 13 14 15 16 17 18 19 20 24 37 39
1 31 43 4 5 6 7 32 33 10 34 35 13 14 15 16 17 18 19 20 24 40 38
1 31 43 4 5 6 7 32 33 10 34 35 13 14 15 16 17 18 19 20 24 40 39
1 31 43 4 5 6 7 32 33 41 34 35 13 14 15 16 17 18 19 20 36 37 38
1 31 43 4 5 6 7 32 33 41 34 35 13 14 15 16 17 18 19 20 36 37 39
1 31 43 4 5 6 7 32 33 41 34 35 13 14 15 16 17 18 19 20 36 40 38
1 31 43 4 5 6 7 32 33 41 34 35 13 14 15 16 17 18 19 20 36 40 39
1 31 43 4 5 6 7 32 33 41 34 35 13 14 15 16 17 18 19 20 24 37 38
1 31 43 4 5 6 7 32 33 41 34 35 13 14 15 16 17 18 19 20 24 37 39
1 31 43 4 5 6 7 32 33 41 34 35 13 14 15 16 17 18 19 20 24 40 38
1 31 43 4 5 6 7 32 33 41 34 35 13 14 15 16 17 18 19 20 24 40 39
1 31 43 4 5 6 7 32 33 42 34 35 13 14 15 16 17 18 19 20 36 37 38
1 31 43 4 5 6 7 32 33 42 34 35 13 14 15 16 17 18 19 20 36 37 39
1 31 43 4 5 6 7 32 33 42 34 35 13 14 15 16 17 18 19 20 36 40 38
1 31 43 4 5 6 7 32 33 42 34 35 13 14 15 16 17 18 19 20 36 40 39
1 31 43 4 5 6 7 32 33 42 34 35 13 14 15 16 17 18 19 20 24 37 38
1 31 43 4 5 6 7 32 33 42 34 35 13 14 15 16 17 18 19 20 24 37 39
1 31 43 4 5 6 7 32 33 42 34 35 13 14 15 16 17 18 19 20 24 40 38
1 31 43 4 5 6 7 32 33 42 34 35 13 14 15 16 17 18 19 20 24 40 39
1 31 43 4 5 6 7 32 33 26 34 35 13 14 15 16 17 18 19 20 36 37 38
1 31 43 4 5 6 7 32 33 26 34 35 13 14 15 16 17 18 19 20 36 37 39
1 31 43 4 5 6 7 32 33 26 34 35 13 14 15 16 17 18 19 20 36 40 38
1 31 43 4 5 6 7 32 33 26 34 35 13 14 15 16 17 18 19 20 36 40 39
1 31 43 4 5 6 7 32 33 26 34 35 13 14 15 16 17 18 19 20 24 37 38
1 31 43 4 5 6 7 32 33 26 34 35 13 14 15 16 17 18 19 20 24 37 39
1 31 43 4 5 6 7 32 33 26 34 35 13 14 15 16 17 18 19 20 24 40 38
1 31 43 4 5 6 7 32 33 26 34 35 13 14 15 16 17 18 19 20 24 40 39
1 31 43 4 5 27 7 32 33 10 34 35 13 14 15 16 17 18 19 20 36 37 38
1 31 43 4 5 27 7 32 33 10 34 35 13 14 15 16 17 18 19 20 36 37 39
1 31 43 4 5 27 7 32 33 10 34 35 13 14 15 16 17 18 19 20 36 40 38
1 31 43 4 5 27 7 32 33 10 34 35 13 14 15 16 17 18 19 20 36 40 39
1 31 43 4 5 27 7 32 33 10 34 35 13 14 15 16 17 18 19 20 24 37 38
1 31 43 4 5 27 7 32 33 10 34 35 13 14 15 16 17 18 19 20 24 37 39
1 31 43 4 5 27 7 32 33 10 34 35 13 14 15 16 17 18 19 20 24 40 38
1 31 43 4 5 27 7 32 33 10 34 35 13 14 15 16 17 18 19 20 24 40 39
1 31 43 4 5 27 7 32 33 41 34 35 13 14 15 16 17 18 19 20 36 37 38
1 31 43 4 5 27 7 32 33 41 34 35 13 14 15 16 17 18 19 20 36 37 39
1 31 43 4 5 27 7 32 33 41 34 35 13 14 15 16 17 18 19 20 36 40 38
1 31 43 4 5 27 7 32 33 41 34 35 13 14 15 16 17 18 19 20 36 40 39
1 31 43 4 5 27 7 32 33 41 34 35 13 14 15 16 17 18 19 20 24 37 38
1 31 43 4 5 27 7 32 33 41 34 35 13 14 15 16 17 18 19 20 24 37 39
1 31 43 4 5 27 7 32 33 41 34 35 13 14 15 16 17 18 19 20 24 40 38
1 31 43 4 5 27 7 32 33 41 34 35 13 14 15 16 17 18 19 20 24 40 39
1 31 43 4 5 27 7 32 33 42 34 35 13 14 15 16 17 18 19 20 36 37 38
1 31 43 4 5 27 7 32 33 42 34 35 13 14 15 16 17 18 19 20 36 37 39
1 31 43 4 5 27 7 32 33 42 34 35 13 14 15 16 17 18 19 20 36 40 38
1 31 43 4 5 27 7 32 33 42 34 35 13 14 15 16 17 18 19 20 36 40 39
1 31 43 4 5 27 7 32 33 42 34 35 13 14 15 16 17 18 19 20 24 37 38
1 31 43 4 5 27 7 32 33 42 34 35 13 14 15 16 17 18 19 20 24 37 39
1 31 43 4 5 27 7 32 33 42 34 35 13 14 15 16 17 18 19 20 24 40 38
1 31 43 4 5 27 7 32 33 42 34 35 13 14 15 16 17 18 19 20 24 40 39
1 31 43 4 5 27 7 32 33 26 34 35 13 14 15 16 17 18 19 20 36 37 38
1 31 43 4 5 27 7 32 33 26 34 35 13 14 15 16 17 18 19 20 36 37 39
1 31 43 4 5 27 7 32 33 26 34 35 13 14 15 16 17 18 19 20 36 40 38
1 31 43 4 5 27 7 32 33 26 34 35 13 14 15 16 17 18 19 20 36 40 39
1 31 43 4 5 27 7 32 33 26 34 35 13 14 15 16 17 18 19 20 24 37 38
1 31 43 4 5 27 7 32 33 26 34 35 13 14 15 16 17 18 19 20 24 37 39
1 31 43 4 5 27 7 32 33 26 34 35 13 14 15 16 17 18 19 20 24 40 38
1 31 43 4 5 27 7 32 33 26 34 35 13 14 15 16 17 18 19 20 24 40 39
1 31 43 28 5 6 7 32 33 10 34 35 13 14 15 16 17 18 19 20 36 37 38
1 31 43 28 5 6 7 32 33 10 34 35 13 14 15 16 17 18 19 20 36 37 39
1 31 43 28 5 6 7 32 33 10 34 35 13 14 15 16 17 18 19 20 36 40 38
1 31 43 28 5 6 7 32 33 10 34 35 13 14 15 16 17 18 19 20 36 40 39
1 31 43 28 5 6 7 32 33 10 34 35 13 14 15 16 17 18 19 20 24 37 38
1 31 43 28 5 6 7 32 33 10 34 35 13 14 15 16 17 18 19 20 24 37 39
1 31 43 28 5 6 7 32 33 10 34 35 13 14 15 16 17 18 19 20 24 40 38
1 31 43 28 5 6 7 32 33 10 34 35 13 14 15 16 17 18 19 20 24 40 39
1 31 43 28 5 6 7 32 33 41 34 35 13 14 15 16 17 18 19 20 36 37 38
1 31 43 28 5 6 7 32 33 41 34 35 13 14 15 16 17 18 19 20 36 37 39
1 31 43 28 5 6 7 32 33 41 34 35 13 14 15 16 17 18 19 20 36 40 38
1 31 43 28 5 6 7 32 33 41 34 35 13 14 15 16 17 18 19 20 36 40 39
1 31 43 28 5 6 7 32 33 41 34 35 13 14 15 16 17 18 19 20 24 37 38
1 31 43 28 5 6 7 32 33 41 34 35 13 14 15 16 17 18 19 20 24 37 39
1 31 43 28 5 6 7 32 33 41 34 35 13 14 15 16 17 18 19 20 24 40 38
1 31 43 28 5 6 7 32 33 41 34 35 13 14 15 16 17 18 19 20 24 40 39
1 31 43 28 5 6 7 32 33 42 34 35 13 14 15 16 17 18 19 20 36 37 38
1 31 43 28 5 6 7 32 33 42 34 35 13 14 15 16 17 18 19 20 36 37 39
1 31 43 28 5 6 7 32 33 42 34 35 13 14 15 16 17 18 19 20 36 40 38
1 31 43 28 5 6 7 32 33 42 34 35 13 14 15 16 17 18 19 20 36 40 39
1 31 43 28 5 6 7 32 33 42 34 35 13 14 15 16 17 18 19 20 24 37 38
1 31 43 28 5 6 7 32 33 42 34 35 13 14 15 16 17 18 19 20 24 37 39
1 31 43 28 5 6 7 32 33 42 34 35 13 14 15 16 17 18 19 20 24 40 38
1 31 43 28 5 6 7 32 33 42 34 35 13 14 15 16 17 18 19 20 24 40 39
1 31 43 28 5 6 7 32 33 26 34 35 13 14 15 16 17 18 19 20 36 37 38
1 31 43 28 5 6 7 32 33 26 34 35 13 14 15 16 17 18 19 20 36 37 39
1 31 43 28 5 6 7 32 33 26 34 35 13 14 15 16 17 18 19 20 36 40 38
1 31 43 28 5 6 7 32 33 26 34 35 13 14 15 16 17 18 19 20 36 40 39
1 31 43 28 5 6 7 32 33 26 34 35 13 14 15 16 17 18 19 20 24 37 38
1 31 43 28 5 6 7 32 33 26 34 35 13 14 15 16 17 18 19 20 24 37 39
1 31 43 28 5 6 7 32 33 26 34 35 13 14 15 16 17 18 19 20 24 40 38
1 31 43 28 5 6 7 32 33 26 34 35 13 14 15 16 17 18 19 20 24 40 39
1 31 43 28 5 27 7 32 33 10 34 35 13 14 15 16 17 18 19 20 36 37 38
1 31 43 28 5 27 7 32 33 10 34 35 13 14 15 16 17 18 19 20 36 37 39
1 31 43 28 5 27 7 32 33 10 34 35 13 14 15 16 17 18 19 20 36 40 38
1 31 43 28 5 27 7 32 33 10 34 35 13 14 15 16 17 18 19 20 36 40 39
1 31 43 28 5 27 7 32 33 10 34 35 13 14 15 16 17 18 19 20 24 37 38
1 31 43 28 5 27 7 32 33 10 34 35 13 14 15 16 17 18 19 20 24 37 39
1 31 43 28 5 27 7 32 33 10 34 35 13 14 15 16 17 18 19 20 24 40 38
1 31 43 28 5 27 7 32 33 10 34 35 13 14 15 16 17 18 19 20 24 40 39
1 31 43 28 5 27 7 32 33 41 34 35 13 14 15 16 17 18 19 20 36 37 38
1 31 43 28 5 27 7 32 33 41 34 35 13 14 15 16 17 18 19 20 36 37 39
1 31 43 28 5 27 7 32 33 41 34 35 13 14 15 16 17 18 19 20 36 40 38
1 31 43 28 5 27 7 32 33 41 34 35 13 14 15 16 17 18 19 20 36 40 39
1 31 43 28 5 27 7 32 33 41 34 35 13 14 15 16 17 18 19 20 24 37 38
1 31 43 28 5 27 7 32 33 41 34 35 13 14 15 16 17 18 19 20 24 37 39
1 31 43 28 5 27 7 32 33 41 34 35 13 14 15 16 17 18 19 20 24 40 38
1 31 43 28 5 27 7 32 33 41 34 35 13 14 15 16 17 18 19 20 24 40 39
1 31 43 28 5 27 7 32 33 42 34 35 13 14 15 16 17 18 19 20 36 37 38
1 31 43 28 5 27 7 32 33 42 34 35 13 14 15 16 17 18 19 20 36 37 39
1 31 43 28 5 27 7 32 33 42 34 35 13 14 15 16 17 18 19 20 36 40 38
1 31 43 28 5 27 7 32 33 42 34 35 13 14 15 16 17 18 19 20 36 40 39
1 31 43 28 5 27 7 32 33 42 34 35 13 14 15 16 17 18 19 20 24 37 38
1 31 43 28 5 27 7 32 33 42 34 35 13 14 15 16 17 18 19 20 24 37 39
1 31 43 28 5 27 7 32 33 42 34 35 13 14 15 16 17 18 19 20 24 40 38
1 31 43 28 5 27 7 32 33 42 34 35 13 14 15 16 17 18 19 20 24 40 39
1 31 43 28 5 27 7 32 33 26 34 35 13 14 15 16 17 18 19 20 36 37 38
1 31 43 28 5 27 7 32 33 26 34 35 13 14 15 16 17 18 19 20 36 37 39
1 31 43 28 5 27 7 32 33 26 34 35 13 14 15 16 17 18 19 20 36 40 38
1 31 43 28 5 27 7 32 33 26 34 35 13 14 15 16 17 18 19 20 36 40 39
1 31 43 28 5 27 7 32 33 26 34 35 13 14 15 16 17 18 19 20 24 37 38
1 31 43 28 5 27 7 32 33 26 34 35 13 14 15 16 17 18 19 20 24 37 39
1 31 43 28 5 27 7 32 33 26 34 35 13 14 15 16 17 18 19 20 24 40 38
1 31 43 28 5 27 7 32 33 26 34 35 13 14 15 16 17 18 19 20 24 40 39
1 2 3 4 5 6 7 32 33 10 34 35 13 14 15 16 17 18 19 20 36 37 38
1 2 3 4 5 6 7 32 33 10 34 35 13 14 15 16 17 18 19 20 36 37 39
1 2 3 4 5 6 7 32 33 10 34 35 13 14 15 16 17 18 19 20 36 40 38
1 2 3 4 5 6 7 32 33 10 34 35 13 14 15 16 17 18 19 20 36 40 39
1 2 3 4 5 6 7 32 33 10 34 35 13 14 15 16 17 18 19 20 24 37 38
1 2 3 4 5 6 7 32 33 10 34 35 13 14 15 16 17 18 19 20 24 37 39
1 2 3 4 5 6 7 32 33 10 34 35 13 14 15 16 17 18 19 20 24 40 38
1 2 3 4 5 6 7 32 33 10 34 35 13 14 15 16 17 18 19 20 24 40 39
1 2 3 4 5 6 7 32 33 41 34 35 13 14 15 16 17 18 19 20 36 37 38
1 2 3 4 5 6 7 32 33 41 34 35 13 14 15 16 17 18 19 20 36 37 39
1 2 3 4 5 6 7 32 33 41 34 35 13 14 15 16 17 18 19 20 36 40 38
1 2 3 4 5 6 7 32 33 41 34 35 13 14 15 16 17 18 19 20 36 40 39
1 2 3 4 5 6 7 32 33 41 34 35 13 14 15 16 17 18 19 20 24 37 38
1 2 3 4 5 6 7 32 33 41 34 35 13 14 15 16 17 18 19 20 24 37 39
1 2 3 4 5 6 7 32 33 41 34 35 13 14 15 16 17 18 19 20 24 40 38
1 2 3 4 5 6 7 32 33 41 34 35 13 14 15 16 17 18 19 20 24 40 39
1 2 3 4 5 6 7 32 33 42 34 35 13 14 15 16 17 18 19 20 36 37 38
1 2 3 4 5 6 7 32 33 42 34 35 13 14 15 16 17 18 19 20 36 37 39
1 2 3 4 5 6 7 32 33 42 34 35 13 14 15 16 17 18 19 20 36 40 38
1 2 3 4 5 6 7 32 33 42 34 35 13 14 15 16 17 18 19 20 36 40 39
1 2 3 4 5 6 7 32 33 42 34 35 13 14 15 16 17 18 19 20 24 37 38
1 2 3 4 5 6 7 32 33 42 34 35 13 14 15 16 17 18 19 20 24 37 39
1 2 3 4 5 6 7 32 33 42 34 35 13 14 15 16 17 18 19 20 24 40 38
1 2 3 4 5 6 7 32 33 42 34 35 13 14 15 16 17 18 19 20 24 40 39
1 2 3 4 5 6 7 32 33 26 34 35 13 14 15 16 17 18 19 20 36 37 38
1 2 3 4 5 6 7 32 33 26 34 35 13 14 15 16 17 18 19 20 36 37 39
1 2 3 4 5 6 7 32 33 26 34 35 13 14 15 16 17 18 19 20 36 40 38
1 2 3 4 5 6 7 32 33 26 34 35 13 14 15 16 17 18 19 20 36 40 39
1 2 3 4 5 6 7 32 33 26 34 35 13 14 15 16 17 18 19 20 24 37 38
1 2 3 4 5 6 7 32 33 26 34 35 13 14 15 16 17 18 19 20 24 37 39
1 2 3 4 5 6 7 32 33 26 34 35 13 14 15 16 17 18 19 20 24 40 38
1 2 3 4 5 6 7 32 33 26 34 35 13 14 15 16 17 18 19 20 24 40 39
1 2 3 4 5 27 7 32 33 10 34 35 13 14 15 16 17 18 19 20 36 37 38
1 2 3 4 5 27 7 32 33 10 34 35 13 14 15 16 17 18 19 20 36 37 39
1 2 3 4 5 27 7 32 33 10 34 35 13 14 15 16 17 18 19 20 36 40 38
1 2 3 4 5 27 7 32 33 10 34 35 13 14 15 16 17 18 19 20 36 40 39
1 2 3 4 5 27 7 32 33 10 34 35 13 14 15 16 17 18 19 20 24 37 38
1 2 3 4 5 27 7 32 33 10 34 35 13 14 15 16 17 18 19 20 24 37 39
1 2 3 4 5 27 7 32 33 10 34 35 13 14 15 16 17 18 19 20 24 40 38
1 2 3 4 5 27 7 32 33 10 34 35 13 14 15 16 17 18 19 20 24 40 39
1 2 3 4 5 27 7 32 33 41 34 35 13 14 15 16 17 18 19 20 36 37 38
1 2 3 4 5 27 7 32 33 41 34 35 13 14 15 16 17 18 19 20 36 37 39
1 2 3 4 5 27 7 32 33 41 34 35 13 14 15 16 17 18 19 20 36 40 38
1 2 3 4 5 27 7 32 33 41 34 35 13 14 15 16 17 18 19 20 36 40 39
1 2 3 4 5 27 7 32 33 41 34 35 13 14 15 16 17 18 19 20 24 37 38
1 2 3 4 5 27 7 32 33 41 34 35 13 14 15 16 17 18 19 20 24 37 39
1 2 3 4 5 27 7 32 33 41 34 35 13 14 15 16 17 18 19 20 24 40 38
1 2 3 4 5 27 7 32 33 41 34 35 13 14 15 16 17 18 19 20 24 40 39
1 2 3 4 5 27 7 32 33 42 34 35 13 14 15 16 17 18 19 20 36 37 38
1 2 3 4 5 27 7 32 33 42 34 35 13 14 15 16 17 18 19 20 36 37 39
1 2 3 4 5 27 7 32 33 42 34 35 13 14 15 16 17 18 19 20 36 40 38
1 2 3 4 5 27 7 32 33 42 34 35 13 14 15 16 17 18 19 20 36 40 39
1 2 3 4 5 27 7 32 33 42 34 35 13 14 15 16 17 18 19 20 24 37 38
1 2 3 4 5 27 7 32 33 42 34 35 13 14 15 16 17 18 19 20 24 37 39
1 2 3 4 5 27 7 32 33 42 34 35 13 14 15 16 17 18 19 20 24 40 38
1 2 3 4 5 27 7 32 33 42 34 35 13 14 15 16 17 18 19 20 24 40 39
1 2 3 4 5 27 7 32 33 26 34 35 13 14 15 16 17 18 19 20 36 37 38
1 2 3 4 5 27 7 32 33 26 34 35 13 14 15 16 17 18 19 20 36 37 39
1 2 3 4 5 27 7 32 33 26 34 35 13 14 15 16 17 18 19 20 36 40 38
1 2 3 4 5 27 7 32 33 26 34 35 13 14 15 16 17 18 19 20 36 40 39
1 2 3 4 5 27 7 32 33 26 34 35 13 14 15 16 17 18 19 20 24 37 38
1 2 3 4 5 27 7 32 33 26 34 35 13 14 15 16 17 18 19 20 24 37 39
1 2 3 4 5 27 7 32 33 26 34 35 13 14 15 16 17 18 19 20 24 40 38
1 2 3 4 5 27 7 32 33 26 34 35 13 14 15 16 17 18 19 20 24 40 39
1 2 3 28 5 6 7 32 33 10 34 35 13 14 15 16 17 18 19 20 36 37 38
1 2 3 28 5 6 7 32 33 10 34 35 13 14 15 16 17 18 19 20 36 37 39
1 2 3 28 5 6 7 32 33 10 34 35 13 14 15 16 17 18 19 20 36 40 38
1 2 3 28 5 6 7 32 33 10 34 35 13 14 15 16 17 18 19 20 36 40 39
1 2 3 28 5 6 7 32 33 10 34 35 13 14 15 16 17 18 19 20 24 37 38
1 2 3 28 5 6 7 32 33 10 34 35 13 14 15 16 17 18 19 20 24 37 39
1 2 3 28 5 6 7 32 33 10 34 35 13 14 15 16 17 18 19 20 24 40 38
1 2 3 28 5 6 7 32 33 10 34 35 13 14 15 16 17 18 19 20 24 40 39
1 2 3 28 5 6 7 32 33 41 34 35 13 14 15 16 17 18 19 20 36 37 38
1 2 3 28 5 6 7 32 33 41 34 35 13 14 15 16 17 18 19 20 36 37 39
1 2 3 28 5 6 7 32 33 41 34 35 13 14 15 16 17 18 19 20 36 40 38
1 2 3 28 5 6 7 32 33 41 34 35 13 14 15 16 17 18 19 20 36 40 39
1 2 3 28 5 6 7 32 33 41 34 35 13 14 15 16 17 18 19 20 24 37 38
1 2 3 28 5 6 7 32 33 41 34 35 13 14 15 16 17 18 19 20 24 37 39
1 2 3 28 5 6 7 32 33 41 34 35 13 14 15 16 17 18 19 20 24 40 38
1 2 3 28 5 6 7 32 33 41 34 35 13 14 15 16 17 18 19 20 24 40 39
1 2 3 28 5 6 7 32 33 42 34 35 13 14 15 16 17 18 19 20 36 37 38
1 2 3 28 5 6 7 32 33 42 34 35 13 14 15 16 17 18 19 20 36 37 39
1 2 3 28 5 6 7 32 33 42 34 35 13 14 15 16 17 18 19 20 36 40 38
1 2 3 28 5 6 7 32 33 42 34 35 13 14 15 16 17 18 19 20 36 40 39
1 2 3 28 5 6 7 32 33 42 34 35 13 14 15 16 17 18 19 20 24 37 38
1 2 3 28 5 6 7 32 33 42 34 35 13 14 15 16 17 18 19 20 24 37 39
1 2 3 28 5 6 7 32 33 42 34 35 13 14 15 16 17 18 19 20 24 40 38
1 2 3 28 5 6 7 32 33 42 34 35 13 14 15 16 17 18 19 20 24 40 39
1 2 3 28 5 6 7 32 33 26 34 35 13 14 15 16 17 18 19 20 36 37 38
1 2 3 28 5 6 7 32 33 26 34 35 13 14 15 16 17 18 19 20 36 37 39
1 2 3 28 5 6 7 32 33 26 34 35 13 14 15 16 17 18 19 20 36 40 38
1 2 3 28 5 6 7 32 33 26 34 35 13 14 15 16 17 18 19 20 36 40 39
1 2 3 28 5 6 7 32 33 26 34 35 13 14 15 16 17 18 19 20 24 37 38
1 2 3 28 5 6 7 32 33 26 34 35 13 14 15 16 17 18 19 20 24 37 39
1 2 3 28 5 6 7 32 33 26 34 35 13 14 15 16 17 18 19 20 24 40 38
1 2 3 28 5 6 7 32 33 26 34 35 13 14 15 16 17 18 19 20 24 40 39
1 2 3 28 5 27 7 32 33 10 34 35 13 14 15 16 17 18 19 20 36 37 38
1 2 3 28 5 27 7 32 33 10 34 35 13 14 15 16 17 18 19 20 36 37 39
1 2 3 28 5 27 7 32 33 10 34 35 13 14 15 16 17 18 19 20 36 40 38
1 2 3 28 5 27 7 32 33 10 34 35 13 14 15 16 17 18 19 20 36 40 39
1 2 3 28 5 27 7 32 33 10 34 35 13 14 15 16 17 18 19 20 24 37 38
1 2 3 28 5 27 7 32 33 10 34 35 13 14 15 16 17 18 19 20 24 37 39
1 2 3 28 5 27 7 32 33 10 34 35 13 14 15 16 17 18 19 20 24 40 38
1 2 3 28 5 27 7 32 33 10 34 35 13 14 15 16 17 18 19 20 24 40 39
1 2 3 28 5 27 7 32 33 41 34 35 13 14 15 16 17 18 19 20 36 37 38
1 2 3 28 5 27 7 32 33 41 34 35 13 14 15 16 17 18 19 20 36 37 39
1 2 3 28 5 27 7 32 33 41 34 35 13 14 15 16 17 18 19 20 36 40 38
1 2 3 28 5 27 7 32 33 41 34 35 13 14 15 16 17 18 19 20 36 40 39
1 2 3 28 5 27 7 32 33 41 34 35 13 14 15 16 17 18 19 20 24 37 38
1 2 3 28 5 27 7 32 33 41 34 35 13 14 15 16 17 18 19 20 24 37 39
1 2 3 28 5 27 7 32 33 41 34 35 13 14 15 16 17 18 19 20 24 40 38
1 2 3 28 5 27 7 32 33 41 34 35 13 14 15 16 17 18 19 20 24 40 39
1 2 3 28 5 27 7 32 33 42 34 35 13 14 15 16 17 18 19 20 36 37 38
1 2 3 28 5 27 7 32 33 42 34 35 13 14 15 16 17 18 19 20 36 37 39
1 2 3 28 5 27 7 32 33 42 34 35 13 14 15 16 17 18 19 20 36 40 38
1 2 3 28 5 27 7 32 33 42 34 35 13 14 15 16 17 18 19 20 36 40 39
1 2 3 28 5 27 7 32 33 42 34 35 13 14 15 16 17 18 19 20 24 37 38
1 2 3 28 5 27 7 32 33 42 34 35 13 14 15 16 17 18 19 20 24 37 39
1 2 3 28 5 27 7 32 33 42 34 35 13 14 15 16 17 18 19 20 24 40 38
1 2 3 28 5 27 7 32 33 42 34 35 13 14 15 16 17 18 19 20 24 40 39
1 2 3 28 5 27 7 32 33 26 34 35 13 14 15 16 17 18 19 20 36 37 38
1 2 3 28 5 27 7 32 33 26 34 35 13 14 15 16 17 18 19 20 36 37 39
1 2 3 28 5 27 7 32 33 26 34 35 13 14 15 16 17 18 19 20 36 40 38
1 2 3 28 5 27 7 32 33 26 34 35 13 14 15 16 17 18 19 20 36 40 39
1 2 3 28 5 27 7 32 33 26 34 35 13 14 15 16 17 18 19 20 24 37 38
1 2 3 28 5 27 7 32 33 26 34 35 13 14 15 16 17 18 19 20 24 37 39
1 2 3 28 5 27 7 32 33 26 34 35 13 14 15 16 17 18 19 20 24 40 38
1 2 3 28 5 27 7 32 33 26 34 35 13 14 15 16 17 18 19 20 24 40 39
1 2 43 4 5 6 7 32 33 10 34 35 13 14 15 16 17 18 19 20 36 37 38
1 2 43 4 5 6 7 32 33 10 34 35 13 14 15 16 17 18 19 20 36 37 39
1 2 43 4 5 6 7 32 33 10 34 35 13 14 15 16 17 18 19 20 36 40 38
1 2 43 4 5 6 7 32 33 10 34 35 13 14 15 16 17 18 19 20 36 40 39
1 2 43 4 5 6 7 32 33 10 34 35 13 14 15 16 17 18 19 20 24 37 38
1 2 43 4 5 6 7 32 33 10 34 35 13 14 15 16 17 18 19 20 24 37 39
1 2 43 4 5 6 7 32 33 10 34 35 13 14 15 16 17 18 19 20 24 40 38
1 2 43 4 5 6 7 32 33 10 34 35 13 14 15 16 17 18 19 20 24 40 39
1 2 43 4 5 6 7 32 33 41 34 35 13 14 15 16 17 18 19 20 36 37 38
1 2 43 4 5 6 7 32 33 41 34 35 13 14 15 16 17 18 19 20 36 37 39
1 2 43 4 5 6 7 32 33 41 34 35 13 14 15 16 17 18 19 20 36 40 38
1 2 43 4 5 6 7 32 33 41 34 35 13 14 15 16 17 18 19 20 36 40 39
1 2 43 4 5 6 7 32 33 41 34 35 13 14 15 16 17 18 19 20 24 37 38
1 2 43 4 5 6 7 32 33 41 34 35 13 14 15 16 17 18 19 20 24 37 39
1 2 43 4 5 6 7 32 33 41 34 35 13 14 15 16 17 18 19 20 24 40 38
1 2 43 4 5 6 7 32 33 41 34 35 13 14 15 16 17 18 19 20 24 40 39
1 2 43 4 5 6 7 32 33 42 34 35 13 14 15 16 17 18 19 20 36 37 38
1 2 43 4 5 6 7 32 33 42 34 35 13 14 15 16 17 18 19 20 36 37 39
1 2 43 4 5 6 7 32 33 42 34 35 13 14 15 16 17 18 19 20 36 40 38
1 2 43 4 5 6 7 32 33 42 34 35 13 14 15 16 17 18 19 20 36 40 39
1 2 43 4 5 6 7 32 33 42 34 35 13 14 15 16 17 18 19 20 24 37 38
1 2 43 4 5 6 7 32 33 42 34 35 13 14 15 16 17 18 19 20 24 37 39
1 2 43 4 5 6 7 32 33 42 34 35 13 14 15 16 17 18 19 20 24 40 38
1 2 43 4 5 6 7 32 33 42 34 35 13 14 15 16 17 18 19 20 24 40 39
1 2 43 4 5 6 7 32 33 26 34 35 13 14 15 16 17 18 19 20 36 37 38
1 2 43 4 5 6 7 32 33 26 34 35 13 14 15 16 17 18 19 20 36 37 39
1 2 43 4 5 6 7 32 33 26 34 35 13 14 15 16 17 18 19 20 36 40 38
1 2 43 4 5 6 7 32 33 26 34 35 13 14 15 16 17 18 19 20 36 40 39
1 2 43 4 5 6 7 32 33 26 34 35 13 14 15 16 17 18 19 20 24 37 38
1 2 43 4 5 6 7 32 33 26 34 35 13 14 15 16 17 18 19 20 24 37 39
1 2 43 4 5 6 7 32 33 26 34 35 13 14 15 16 17 18 19 20 24 40 38
1 2 43 4 5 6 7 32 33 26 34 35 13 14 15 16 17 18 19 20 24 40 39
1 2 43 4 5 27 7 32 33 10 34 35 13 14 15 16 17 18 19 20 36 37 38
1 2 43 4 5 27 7 32 33 10 34 35 13 14 15 16 17 18 19 20 36 37 39
1 2 43 4 5 27 7 32 33 10 34 35 13 14 15 16 17 18 19 20 36 40 38
1 2 43 4 5 27 7 32 33 10 34 35 13 14 15 16 17 18 19 20 36 40 39
1 2 43 4 5 27 7 32 33 10 34 35 13 14 15 16 17 18 19 20 24 37 38
1 2 43 4 5 27 7 32 33 10 34 35 13 14 15 16 17 18 19 20 24 37 39
1 2 43 4 5 27 7 32 33 10 34 35 13 14 15 16 17 18 19 20 24 40 38
1 2 43 4 5 27 7 32 33 10 34 35 13 14 15 16 17 18 19 20 24 40 39
1 2 43 4 5 27 7 32 33 41 34 35 13 14 15 16 17 18 19 20 36 37 38
1 2 43 4 5 27 7 32 33 41 34 35 13 14 15 16 17 18 19 20 36 37 39
1 2 43 4 5 27 7 32 33 41 34 35 13 14 15 16 17 18 19 20 36 40 38
1 2 43 4 5 27 7 32 33 41 34 35 13 14 15 16 17 18 19 20 36 40 39
1 2 43 4 5 27 7 32 33 41 34 35 13 14 15 16 17 18 19 20 24 37 38
1 2 43 4 5 27 7 32 33 41 34 35 13 14 15 16 17 18 19 20 24 37 39
1 2 43 4 5 27 7 32 33 41 34 35 13 14 15 16 17 18 19 20 24 40 38
1 2 43 4 5 27 7 32 33 41 34 35 13 14 15 16 17 18 19 20 24 40 39
1 2 43 4 5 27 7 32 33 42 34 35 13 14 15 16 17 18 19 20 36 37 38
1 2 43 4 5 27 7 32 33 42 34 35 13 14 15 16 17 18 19 20 36 37 39
1 2 43 4 5 27 7 32 33 42 34 35 13 14 15 16 17 18 19 20 36 40 38
1 2 43 4 5 27 7 32 33 42 34 35 13 14 15 16 17 18 19 20 36 40 39
1 2 43 4 5 27 7 32 33 42 34 35 13 14 15 16 17 18 19 20 24 37 38
1 2 43 4 5 27 7 32 33 42 34 35 13 14 15 16 17 18 19 20 24 37 39
1 2 43 4 5 27 7 32 33 42 34 35 13 14 15 16 17 18 19 20 24 40 38
1 2 43 4 5 27 7 32 33 42 34 35 13 14 15 16 17 18 19 20 24 40 39
1 2 43 4 5 27 7 32 33 26 34 35 13 14 15 16 17 18 19 20 36 37 38
1 2 43 4 5 27 7 32 33 26 34 35 13 14 15 16 17 18 19 20 36 37 39
1 2 43 4 5 27 7 32 33 26 34 35 13 14 15 16 17 18 19 20 36 40 38
1 2 43 4 5 27 7 32 33 26 34 35 13 14 15 16 17 18 19 20 36 40 39
1 2 43 4 5 27 7 32 33 26 34 35 13 14 15 16 17 18 19 20 24 37 38
1 2 43 4 5 27 7 32 33 26 34 35 13 14 15 16 17 18 19 20 24 37 39
1 2 43 4 5 27 7 32 33 26 34 35 13 14 15 16 17 18 19 20 24 40 38
1 2 43 4 5 27 7 32 33 26 34 35 13 14 15 16 17 18 19 20 24 40 39
1 2 43 28 5 6 7 32 33 10 34 35 13 14 15 16 17 18 19 20 36 37 38
1 2 43 28 5 6 7 32 33 10 34 35 13 14 15 16 17 18 19 20 36 37 39
1 2 43 28 5 6 7 32 33 10 34 35 13 14 15 16 17 18 19 20 36 40 38
1 2 43 28 5 6 7 32 33 10 34 35 13 14 15 16 17 18 19 20 36 40 39
1 2 43 28 5 6 7 32 33 10 34 35 13 14 15 16 17 18 19 20 24 37 38
1 2 43 28 5 6 7 32 33 10 34 35 13 14 15 16 17 18 19 20 24 37 39
1 2 43 28 5 6 7 32 33 10 34 35 13 14 15 16 17 18 19 20 24 40 38
1 2 43 28 5 6 7 32 33 10 34 35 13 14 15 16 17 18 19 20 24 40 39
1 2 43 28 5 6 7 32 33 41 34 35 13 14 15 16 17 18 19 20 36 37 38
1 2 43 28 5 6 7 32 33 41 34 35 13 14 15 16 17 18 19 20 36 37 39
1 2 43 28 5 6 7 32 33 41 34 35 13 14 15 16 17 18 19 20 36 40 38
1 2 43 28 5 6 7 32 33 41 34 35 13 14 15 16 17 18 19 20 36 40 39
1 2 43 28 5 6 7 32 33 41 34 35 13 14 15 16 17 18 19 20 24 37 38
1 2 43 28 5 6 7 32 33 41 34 35 13 14 15 16 17 18 19 20 24 37 39
1 2 43 28 5 6 7 32 33 41 34 35 13 14 15 16 17 18 19 20 24 40 38
1 2 43 28 5 6 7 32 33 41 34 35 13 14 15 16 17 18 19 20 24 40 39
1 2 43 28 5 6 7 32 33 42 34 35 13 14 15 16 17 18 19 20 36 37 38
1 2 43 28 5 6 7 32 33 42 34 35 13 14 15 16 17 18 19 20 36 37 39
1 2 43 28 5 6 7 32 33 42 34 35 13 14 15 16 17 18 19 20 36 40 38
1 2 43 28 5 6 7 32 33 42 34 35 13 14 15 16 17 18 19 20 36 40 39
1 2 43 28 5 6 7 32 33 42 34 35 13 14 15 16 17 18 19 20 24 37 38
1 2 43 28 5 6 7 32 33 42 34 35 13 14 15 16 17 18 19 20 24 37 39
1 2 43 28 5 6 7 32 33 42 34 35 13 14 15 16 17 18 19 20 24 40 38
1 2 43 28 5 6 7 32 33 42 34 35 13 14 15 16 17 18 19 20 24 40 39
1 2 43 28 5 6 7 32 33 26 34 35 13 14 15 16 17 18 19 20 36 37 38
1 2 43 28 5 6 7 32 33 26 34 35 13 14 15 16 17 18 19 20 36 37 39
1 2 43 28 5 6 7 32 33 26 34 35 13 14 15 16 17 18 19 20 36 40 38
1 2 43 28 5 6 7 32 33 26 34 35 13 14 15 16 17 18 19 20 36 40 39
1 2 43 28 5 6 7 32 33 26 34 35 13 14 15 16 17 18 19 20 24 37 38
1 2 43 28 5 6 7 32 33 26 34 35 13 14 15 16 17 18 19 20 24 37 39
1 2 43 28 5 6 7 32 33 26 34 35 13 14 15 16 17 18 19 20 24 40 38
1 2 43 28 5 6 7 32 33 26 34 35 13 14 15 16 17 18 19 20 24 40 39
1 2 43 28 5 27 7 32 33 10 34 35 13 14 15 16 17 18 19 20 36 37 38
1 2 43 28 5 27 7 32 33 10 34 35 13 14 15 16 17 18 19 20 36 37 39
1 2 43 28 5 27 7 32 33 10 34 35 13 14 15 16 17 18 19 20 36 40 38
1 2 43 28 5 27 7 32 33 10 34 35 13 14 15 16 17 18 19 20 36 40 39
1 2 43 28 5 27 7 32 33 10 34 35 13 14 15 16 17 18 19 20 24 37 38
1 2 43 28 5 27 7 32 33 10 34 35 13 14 15 16 17 18 19 20 24 37 39
1 2 43 28 5 27 7 32 33 10 34 35 13 14 15 16 17 18 19 20 24 40 38
1 2 43 28 5 27 7 32 33 10 34 35 13 14 15 16 17 18 19 20 24 40 39
1 2 43 28 5 27 7 32 33 41 34 35 13 14 15 16 17 18 19 20 36 37 38
1 2 43 28 5 27 7 32 33 41 34 35 13 14 15 16 17 18 19 20 36 37 39
1 2 43 28 5 27 7 32 33 41 34 35 13 14 15 16 17 18 19 20 36 40 38
1 2 43 28 5 27 7 32 33 41 34 35 13 14 15 16 17 18 19 20 36 40 39
1 2 43 28 5 27 7 32 33 41 34 35 13 14 15 16 17 18 19 20 24 37 38
1 2 43 28 5 27 7 32 33 41 34 35 13 14 15 16 17 18 19 20 24 37 39
1 2 43 28 5 27 7 32 33 41 34 35 13 14 15 16 17 18 19 20 24 40 38
1 2 43 28 5 27 7 32 33 41 34 35 13 14 15 16 17 18 19 20 24 40 39
1 2 43 28 5 27 7 32 33 42 34 35 13 14 15 16 17 18 19 20 36 37 38
1 2 43 28 5 27 7 32 33 42 34 35 13 14 15 16 17 18 19 20 36 37 39
1 2 43 28 5 27 7 32 33 42 34 35 13 14 15 16 17 18 19 20 36 40 38
1 2 43 28 5 27 7 32 33 42 34 35 13 14 15 16 17 18 19 20 36 40 39
1 2 43 28 5 27 7 32 33 42 34 35 13 14 15 16 17 18 19 20 24 37 38
1 2 43 28 5 27 7 32 33 42 34 35 13 14 15 16 17 18 19 20 24 37 39
1 2 43 28 5 27 7 32 33 42 34 35 13 14 15 16 17 18 19 20 24 40 38
1 2 43 28 5 27 7 32 33 42 34 35 13 14 15 16 17 18 19 20 24 40 39
1 2 43 28 5 27 7 32 33 26 34 35 13 14 15 16 17 18 19 20 36 37 38
1 2 43 28 5 27 7 32 33 26 34 35 13 14 15 16 17 18 19 20 36 37 39
1 2 43 28 5 27 7 32 33 26 34 35 13 14 15 16 17 18 19 20 36 40 38
1 2 43 28 5 27 7 32 33 26 34 35 13 14 15 16 17 18 19 20 36 40 39
1 2 43 28 5 27 7 32 33 26 34 35 13 14 15 16 17 18 19 20 24 37 38
1 2 43 28 5 27 7 32 33 26 34 35 13 14 15 16 17 18 19 20 24 37 39
1 2 43 28 5 27 7 32 33 26 34 35 13 14 15 16 17 18 19 20 24 40 38
1 2 43 28 5 27 7 32 33 26 34 35 13 14 15 16 17 18 19 20 24 40 39
1 2 43 28 5 6 7 32 33 10 34 44 13 45 15 16 17 18 19 20 36 46 39
1 2 43 28 5 6 7 32 33 10 34 44 13 45 15 16 17 18 19 20 36 46 47
1 2 43 28 5 6 7 32 33 10 34 44 13 45 15 16 17 18 19 20 36 37 39
1 2 43 28 5 6 7 32 33 10 34 44 13 45 15 16 17 18 19 20 36 37 47
1 2 43 28 5 6 7 32 33 10 34 44 13 45 15 16 17 18 19 20 24 46 39
1 2 43 28 5 6 7 32 33 10 34 44 13 45 15 16 17 18 19 20 24 46 47
1 2 43 28 5 6 7 32 33 10 34 44 13 45 15 16 17 18 19 20 24 37 39
1 2 43 28 5 6 7 32 33 10 34 44 13 45 15 16 17 18 19 20 24 37 47
1 2 43 28 5 6 7 32 33 25 34 44 13 45 15 16 17 18 19 20 36 46 39
1 2 43 28 5 6 7 32 33 25 34 44 13 45 15 16 17 18 19 20 36 46 47
1 2 43 28 5 6 7 32 33 25 34 44 13 45 15 16 17 18 19 20 36 37 39
1 2 43 28 5 6 7 32 33 25 34 44 13 45 15 16 17 18 19 20 36 37 47
1 2 43 28 5 6 7 32 33 25 34 44 13 45 15 16 17 18 19 20 24 46 39
1 2 43 28 5 6 7 32 33 25 34 44 13 45 15 16 17 18 19 20 24 46 47
1 2 43 28 5 6 7 32 33 25 34 44 13 45 15 16 17 18 19 20 24 37 39
1 2 43 28 5 6 7 32 33 25 34 44 13 45 15 16 17 18 19 20 24 37 47
1 2 43 28 5 6 7 32 33 26 34 44 13 45 15 16 17 18 19 20 36 46 39
1 2 43 28 5 6 7 32 33 26 34 44 13 45 15 16 17 18 19 20 36 46 47
1 2 43 28 5 6 7 32 33 26 34 44 13 45 15 16 17 18 19 20 36 37 39
1 2 43 28 5 6 7 32 33 26 34 44 13 45 15 16 17 18 19 20 36 37 47
1 2 43 28 5 6 7 32 33 26 34 44 13 45 15 16 17 18 19 20 24 46 39
1 2 43 28 5 6 7 32 33 26 34 44 13 45 15 16 17 18 19 20 24 46 47
1 2 43 28 5 6 7 32 33 26 34 44 13 45 15 16 17 18 19 20 24 37 39
1 2 43 28 5 6 7 32 33 26 34 44 13 45 15 16 17 18 19 20 24 37 47
1 2 43 28 5 27 7 32 33 10 34 44 13 45 15 16 17 18 19 20 36 46 39
1 2 43 28 5 27 7 32 33 10 34 44 13 45 15 16 17 18 19 20 36 46 47
1 2 43 28 5 27 7 32 33 10 34 44 13 45 15 16 17 18 19 20 36 37 39
1 2 43 28 5 27 7 32 33 10 34 44 13 45 15 16 17 18 19 20 36 37 47
1 2 43 28 5 27 7 32 33 10 34 44 13 45 15 16 17 18 19 20 24 46 39
1 2 43 28 5 27 7 32 33 10 34 44 13 45 15 16 17 18 19 20 24 46 47
1 2 43 28 5 27 7 32 33 10 34 44 13 45 15 16 17 18 19 20 24 37 39
1 2 43 28 5 27 7 32 33 10 34 44 13 45 15 16 17 18 19 20 24 37 47
1 2 43 28 5 27 7 32 33 25 34 44 13 45 15 16 17 18 19 20 36 46 39
1 2 43 28 5 27 7 32 33 25 34 44 13 45 15 16 17 18 19 20 36 46 47
1 2 43 28 5 27 7 32 33 25 34 44 13 45 15 16 17 18 19 20 36 37 39
1 2 43 28 5 27 7 32 33 25 34 44 13 45 15 16 17 18 19 20 36 37 47
1 2 43 28 5 27 7 32 33 25 34 44 13 45 15 16 17 18 19 20 24 46 39
1 2 43 28 5 27 7 32 33 25 34 44 13 45 15 16 17 18 19 20 24 46 47
1 2 43 28 5 27 7 32 33 25 34 44 13 45 15 16 17 18 19 20 24 37 39
1 2 43 28 5 27 7 32 33 25 34 44 13 45 15 16 17 18 19 20 24 37 47
1 2 43 28 5 27 7 32 33 26 34 44 13 45 15 16 17 18 19 20 36 46 39
1 2 43 28 5 27 7 32 33 26 34 44 13 45 15 16 17 18 19 20 36 46 47
1 2 43 28 5 27 7 32 33 26 34 44 13 45 15 16 17 18 19 20 36 37 39
1 2 43 28 5 27 7 32 33 26 34 44 13 45 15 16 17 18 19 20 36 37 47
1 2 43 28 5 27 7 32 33 26 34 44 13 45 15 16 17 18 19 20 24 46 39
1 2 43 28 5 27 7 32 33 26 34 44 13 45 15 16 17 18 19 20 24 46 47
1 2 43 28 5 27 7 32 33 26 34 44 13 45 15 16 17 18 19 20 24 37 39
1 2 43 28 5 27 7 32 33 26 34 44 13 45 15 16 17 18 19 20 24 37 47
1 2 43 48 5 6 7 32 33 10 34 44 13 45 15 16 17 18 19 20 36 46 39
1 2 43 48 5 6 7 32 33 10 34 44 13 45 15 16 17 18 19 20 36 46 47
1 2 43 48 5 6 7 32 33 10 34 44 13 45 15 16 17 18 19 20 36 37 39
1 2 43 48 5 6 7 32 33 10 34 44 13 45 15 16 17 18 19 20 36 37 47
1 2 43 48 5 6 7 32 33 10 34 44 13 45 15 16 17 18 19 20 24 46 39
1 2 43 48 5 6 7 32 33 10 34 44 13 45 15 16 17 18 19 20 24 46 47
1 2 43 48 5 6 7 32 33 10 34 44 13 45 15 16 17 18 19 20 24 37 39
1 2 43 48 5 6 7 32 33 10 34 44 13 45 15 16 17 18 19 20 24 37 47
1 2 43 48 5 6 7 32 33 25 34 44 13 45 15 16 17 18 19 20 36 46 39
1 2 43 48 5 6 7 32 33 25 34 44 13 45 15 16 17 18 19 20 36 46 47
1 2 43 48 5 6 7 32 33 25 34 44 13 45 15 16 17 18 19 20 36 37 39
1 2 43 48 5 6 7 32 33 25 34 44 13 45 15 16 17 18 19 20 36 37 47
1 2 43 48 5 6 7 32 33 25 34 44 13 45 15 16 17 18 19 20 24 46 39
1 2 43 48 5 6 7 32 33 25 34 44 13 45 15 16 17 18 19 20 24 46 47
1 2 43 48 5 6 7 32 33 25 34 44 13 45 15 16 17 18 19 20 24 37 39
1 2 43 48 5 6 7 32 33 25 34 44 13 45 15 16 17 18 19 20 24 37 47
1 2 43 48 5 6 7 32 33 26 34 44 13 45 15 16 17 18 19 20 36 46 39
1 2 43 48 5 6 7 32 33 26 34 44 13 45 15 16 17 18 19 20 36 46 47
1 2 43 48 5 6 7 32 33 26 34 44 13 45 15 16 17 18 19 20 36 37 39
1 2 43 48 5 6 7 32 33 26 34 44 13 45 15 16 17 18 19 20 36 37 47
1 2 43 48 5 6 7 32 33 26 34 44 13 45 15 16 17 18 19 20 24 46 39
1 2 43 48 5 6 7 32 33 26 34 44 13 45 15 16 17 18 19 20 24 46 47
1 2 43 48 5 6 7 32 33 26 34 44 13 45 15 16 17 18 19 20 24 37 39
1 2 43 48 5 6 7 32 33 26 34 44 13 45 15 16 17 18 19 20 24 37 47
1 2 43 48 5 27 7 32 33 10 34 44 13 45 15 16 17 18 19 20 36 46 39
1 2 43 48 5 27 7 32 33 10 34 44 13 45 15 16 17 18 19 20 36 46 47
1 2 43 48 5 27 7 32 33 10 34 44 13 45 15 16 17 18 19 20 36 37 39
1 2 43 48 5 27 7 32 33 10 34 44 13 45 15 16 17 18 19 20 36 37 47
1 2 43 48 5 27 7 32 33 10 34 44 13 45 15 16 17 18 19 20 24 46 39
1 2 43 48 5 27 7 32 33 10 34 44 13 45 15 16 17 18 19 20 24 46 47
1 2 43 48 5 27 7 32 33 10 34 44 13 45 15 16 17 18 19 20 24 37 39
1 2 43 48 5 27 7 32 33 10 34 44 13 45 15 16 17 18 19 20 24 37 47
1 2 43 48 5 27 7 32 33 25 34 44 13 45 15 16 17 18 19 20 36 46 39
1 2 43 48 5 27 7 32 33 25 34 44 13 45 15 16 17 18 19 20 36 46 47
1 2 43 48 5 27 7 32 33 25 34 44 13 45 15 16 17 18 19 20 36 37 39
1 2 43 48 5 27 7 32 33 25 34 44 13 45 15 16 17 18 19 20 36 37 47
1 2 43 48 5 27 7 32 33 25 34 44 13 45 15 16 17 18 19 20 24 46 39
1 2 43 48 5 27 7 32 33 25 34 44 13 45 15 16 17 18 19 20 24 46 47
1 2 43 48 5 27 7 32 33 25 34 44 13 45 15 16 17 18 19 20 24 37 39
1 2 43 48 5 27 7 32 33 25 34 44 13 45 15 16 17 18 19 20 24 37 47
1 2 43 48 5 27 7 32 33 26 34 44 13 45 15 16 17 18 19 20 36 46 39
1 2 43 48 5 27 7 32 33 26 34 44 13 45 15 16 17 18 19 20 36 46 47
1 2 43 48 5 27 7 32 33 26 34 44 13 45 15 16 17 18 19 20 36 37 39
1 2 43 48 5 27 7 32 33 26 34 44 13 45 15 16 17 18 19 20 36 37 47
1 2 43 48 5 27 7 32 33 26 34 44 13 45 15 16 17 18 19 20 24 46 39
1 2 43 48 5 27 7 32 33 26 34 44 13 45 15 16 17 18 19 20 24 46 47
1 2 43 48 5 27 7 32 33 26 34 44 13 45 15 16 17 18 19 20 24 37 39
1 2 43 48 5 27 7 32 33 26 34 44 13 45 15 16 17 18 19 20 24 37 47
1 30 43 28 5 6 7 32 33 10 34 44 13 45 15 16 17 18 19 20 36 46 39
1 30 43 28 5 6 7 32 33 10 34 44 13 45 15 16 17 18 19 20 36 46 47
1 30 43 28 5 6 7 32 33 10 34 44 13 45 15 16 17 18 19 20 36 37 39
1 30 43 28 5 6 7 32 33 10 34 44 13 45 15 16 17 18 19 20 36 37 47
1 30 43 28 5 6 7 32 33 10 34 44 13 45 15 16 17 18 19 20 24 46 39
1 30 43 28 5 6 7 32 33 10 34 44 13 45 15 16 17 18 19 20 24 46 47
1 30 43 28 5 6 7 32 33 10 34 44 13 45 15 16 17 18 19 20 24 37 39
1 30 43 28 5 6 7 32 33 10 34 44 13 45 15 16 17 18 19 20 24 37 47
1 30 43 28 5 6 7 32 33 25 34 44 13 45 15 16 17 18 19 20 36 46 39
1 30 43 28 5 6 7 32 33 25 34 44 13 45 15 16 17 18 19 20 36 46 47
1 30 43 28 5 6 7 32 33 25 34 44 13 45 15 16 17 18 19 20 36 37 39
1 30 43 28 5 6 7 32 33 25 34 44 13 45 15 16 17 18 19 20 36 37 47
1 30 43 28 5 6 7 32 33 25 34 44 13 45 15 16 17 18 19 20 24 46 39
1 30 43 28 5 6 7 32 33 25 34 44 13 45 15 16 17 18 19 20 24 46 47
1 30 43 28 5 6 7 32 33 25 34 44 13 45 15 16 17 18 19 20 24 37 39
1 30 43 28 5 6 7 32 33 25 34 44 13 45 15 16 17 18 19 20 24 37 47
1 30 43 28 5 6 7 32 33 26 34 44 13 45 15 16 17 18 19 20 36 46 39
1 30 43 28 5 6 7 32 33 26 34 44 13 45 15 16 17 18 19 20 36 46 47
1 30 43 28 5 6 7 32 33 26 34 44 13 45 15 16 17 18 19 20 36 37 39
1 30 43 28 5 6 7 32 33 26 34 44 13 45 15 16 17 18 19 20 36 37 47
1 30 43 28 5 6 7 32 33 26 34 44 13 45 15 16 17 18 19 20 24 46 39
1 30 43 28 5 6 7 32 33 26 34 44 13 45 15 16 17 18 19 20 24 46 47
1 30 43 28 5 6 7 32 33 26 34 44 13 45 15 16 17 18 19 20 24 37 39
1 30 43 28 5 6 7 32 33 26 34 44 13 45 15 16 17 18 19 20 24 37 47
1 30 43 28 5 27 7 32 33 10 34 44 13 45 15 16 17 18 19 20 36 46 39
1 30 43 28 5 27 7 32 33 10 34 44 13 45 15 16 17 18 19 20 36 46 47
1 30 43 28 5 27 7 32 33 10 34 44 13 45 15 16 17 18 19 20 36 37 39
1 30 43 28 5 27 7 32 33 10 34 44 13 45 15 16 17 18 19 20 36 37 47
1 30 43 28 5 27 7 32 33 10 34 44 13 45 15 16 17 18 19 20 24 46 39
1 30 43 28 5 27 7 32 33 10 34 44 13 45 15 16 17 18 19 20 24 46 47
1 30 43 28 5 27 7 32 33 10 34 44 13 45 15 16 17 18 19 20 24 37 39
1 30 43 28 5 27 7 32 33 10 34 44 13 45 15 16 17 18 19 20 24 37 47
1 30 43 28 5 27 7 32 33 25 34 44 13 45 15 16 17 18 19 20 36 46 39
1 30 43 28 5 27 7 32 33 25 34 44 13 45 15 16 17 18 19 20 36 46 47
1 30 43 28 5 27 7 32 33 25 34 44 13 45 15 16 17 18 19 20 36 37 39
1 30 43 28 5 27 7 32 33 25 34 44 13 45 15 16 17 18 19 20 36 37 47
1 30 43 28 5 27 7 32 33 25 34 44 13 45 15 16 17 18 19 20 24 46 39
1 30 43 28 5 27 7 32 33 25 34 44 13 45 15 16 17 18 19 20 24 46 47
1 30 43 28 5 27 7 32 33 25 34 44 13 45 15 16 17 18 19 20 24 37 39
1 30 43 28 5 27 7 32 33 25 34 44 13 45 15 16 17 18 19 20 24 37 47
1 30 43 28 5 27 7 32 33 26 34 44 13 45 15 16 17 18 19 20 36 46 39
1 30 43 28 5 27 7 32 33 26 34 44 13 45 15 16 17 18 19 20 36 46 47
1 30 43 28 5 27 7 32 33 26 34 44 13 45 15 16 17 18 19 20 36 37 39
1 30 43 28 5 27 7 32 33 26 34 44 13 45 15 16 17 18 19 20 36 37 47
1 30 43 28 5 27 7 32 33 26 34 44 13 45 15 16 17 18 19 20 24 46 39
1 30 43 28 5 27 7 32 33 26 34 44 13 45 15 16 17 18 19 20 24 46 47
1 30 43 28 5 27 7 32 33 26 34 44 13 45 15 16 17 18 19 20 24 37 39
1 30 43 28 5 27 7 32 33 26 34 44 13 45 15 16 17 18 19 20 24 37 47
1 30 43 48 5 6 7 32 33 10 34 44 13 45 15 16 17 18 19 20 36 46 39
1 30 43 48 5 6 7 32 33 10 34 44 13 45 15 16 17 18 19 20 36 46 47
1 30 43 48 5 6 7 32 33 10 34 44 13 45 15 16 17 18 19 20 36 37 39
1 30 43 48 5 6 7 32 33 10 34 44 13 45 15 16 17 18 19 20 36 37 47
1 30 43 48 5 6 7 32 33 10 34 44 13 45 15 16 17 18 19 20 24 46 39
1 30 43 48 5 6 7 32 33 10 34 44 13 45 15 16 17 18 19 20 24 46 47
1 30 43 48 5 6 7 32 33 10 34 44 13 45 15 16 17 18 19 20 24 37 39
1 30 43 48 5 6 7 32 33 10 34 44 13 45 15 16 17 18 19 20 24 37 47
1 30 43 48 5 6 7 32 33 25 34 44 13 45 15 16 17 18 19 20 36 46 39
1 30 43 48 5 6 7 32 33 25 34 44 13 45 15 16 17 18 19 20 36 46 47
1 30 43 48 5 6 7 32 33 25 34 44 13 45 15 16 17 18 19 20 36 37 39
1 30 43 48 5 6 7 32 33 25 34 44 13 45 15 16 17 18 19 20 36 37 47
1 30 43 48 5 6 7 32 33 25 34 44 13 45 15 16 17 18 19 20 24 46 39
1 30 43 48 5 6 7 32 33 25 34 44 13 45 15 16 17 18 19 20 24 46 47
1 30 43 48 5 6 7 32 33 25 34 44 13 45 15 16 17 18 19 20 24 37 39
1 30 43 48 5 6 7 32 33 25 34 44 13 45 15 16 17 18 19 20 24 37 47
1 30 43 48 5 6 7 32 33 26 34 44 13 45 15 16 17 18 19 20 36 46 39
1 30 43 48 5 6 7 32 33 26 34 44 13 45 15 16 17 18 19 20 36 46 47
1 30 43 48 5 6 7 32 33 26 34 44 13 45 15 16 17 18 19 20 36 37 39
1 30 43 48 5 6 7 32 33 26 34 44 13 45 15 16 17 18 19 20 36 37 47
1 30 43 48 5 6 7 32 33 26 34 44 13 45 15 16 17 18 19 20 24 46 39
1 30 43 48 5 6 7 32 33 26 34 44 13 45 15 16 17 18 19 20 24 46 47
1 30 43 48 5 6 7 32 33 26 34 44 13 45 15 16 17 18 19 20 24 37 39
1 30 43 48 5 6 7 32 33 26 34 44 13 45 15 16 17 18 19 20 24 37 47
1 30 43 48 5 27 7 32 33 10 34 44 13 45 15 16 17 18 19 20 36 46 39
1 30 43 48 5 27 7 32 33 10 34 44 13 45 15 16 17 18 19 20 36 46 47
1 30 43 48 5 27 7 32 33 10 34 44 13 45 15 16 17 18 19 20 36 37 39
1 30 43 48 5 27 7 32 33 10 34 44 13 45 15 16 17 18 19 20 36 37 47
1 30 43 48 5 27 7 32 33 10 34 44 13 45 15 16 17 18 19 20 24 46 39
1 30 43 48 5 27 7 32 33 10 34 44 13 45 15 16 17 18 19 20 24 46 47
1 30 43 48 5 27 7 32 33 10 34 44 13 45 15 16 17 18 19 20 24 37 39
1 30 43 48 5 27 7 32 33 10 34 44 13 45 15 16 17 18 19 20 24 37 47
1 30 43 48 5 27 7 32 33 25 34 44 13 45 15 16 17 18 19 20 36 46 39
1 30 43 48 5 27 7 32 33 25 34 44 13 45 15 16 17 18 19 20 36 46 47
1 30 43 48 5 27 7 32 33 25 34 44 13 45 15 16 17 18 19 20 36 37 39
1 30 43 48 5 27 7 32 33 25 34 44 13 45 15 16 17 18 19 20 36 37 47
1 30 43 48 5 27 7 32 33 25 34 44 13 45 15 16 17 18 19 20 24 46 39
1 30 43 48 5 27 7 32 33 25 34 44 13 45 15 16 17 18 19 20 24 46 47
1 30 43 48 5 27 7 32 33 25 34 44 13 45 15 16 17 18 19 20 24 37 39
1 30 43 48 5 27 7 32 33 25 34 44 13 45 15 16 17 18 19 20 24 37 47
1 30 43 48 5 27 7 32 33 26 34 44 13 45 15 16 17 18 19 20 36 46 39
1 30 43 48 5 27 7 32 33 26 34 44 13 45 15 16 17 18 19 20 36 46 47
1 30 43 48 5 27 7 32 33 26 34 44 13 45 15 16 17 18 19 20 36 37 39
1 30 43 48 5 27 7 32 33 26 34 44 13 45 15 16 17 18 19 20 36 37 47
1 30 43 48 5 27 7 32 33 26 34 44 13 45 15 16 17 18 19 20 24 46 39
1 30 43 48 5 27 7 32 33 26 34 44 13 45 15 16 17 18 19 20 24 46 47
1 30 43 48 5 27 7 32 33 26 34 44 13 45 15 16 17 18 19 20 24 37 39
1 30 43 48 5 27 7 32 33 26 34 44 13 45 15 16 17 18 19 20 24 37 47
1 2 29 49 50 51 7 32 9 41 34 52 13 14 15 16 17 18 19 20 36 46 53
1 2 29 49 50 51 7 32 9 41 34 52 13 14 15 16 17 18 19 20 36 22 53
1 2 29 49 50 51 7 32 9 41 34 52 13 14 15 16 17 18 19 20 24 46 53
1 2 29 49 50 51 7 32 9 41 34 52 13 14 15 16 17 18 19 20 24 22 53
1 2 29 49 50 51 7 32 9 25 34 52 13 14 15 16 17 18 19 20 36 46 53
1 2 29 49 50 51 7 32 9 25 34 52 13 14 15 16 17 18 19 20 36 22 53
1 2 29 49 50 51 7 32 9 25 34 52 13 14 15 16 17 18 19 20 24 46 53
1 2 29 49 50 51 7 32 9 25 34 52 13 14 15 16 17 18 19 20 24 22 53
1 2 29 49 50 51 7 32 9 42 34 52 13 14 15 16 17 18 19 20 36 46 53
1 2 29 49 50 51 7 32 9 42 34 52 13 14 15 16 17 18 19 20 36 22 53
1 2 29 49 50 51 7 32 9 42 34 52 13 14 15 16 17 18 19 20 24 46 53
1 2 29 49 50 51 7 32 9 42 34 52 13 14 15 16 17 18 19 20 24 22 53
1 2 29 49 50 51 7 32 9 26 34 52 13 14 15 16 17 18 19 20 36 46 53
1 2 29 49 50 51 7 32 9 26 34 52 13 14 15 16 17 18 19 20 36 22 53
1 2 29 49 50 51 7 32 9 26 34 52 13 14 15 16 17 18 19 20 24 46 53
1 2 29 49 50 51 7 32 9 26 34 52 13 14 15 16 17 18 19 20 24 22 53
1 2 29 48 50 51 7 32 9 41 34 52 13 14 15 16 17 18 19 20 36 46 53
1 2 29 48 50 51 7 32 9 41 34 52 13 14 15 16 17 18 19 20 36 22 53
1 2 29 48 50 51 7 32 9 41 34 52 13 14 15 16 17 18 19 20 24 46 53
1 2 29 48 50 51 7 32 9 41 34 52 13 14 15 16 17 18 19 20 24 22 53
1 2 29 48 50 51 7 32 9 25 34 52 13 14 15 16 17 18 19 20 36 46 53
1 2 29 48 50 51 7 32 9 25 34 52 13 14 15 16 17 18 19 20 36 22 53
1 2 29 48 50 51 7 32 9 25 34 52 13 14 15 16 17 18 19 20 24 46 53
1 2 29 48 50 51 7 32 9 25 34 52 13 14 15 16 17 18 19 20 24 22 53
1 2 29 48 50 51 7 32 9 42 34 52 13 14 15 16 17 18 19 20 36 46 53
1 2 29 48 50 51 7 32 9 42 34 52 13 14 15 16 17 18 19 20 36 22 53
1 2 29 48 50 51 7 32 9 42 34 52 13 14 15 16 17 18 19 20 24 46 53
1 2 29 48 50 51 7 32 9 42 34 52 13 14 15 16 17 18 19 20 24 22 53
1 2 29 48 50 51 7 32 9 26 34 52 13 14 15 16 17 18 19 20 36 46 53
1 2 29 48 50 51 7 32 9 26 34 52 13 14 15 16 17 18 19 20 36 22 53
1 2 29 48 50 51 7 32 9 26 34 52 13 14 15 16 17 18 19 20 24 46 53
1 2 29 48 50 51 7 32 9 26 34 52 13 14 15 16 17 18 19 20 24 22 53
1 30 29 49 50 51 7 32 9 41 34 52 13 14 15 16 17 18 19 20 36 46 53
1 30 29 49 50 51 7 32 9 41 34 52 13 14 15 16 17 18 19 20 36 22 53
1 30 29 49 50 51 7 32 9 41 34 52 13 14 15 16 17 18 19 20 24 46 53
1 30 29 49 50 51 7 32 9 41 34 52 13 14 15 16 17 18 19 20 24 22 53
1 30 29 49 50 51 7 32 9 25 34 52 13 14 15 16 17 18 19 20 36 46 53
1 30 29 49 50 51 7 32 9 25 34 52 13 14 15 16 17 18 19 20 36 22 53
1 30 29 49 50 51 7 32 9 25 34 52 13 14 15 16 17 18 19 20 24 46 53
1 30 29 49 50 51 7 32 9 25 34 52 13 14 15 16 17 18 19 20 24 22 53
1 30 29 49 50 51 7 32 9 42 34 52 13 14 15 16 17 18 19 20 36 46 53
1 30 29 49 50 51 7 32 9 42 34 52 13 14 15 16 17 18 19 20 36 22 53
1 30 29 49 50 51 7 32 9 42 34 52 13 14 15 16 17 18 19 20 24 46 53
1 30 29 49 50 51 7 32 9 42 34 52 13 14 15 16 17 18 19 20 24 22 53
1 30 29 49 50 51 7 32 9 26 34 52 13 14 15 16 17 18 19 20 36 46 53
1 30 29 49 50 51 7 32 9 26 34 52 13 14 15 16 17 18 19 20 36 22 53
1 30 29 49 50 51 7 32 9 26 34 52 13 14 15 16 17 18 19 20 24 46 53
1 30 29 49 50 51 7 32 9 26 34 52 13 14 15 16 17 18 19 20 24 22 53
1 30 29 48 50 51 7 32 9 41 34 52 13 14 15 16 17 18 19 20 36 46 53
1 30 29 48 50 51 7 32 9 41 34 52 13 14 15 16 17 18 19 20 36 22 53
1 30 29 48 50 51 7 32 9 41 34 52 13 14 15 16 17 18 19 20 24 46 53
1 30 29 48 50 51 7 32 9 41 34 52 13 14 15 16 17 18 19 20 24 22 53
1 30 29 48 50 51 7 32 9 25 34 52 13 14 15 16 17 18 19 20 36 46 53
1 30 29 48 50 51 7 32 9 25 34 52 13 14 15 16 17 18 19 20 36 22 53
1 30 29 48 50 51 7 32 9 25 34 52 13 14 15 16 17 18 19 20 24 46 53
1 30 29 48 50 51 7 32 9 25 34 52 13 14 15 16 17 18 19 20 24 22 53
1 30 29 48 50 51 7 32 9 42 34 52 13 14 15 16 17 18 19 20 36 46 53
1 30 29 48 50 51 7 32 9 42 34 52 13 14 15 16 17 18 19 20 36 22 53
1 30 29 48 50 51 7 32 9 42 34 52 13 14 15 16 17 18 19 20 24 46 53
1 30 29 48 50 51 7 32 9 42 34 52 13 14 15 16 17 18 19 20 24 22 53
1 30 29 48 50 51 7 32 9 26 34 52 13 14 15 16 17 18 19 20 36 46 53
1 30 29 48 50 51 7 32 9 26 34 52 13 14 15 16 17 18 19 20 36 22 53
1 30 29 48 50 51 7 32 9 26 34 52 13 14 15 16 17 18 19 20 24 46 53
1 30 29 48 50 51 7 32 9 26 34 52 13 14 15 16 17 18 19 20 24 22 53
1 54 29 49 50 51 7 32 9 41 34 52 13 14 15 16 17 18 19 20 36 46 53
1 54 29 49 50 51 7 32 9 41 34 52 13 14 15 16 17 18 19 20 36 22 53
1 54 29 49 50 51 7 32 9 41 34 52 13 14 15 16 17 18 19 20 24 46 53
1 54 29 49 50 51 7 32 9 41 34 52 13 14 15 16 17 18 19 20 24 22 53
1 54 29 49 50 51 7 32 9 25 34 52 13 14 15 16 17 18 19 20 36 46 53
1 54 29 49 50 51 7 32 9 25 34 52 13 14 15 16 17 18 19 20 36 22 53
1 54 29 49 50 51 7 32 9 25 34 52 13 14 15 16 17 18 19 20 24 46 53
1 54 29 49 50 51 7 32 9 25 34 52 13 14 15 16 17 18 19 20 24 22 53
1 54 29 49 50 51 7 32 9 42 34 52 13 14 15 16 17 18 19 20 36 46 53
1 54 29 49 50 51 7 32 9 42 34 52 13 14 15 16 17 18 19 20 36 22 53
1 54 29 49 50 51 7 32 9 42 34 52 13 14 15 16 17 18 19 20 24 46 53
1 54 29 49 50 51 7 32 9 42 34 52 13 14 15 16 17 18 19 20 24 22 53
1 54 29 49 50 51 7 32 9 26 34 52 13 14 15 16 17 18 19 20 36 46 53
1 54 29 49 50 51 7 32 9 26 34 52 13 14 15 16 17 18 19 20 36 22 53
1 54 29 49 50 51 7 32 9 26 34 52 13 14 15 16 17 18 19 20 24 46 53
1 54 29 49 50 51 7 32 9 26 34 52 13 14 15 16 17 18 19 20 24 22 53
1 54 29 48 50 51 7 32 9 41 34 52 13 14 15 16 17 18 19 20 36 46 53
1 54 29 48 50 51 7 32 9 41 34 52 13 14 15 16 17 18 19 20 36 22 53
1 54 29 48 50 51 7 32 9 41 34 52 13 14 15 16 17 18 19 20 24 46 53
1 54 29 48 50 51 7 32 9 41 34 52 13 14 15 16 17 18 19 20 24 22 53
1 54 29 48 50 51 7 32 9 25 34 52 13 14 15 16 17 18 19 20 36 46 53
1 54 29 48 50 51 7 32 9 25 34 52 13 14 15 16 17 18 19 20 36 22 53
1 54 29 48 50 51 7 32 9 25 34 52 13 14 15 16 17 18 19 20 24 46 53
1 54 29 48 50 51 7 32 9 25 34 52 13 14 15 16 17 18 19 20 24 22 53
1 54 29 48 50 51 7 32 9 42 34 52 13 14 15 16 17 18 19 20 36 46 53
1 54 29 48 50 51 7 32 9 42 34 52 13 14 15 16 17 18 19 20 36 22 53
1 54 29 48 50 51 7 32 9 42 34 52 13 14 15 16 17 18 19 20 24 46 53
1 54 29 48 50 51 7 32 9 42 34 52 13 14 15 16 17 18 19 20 24 22 53
1 54 29 48 50 51 7 32 9 26 34 52 13 14 15 16 17 18 19 20 36 46 53
1 54 29 48 50 51 7 32 9 26 34 52 13 14 15 16 17 18 19 20 36 22 53
1 54 29 48 50 51 7 32 9 26 34 52 13 14 15 16 17 18 19 20 24 46 53
1 54 29 48 50 51 7 32 9 26 34 52 13 14 15 16 17 18 19 20 24 22 53
55 2 3 4 5 56 7 32 9 10 34 52 13 14 15 16 17 18 19 20 36 37 53
55 2 3 4 5 56 7 32 9 10 34 52 13 14 15 16 17 18 19 20 36 37 39
55 2 3 4 5 56 7 32 9 10 34 52 13 14 15 16 17 18 19 20 36 22 53
55 2 3 4 5 56 7 32 9 10 34 52 13 14 15 16 17 18 19 20 36 22 39
55 2 3 4 5 56 7 32 9 10 34 52 13 14 15 16 17 18 19 20 24 37 53
55 2 3 4 5 56 7 32 9 10 34 52 13 14 15 16 17 18 19 20 24 37 39
55 2 3 4 5 56 7 32 9 10 34 52 13 14 15 16 17 18 19 20 24 22 53
55 2 3 4 5 56 7 32 9 10 34 52 13 14 15 16 17 18 19 20 24 22 39
55 2 3 4 5 56 7 32 9 25 34 52 13 14 15 16 17 18 19 20 36 37 53
55 2 3 4 5 56 7 32 9 25 34 52 13 14 15 16 17 18 19 20 36 37 39
55 2 3 4 5 56 7 32 9 25 34 52 13 14 15 16 17 18 19 20 36 22 53
55 2 3 4 5 56 7 32 9 25 34 52 13 14 15 16 17 18 19 20 36 22 39
55 2 3 4 5 56 7 32 9 25 34 52 13 14 15 16 17 18 19 20 24 37 53
55 2 3 4 5 56 7 32 9 25 34 52 13 14 15 16 17 18 19 20 24 37 39
55 2 3 4 5 56 7 32 9 25 34 52 13 14 15 16 17 18 19 20 24 22 53
55 2 3 4 5 56 7 32 9 25 34 52 13 14 15 16 17 18 19 20 24 22 39
55 2 3 4 5 56 7 32 9 42 34 52 13 14 15 16 17 18 19 20 36 37 53
55 2 3 4 5 56 7 32 9 42 34 52 13 14 15 16 17 18 19 20 36 37 39
55 2 3 4 5 56 7 32 9 42 34 52 13 14 15 16 17 18 19 20 36 22 53
55 2 3 4 5 56 7 32 9 42 34 52 13 14 15 16 17 18 19 20 36 22 39
55 2 3 4 5 56 7 32 9 42 34 52 13 14 15 16 17 18 19 20 24 37 53
55 2 3 4 5 56 7 32 9 42 34 52 13 14 15 16 17 18 19 20 24 37 39
55 2 3 4 5 56 7 32 9 42 34 52 13 14 15 16 17 18 19 20 24 22 53
55 2 3 4 5 56 7 32 9 42 34 52 13 14 15 16 17 18 19 20 24 22 39
55 2 3 4 5 56 7 32 9 26 34 52 13 14 15 16 17 18 19 20 36 37 53
55 2 3 4 5 56 7 32 9 26 34 52 13 14 15 16 17 18 19 20 36 37 39
55 2 3 4 5 56 7 32 9 26 34 52 13 14 15 16 17 18 19 20 36 22 53
55 2 3 4 5 56 7 32 9 26 34 52 13 14 15 16 17 18 19 20 36 22 39
55 2 3 4 5 56 7 32 9 26 34 52 13 14 15 16 17 18 19 20 24 37 53
55 2 3 4 5 56 7 32 9 26 34 52 13 14 15 16 17 18 19 20 24 37 39
55 2 3 4 5 56 7 32 9 26 34 52 13 14 15 16 17 18 19 20 24 22 53
55 2 3 4 5 56 7 32 9 26 34 52 13 14 15 16 17 18 19 20 24 22 39
55 2 3 48 5 56 7 32 9 10 34 52 13 14 15 16 17 18 19 20 36 37 53
55 2 3 48 5 56 7 32 9 10 34 52 13 14 15 16 17 18 19 20 36 37 39
55 2 3 48 5 56 7 32 9 10 34 52 13 14 15 16 17 18 19 20 36 22 53
55 2 3 48 5 56 7 32 9 10 34 52 13 14 15 16 17 18 19 20 36 22 39
55 2 3 48 5 56 7 32 9 10 34 52 13 14 15 16 17 18 19 20 24 37 53
55 2 3 48 5 56 7 32 9 10 34 52 13 14 15 16 17 18 19 20 24 37 39
55 2 3 48 5 56 7 32 9 10 34 52 13 14 15 16 17 18 19 20 24 22 53
55 2 3 48 5 56 7 32 9 10 34 52 13 14 15 16 17 18 19 20 24 22 39
55 2 3 48 5 56 7 32 9 25 34 52 13 14 15 16 17 18 19 20 36 37 53
55 2 3 48 5 56 7 32 9 25 34 52 13 14 15 16 17 18 19 20 36 37 39
55 2 3 48 5 56 7 32 9 25 34 52 13 14 15 16 17 18 19 20 36 22 53
55 2 3 48 5 56 7 32 9 25 34 52 13 14 15 16 17 18 19 20 36 22 39
55 2 3 48 5 56 7 32 9 25 34 52 13 14 15 16 17 18 19 20 24 37 53
55 2 3 48 5 56 7 32 9 25 34 52 13 14 15 16 17 18 19 20 24 37 39
55 2 3 48 5 56 7 32 9 25 34 52 13 14 15 16 17 18 19 20 24 22 53
55 2 3 48 5 56 7 32 9 25 34 52 13 14 15 16 17 18 19 20 24 22 39
55 2 3 48 5 56 7 32 9 42 34 52 13 14 15 16 17 18 19 20 36 37 53
55 2 3 48 5 56 7 32 9 42 34 52 13 14 15 16 17 18 19 20 36 37 39
55 2 3 48 5 56 7 32 9 42 34 52 13 14 15 16 17 18 19 20 36 22 53
55 2 3 48 5 56 7 32 9 42 34 52 13 14 15 16 17 18 19 20 36 22 39
55 2 3 48 5 56 7 32 9 42 34 52 13 14 15 16 17 18 19 20 24 37 53
55 2 3 48 5 56 7 32 9 42 34 52 13 14 15 16 17 18 19 20 24 37 39
55 2 3 48 5 56 7 32 9 42 34 52 13 14 15 16 17 18 19 20 24 22 53
55 2 3 48 5 56 7 32 9 42 34 52 13 14 15 16 17 18 19 20 24 22 39
55 2 3 48 5 56 7 32 9 26 34 52 13 14 15 16 17 18 19 20 36 37 53
55 2 3 48 5 56 7 32 9 26 34 52 13 14 15 16 17 18 19 20 36 37 39
55 2 3 48 5 56 7 32 9 26 34 52 13 14 15 16 17 18 19 20 36 22 53
55 2 3 48 5 56 7 32 9 26 34 52 13 14 15 16 17 18 19 20 36 22 39
55 2 3 48 5 56 7 32 9 26 34 52 13 14 15 16 17 18 19 20 24 37 53
55 2 3 48 5 56 7 32 9 26 34 52 13 14 15 16 17 18 19 20 24 37 39
55 2 3 48 5 56 7 32 9 26 34 52 13 14 15 16 17 18 19 20 24 22 53
55 2 3 48 5 56 7 32 9 26 34 52 13 14 15 16 17 18 19 20 24 22 39
55 2 43 4 5 56 7 32 9 10 34 52 13 14 15 16 17 18 19 20 36 37 53
55 2 43 4 5 56 7 32 9 10 34 52 13 14 15 16 17 18 19 20 36 37 39
55 2 43 4 5 56 7 32 9 10 34 52 13 14 15 16 17 18 19 20 36 22 53
55 2 43 4 5 56 7 32 9 10 34 52 13 14 15 16 17 18 19 20 36 22 39
55 2 43 4 5 56 7 32 9 10 34 52 13 14 15 16 17 18 19 20 24 37 53
55 2 43 4 5 56 7 32 9 10 34 52 13 14 15 16 17 18 19 20 24 37 39
55 2 43 4 5 56 7 32 9 10 34 52 13 14 15 16 17 18 19 20 24 22 53
55 2 43 4 5 56 7 32 9 10 34 52 13 14 15 16 17 18 19 20 24 22 39
55 2 43 4 5 56 7 32 9 25 34 52 13 14 15 16 17 18 19 20 36 37 53
55 2 43 4 5 56 7 32 9 25 34 52 13 14 15 16 17 18 19 20 36 37 39
55 2 43 4 5 56 7 32 9 25 34 52 13 14 15 16 17 18 19 20 36 22 53
55 2 43 4 5 56 7 32 9 25 34 52 13 14 15 16 17 18 19 20 36 22 39
55 2 43 4 5 56 7 32 9 25 34 52 13 14 15 16 17 18 19 20 24 37 53
55 2 43 4 5 56 7 32 9 25 34 52 13 14 15 16 17 18 19 20 24 37 39
55 2 43 4 5 56 7 32 9 25 34 52 13 14 15 16 17 18 19 20 24 22 53
55 2 43 4 5 56 7 32 9 25 34 52 13 14 15 16 17 18 19 20 24 22 39
55 2 43 4 5 56 7 32 9 42 34 52 13 14 15 16 17 18 19 20 36 37 53
55 2 43 4 5 56 7 32 9 42 34 52 13 14 15 16 17 18 19 20 36 37 39
55 2 43 4 5 56 7 32 9 42 34 52 13 14 15 16 17 18 19 20 36 22 53
55 2 43 4 5 56 7 32 9 42 34 52 13 14 15 16 17 18 19 20 36 22 39
55 2 43 4 5 56 7 32 9 42 34 52 13 14 15 16 17 18 19 20 24 37 53
55 2 43 4 5 56 7 32 9 42 34 52 13 14 15 16 17 18 19 20 24 37 39
55 2 43 4 5 56 7 32 9 42 34 52 13 14 15 16 17 18 19 20 24 22 53
55 2 43 4 5 56 7 32 9 42 34 52 13 14 15 16 17 18 19 20 24 22 39
55 2 43 4 5 56 7 32 9 26 34 52 13 14 15 16 17 18 19 20 36 37 53
55 2 43 4 5 56 7 32 9 26 34 52 13 14 15 16 17 18 19 20 36 37 39
55 2 43 4 5 56 7 32 9 26 34 52 13 14 15 16 17 18 19 20 36 22 53
55 2 43 4 5 56 7 32 9 26 34 52 13 14 15 16 17 18 19 20 36 22 39
55 2 43 4 5 56 7 32 9 26 34 52 13 14 15 16 17 18 19 20 24 37 53
55 2 43 4 5 56 7 32 9 26 34 52 13 14 15 16 17 18 19 20 24 37 39
55 2 43 4 5 56 7 32 9 26 34 52 13 14 15 16 17 18 19 20 24 22 53
55 2 43 4 5 56 7 32 9 26 34 52 13 14 15 16 17 18 19 20 24 22 39
55 2 43 48 5 56 7 32 9 10 34 52 13 14 15 16 17 18 19 20 36 37 53
55 2 43 48 5 56 7 32 9 10 34 52 13 14 15 16 17 18 19 20 36 37 39
55 2 43 48 5 56 7 32 9 10 34 52 13 14 15 16 17 18 19 20 36 22 53
55 2 43 48 5 56 7 32 9 10 34 52 13 14 15 16 17 18 19 20 36 22 39
55 2 43 48 5 56 7 32 9 10 34 52 13 14 15 16 17 18 19 20 24 37 53
55 2 43 48 5 56 7 32 9 10 34 52 13 14 15 16 17 18 19 20 24 37 39
55 2 43 48 5 56 7 32 9 10 34 52 13 14 15 16 17 18 19 20 24 22 53
55 2 43 48 5 56 7 32 9 10 34 52 13 14 15 16 17 18 19 20 24 22 39
55 2 43 48 5 56 7 32 9 25 34 52 13 14 15 16 17 18 19 20 36 37 53
55 2 43 48 5 56 7 32 9 25 34 52 13 14 15 16 17 18 19 20 36 37 39
55 2 43 48 5 56 7 32 9 25 34 52 13 14 15 16 17 18 19 20 36 22 53
55 2 43 48 5 56 7 32 9 25 34 52 13 14 15 16 17 18 19 20 36 22 39
55 2 43 48 5 56 7 32 9 25 34 52 13 14 15 16 17 18 19 20 24 37 53
55 2 43 48 5 56 7 32 9 25 34 52 13 14 15 16 17 18 19 20 24 37 39
55 2 43 48 5 56 7 32 9 25 34 52 13 14 15 16 17 18 19 20 24 22 53
55 2 43 48 5 56 7 32 9 25 34 52 13 14 15 16 17 18 19 20 24 22 39
55 2 43 48 5 56 7 32 9 42 34 52 13 14 15 16 17 18 19 20 36 37 53
55 2 43 48 5 56 7 32 9 42 34 52 13 14 15 16 17 18 19 20 36 37 39
55 2 43 48 5 56 7 32 9 42 34 52 13 14 15 16 17 18 19 20 36 22 53
55 2 43 48 5 56 7 32 9 42 34 52 13 14 15 16 17 18 19 20 36 22 39
55 2 43 48 5 56 7 32 9 42 34 52 13 14 15 16 17 18 19 20 24 37 53
55 2 43 48 5 56 7 32 9 42 34 52 13 14 15 16 17 18 19 20 24 37 39
55 2 43 48 5 56 7 32 9 42 34 52 13 14 15 16 17 18 19 20 24 22 53
55 2 43 48 5 56 7 32 9 42 34 52 13 14 15 16 17 18 19 20 24 22 39
55 2 43 48 5 56 7 32 9 26 34 52 13 14 15 16 17 18 19 20 36 37 53
55 2 43 48 5 56 7 32 9 26 34 52 13 14 15 16 17 18 19 20 36 37 39
55 2 43 48 5 56 7 32 9 26 34 52 13 14 15 16 17 18 19 20 36 22 53
55 2 43 48 5 56 7 32 9 26 34 52 13 14 15 16 17 18 19 20 36 22 39
55 2 43 48 5 56 7 32 9 26 34 52 13 14 15 16 17 18 19 20 24 37 53
55 2 43 48 5 56 7 32 9 26 34 52 13 14 15 16 17 18 19 20 24 37 39
55 2 43 48 5 56 7 32 9 26 34 52 13 14 15 16 17 18 19 20 24 22 53
55 2 43 48 5 56 7 32 9 26 34 52 13 14 15 16 17 18 19 20 24 22 39
55 30 3 4 5 56 7 32 9 10 34 52 13 14 15 16 17 18 19 20 36 37 53
55 30 3 4 5 56 7 32 9 10 34 52 13 14 15 16 17 18 19 20 36 37 39
55 30 3 4 5 56 7 32 9 10 34 52 13 14 15 16 17 18 19 20 36 22 53
55 30 3 4 5 56 7 32 9 10 34 52 13 14 15 16 17 18 19 20 36 22 39
55 30 3 4 5 56 7 32 9 10 34 52 13 14 15 16 17 18 19 20 24 37 53
55 30 3 4 5 56 7 32 9 10 34 52 13 14 15 16 17 18 19 20 24 37 39
55 30 3 4 5 56 7 32 9 10 34 52 13 14 15 16 17 18 19 20 24 22 53
55 30 3 4 5 56 7 32 9 10 34 52 13 14 15 16 17 18 19 20 24 22 39
55 30 3 4 5 56 7 32 9 25 34 52 13 14 15 16 17 18 19 20 36 37 53
55 30 3 4 5 56 7 32 9 25 34 52 13 14 15 16 17 18 19 20 36 37 39
55 30 3 4 5 56 7 32 9 25 34 52 13 14 15 16 17 18 19 20 36 22 53
55 30 3 4 5 56 7 32 9 25 34 52 13 14 15 16 17 18 19 20 36 22 39
55 30 3 4 5 56 7 32 9 25 34 52 13 14 15 16 17 18 19 20 24 37 53
55 30 3 4 5 56 7 32 9 25 34 52 13 14 15 16 17 18 19 20 24 37 39
55 30 3 4 5 56 7 32 9 25 34 52 13 14 15 16 17 18 19 20 24 22 53
55 30 3 4 5 56 7 32 9 25 34 52 13 14 15 16 17 18 19 20 24 22 39
55 30 3 4 5 56 7 32 9 42 34 52 13 14 15 16 17 18 19 20 36 37 53
55 30 3 4 5 56 7 32 9 42 34 52 13 14 15 16 17 18 19 20 36 37 39
55 30 3 4 5 56 7 32 9 42 34 52 13 14 15 16 17 18 19 20 36 22 53
55 30 3 4 5 56 7 32 9 42 34 52 13 14 15 16 17 18 19 20 36 22 39
55 30 3 4 5 56 7 32 9 42 34 52 13 14 15 16 17 18 19 20 24 37 53
55 30 3 4 5 56 7 32 9 42 34 52 13 14 15 16 17 18 19 20 24 37 39
55 30 3 4 5 56 7 32 9 42 34 52 13 14 15 16 17 18 19 20 24 22 53
55 30 3 4 5 56 7 32 9 42 34 52 13 14 15 16 17 18 19 20 24 22 39
55 30 3 4 5 56 7 32 9 26 34 52 13 14 15 16 17 18 19 20 36 37 53
55 30 3 4 5 56 7 32 9 26 34 52 13 14 15 16 17 18 19 20 36 37 39
55 30 3 4 5 56 7 32 9 26 34 52 13 14 15 16 17 18 19 20 36 22 53
55 30 3 4 5 56 7 32 9 26 34 52 13 14 15 16 17 18 19 20 36 22 39
55 30 3 4 5 56 7 32 9 26 34 52 13 14 15 16 17 18 19 20 24 37 53
55 30 3 4 5 56 7 32 9 26 34 52 13 14 15 16 17 18 19 20 24 37 39
55 30 3 4 5 56 7 32 9 26 34 52 13 14 15 16 17 18 19 20 24 22 53
55 30 3 4 5 56 7 32 9 26 34 52 13 14 15 16 17 18 19 20 24 22 39
55 30 3 48 5 56 7 32 9 10 34 52 13 14 15 16 17 18 19 20 36 37 53
55 30 3 48 5 56 7 32 9 10 34 52 13 14 15 16 17 18 19 20 36 37 39
55 30 3 48 5 56 7 32 9 10 34 52 13 14 15 16 17 18 19 20 36 22 53
55 30 3 48 5 56 7 32 9 10 34 52 13 14 15 16 17 18 19 20 36 22 39
55 30 3 48 5 56 7 32 9 10 34 52 13 14 15 16 17 18 19 20 24 37 53
55 30 3 48 5 56 7 32 9 10 34 52 13 14 15 16 17 18 19 20 24 37 39
55 30 3 48 5 56 7 32 9 10 34 52 13 14 15 16 17 18 19 20 24 22 53
55 30 3 48 5 56 7 32 9 10 34 52 13 14 15 16 17 18 19 20 24 22 39
55 30 3 48 5 56 7 32 9 25 34 52 13 14 15 16 17 18 19 20 36 37 53
55 30 3 48 5 56 7 32 9 25 34 52 13 14 15 16 17 18 19 20 36 37 39
55 30 3 48 5 56 7 32 9 25 34 52 13 14 15 16 17 18 19 20 36 22 53
55 30 3 48 5 56 7 32 9 25 34 52 13 14 15 16 17 18 19 20 36 22 39
55 30 3 48 5 56 7 32 9 25 34 52 13 14 15 16 17 18 19 20 24 37 53
55 30 3 48 5 56 7 32 9 25 34 52 13 14 15 16 17 18 19 20 24 37 39
55 30 3 48 5 56 7 32 9 25 34 52 13 14 15 16 17 18 19 20 24 22 53
55 30 3 48 5 56 7 32 9 25 34 52 13 14 15 16 17 18 19 20 24 22 39
55 30 3 48 5 56 7 32 9 42 34 52 13 14 15 16 17 18 19 20 36 37 53
55 30 3 48 5 56 7 32 9 42 34 52 13 14 15 16 17 18 19 20 36 37 39
55 30 3 48 5 56 7 32 9 42 34 52 13 14 15 16 17 18 19 20 36 22 53
55 30 3 48 5 56 7 32 9 42 34 52 13 14 15 16 17 18 19 20 36 22 39
55 30 3 48 5 56 7 32 9 42 34 52 13 14 15 16 17 18 19 20 24 37 53
55 30 3 48 5 56 7 32 9 42 34 52 13 14 15 16 17 18 19 20 24 37 39
55 30 3 48 5 56 7 32 9 42 34 52 13 14 15 16 17 18 19 20 24 22 53
55 30 3 48 5 56 7 32 9 42 34 52 13 14 15 16 17 18 19 20 24 22 39
55 30 3 48 5 56 7 32 9 26 34 52 13 14 15 16 17 18 19 20 36 37 53
55 30 3 48 5 56 7 32 9 26 34 52 13 14 15 16 17 18 19 20 36 37 39
55 30 3 48 5 56 7 32 9 26 34 52 13 14 15 16 17 18 19 20 36 22 53
55 30 3 48 5 56 7 32 9 26 34 52 13 14 15 16 17 18 19 20 36 22 39
55 30 3 48 5 56 7 32 9 26 34 52 13 14 15 16 17 18 19 20 24 37 53
55 30 3 48 5 56 7 32 9 26 34 52 13 14 15 16 17 18 19 20 24 37 39
55 30 3 48 5 56 7 32 9 26 34 52 13 14 15 16 17 18 19 20 24 22 53
55 30 3 48 5 56 7 32 9 26 34 52 13 14 15 16 17 18 19 20 24 22 39
55 30 43 4 5 56 7 32 9 10 34 52 13 14 15 16 17 18 19 20 36 37 53
55 30 43 4 5 56 7 32 9 10 34 52 13 14 15 16 17 18 19 20 36 37 39
55 30 43 4 5 56 7 32 9 10 34 52 13 14 15 16 17 18 19 20 36 22 53
55 30 43 4 5 56 7 32 9 10 34 52 13 14 15 16 17 18 19 20 36 22 39
55 30 43 4 5 56 7 32 9 10 34 52 13 14 15 16 17 18 19 20 24 37 53
55 30 43 4 5 56 7 32 9 10 34 52 13 14 15 16 17 18 19 20 24 37 39
55 30 43 4 5 56 7 32 9 10 34 52 13 14 15 16 17 18 19 20 24 22 53
55 30 43 4 5 56 7 32 9 10 34 52 13 14 15 16 17 18 19 20 24 22 39
55 30 43 4 5 56 7 32 9 25 34 52 13 14 15 16 17 18 19 20 36 37 53
55 30 43 4 5 56 7 32 9 25 34 52 13 14 15 16 17 18 19 20 36 37 39
55 30 43 4 5 56 7 32 9 25 34 52 13 14 15 16 17 18 19 20 36 22 53
55 30 43 4 5 56 7 32 9 25 34 52 13 14 15 16 17 18 19 20 36 22 39
55 30 43 4 5 56 7 32 9 25 34 52 13 14 15 16 17 18 19 20 24 37 53
55 30 43 4 5 56 7 32 9 25 34 52 13 14 15 16 17 18 19 20 24 37 39
55 30 43 4 5 56 7 32 9 25 34 52 13 14 15 16 17 18 19 20 24 22 53
55 30 43 4 5 56 7 32 9 25 34 52 13 14 15 16 17 18 19 20 24 22 39
55 30 43 4 5 56 7 32 9 42 34 52 13 14 15 16 17 18 19 20 36 37 53
55 30 43 4 5 56 7 32 9 42 34 52 13 14 15 16 17 18 19 20 36 37 39
55 30 43 4 5 56 7 32 9 42 34 52 13 14 15 16 17 18 19 20 36 22 53
55 30 43 4 5 56 7 32 9 42 34 52 13 14 15 16 17 18 19 20 36 22 39
55 30 43 4 5 56 7 32 9 42 34 52 13 14 15 16 17 18 19 20 24 37 53
55 30 43 4 5 56 7 32 9 42 34 52 13 14 15 16 17 18 19 20 24 37 39
55 30 43 4 5 56 7 32 9 42 34 52 13 14 15 16 17 18 19 20 24 22 53
55 30 43 4 5 56 7 32 9 42 34 52 13 14 15 16 17 18 19 20 24 22 39
55 30 43 4 5 56 7 32 9 26 34 52 13 14 15 16 17 18 19 20 36 37 53
55 30 43 4 5 56 7 32 9 26 34 52 13 14 15 16 17 18 19 20 36 37 39
55 30 43 4 5 56 7 32 9 26 34 52 13 14 15 16 17 18 19 20 36 22 53
55 30 43 4 5 56 7 32 9 26 34 52 13 14 15 16 17 18 19 20 36 22 39
55 30 43 4 5 56 7 32 9 26 34 52 13 14 15 16 17 18 19 20 24 37 53
55 30 43 4 5 56 7 32 9 26 34 52 13 14 15 16 17 18 19 20 24 37 39
55 30 43 4 5 56 7 32 9 26 34 52 13 14 15 16 17 18 19 20 24 22 53
55 30 43 4 5 56 7 32 9 26 34 52 13 14 15 16 17 18 19 20 24 22 39
55 30 43 48 5 56 7 32 9 10 34 52 13 14 15 16 17 18 19 20 36 37 53
55 30 43 48 5 56 7 32 9 10 34 52 13 14 15 16 17 18 19 20 36 37 39
55 30 43 48 5 56 7 32 9 10 34 52 13 14 15 16 17 18 19 20 36 22 53
55 30 43 48 5 56 7 32 9 10 34 52 13 14 15 16 17 18 19 20 36 22 39
55 30 43 48 5 56 7 32 9 10 34 52 13 14 15 16 17 18 19 20 24 37 53
55 30 43 48 5 56 7 32 9 10 34 52 13 14 15 16 17 18 19 20 24 37 39
55 30 43 48 5 56 7 32 9 10 34 52 13 14 15 16 17 18 19 20 24 22 53
55 30 43 48 5 56 7 32 9 10 34 52 13 14 15 16 17 18 19 20 24 22 39
55 30 43 48 5 56 7 32 9 25 34 52 13 14 15 16 17 18 19 20 36 37 53
55 30 43 48 5 56 7 32 9 25 34 52 13 14 15 16 17 18 19 20 36 37 39
55 30 43 48 5 56 7 32 9 25 34 52 13 14 15 16 17 18 19 20 36 22 53
55 30 43 48 5 56 7 32 9 25 34 52 13 14 15 16 17 18 19 20 36 22 39
55 30 43 48 5 56 7 32 9 25 34 52 13 14 15 16 17 18 19 20 24 37 53
55 30 43 48 5 56 7 32 9 25 34 52 13 14 15 16 17 18 19 20 24 37 39
55 30 43 48 5 56 7 32 9 25 34 52 13 14 15 16 17 18 19 20 24 22 53
55 30 43 48 5 56 7 32 9 25 34 52 13 14 15 16 17 18 19 20 24 22 39
55 30 43 48 5 56 7 32 9 42 34 52 13 14 15 16 17 18 19 20 36 37 53
55 30 43 48 5 56 7 32 9 42 34 52 13 14 15 16 17 18 19 20 36 37 39
55 30 43 48 5 56 7 32 9 42 34 52 13 14 15 16 17 18 19 20 36 22 53
55 30 43 48 5 56 7 32 9 42 34 52 13 14 15 16 17 18 19 20 36 22 39
55 30 43 48 5 56 7 32 9 42 34 52 13 14 15 16 17 18 19 20 24 37 53
55 30 43 48 5 56 7 32 9 42 34 52 13 14 15 16 17 18 19 20 24 37 39
55 30 43 48 5 56 7 32 9 42 34 52 13 14 15 16 17 18 19 20 24 22 53
55 30 43 48 5 56 7 32 9 42 34 52 13 14 15 16 17 18 19 20 24 22 39
55 30 43 48 5 56 7 32 9 26 34 52 13 14 15 16 17 18 19 20 36 37 53
55 30 43 48 5 56 7 32 9 26 34 52 13 14 15 16 17 18 19 20 36 37 39
55 30 43 48 5 56 7 32 9 26 34 52 13 14 15 16 17 18 19 20 36 22 53
55 30 43 48 5 56 7 32 9 26 34 52 13 14 15 16 17 18 19 20 36 22 39
55 30 43 48 5 56 7 32 9 26 34 52 13 14 15 16 17 18 19 20 24 37 53
55 30 43 48 5 56 7 32 9 26 34 52 13 14 15 16 17 18 19 20 24 37 39
55 30 43 48 5 56 7 32 9 26 34 52 13 14 15 16 17 18 19 20 24 22 53
55 30 43 48 5 56 7 32 9 26 34 52 13 14 15 16 17 18 19 20 24 22 39
1 2 3 4 50 51 7 8 33 25 11 52 13 14 15 16 17 18 19 57 36 37 39
1 2 3 4 50 51 7 8 33 25 11 52 13 14 15 16 17 18 19 57 36 58 39
1 2 3 4 50 51 7 8 33 25 11 52 13 14 15 16 17 18 19 57 24 37 39
1 2 3 4 50 51 7 8 33 25 11 52 13 14 15 16 17 18 19 57 24 58 39
1 2 3 4 50 51 7 8 33 25 11 52 13 59 15 16 17 18 19 57 36 37 39
1 2 3 4 50 51 7 8 33 25 11 52 13 59 15 16 17 18 19 57 36 58 39
1 2 3 4 50 51 7 8 33 25 11 52 13 59 15 16 17 18 19 57 24 37 39
1 2 3 4 50 51 7 8 33 25 11 52 13 59 15 16 17 18 19 57 24 58 39
1 2 3 4 50 51 7 8 33 25 11 52 60 14 15 16 17 18 19 57 36 37 39
1 2 3 4 50 51 7 8 33 25 11 52 60 14 15 16 17 18 19 57 36 58 39
1 2 3 4 50 51 7 8 33 25 11 52 60 14 15 16 17 18 19 57 24 37 39
1 2 3 4 50 51 7 8 33 25 11 52 60 14 15 16 17 18 19 57 24 58 39
1 2 3 4 50 51 7 8 33 25 11 52 60 59 15 16 17 18 19 57 36 37 39
1 2 3 4 50 51 7 8 33 25 11 52 60 59 15 16 17 18 19 57 36 58 39
1 2 3 4 50 51 7 8 33 25 11 52 60 59 15 16 17 18 19 57 24 37 39
1 2 3 4 50 51 7 8 33 25 11 52 60 59 15 16 17 18 19 57 24 58 39
1 2 3 4 50 51 7 8 33 61 11 52 13 14 15 16 17 18 19 57 36 37 39
1 2 3 4 50 51 7 8 33 61 11 52 13 14 15 16 17 18 19 57 36 58 39
1 2 3 4 50 51 7 8 33 61 11 52 13 14 15 16 17 18 19 57 24 37 39
1 2 3 4 50 51 7 8 33 61 11 52 13 14 15 16 17 18 19 57 24 58 39
1 2 3 4 50 51 7 8 33 61 11 52 13 59 15 16 17 18 19 57 36 37 39
1 2 3 4 50 51 7 8 33 61 11 52 13 59 15 16 17 18 19 57 36 58 39
1 2 3 4 50 51 7 8 33 61 11 52 13 59 15 16 17 18 19 57 24 37 39
1 2 3 4 50 51 7 8 33 61 11 52 13 59 15 16 17 18 19 57 24 58 39
1 2 3 4 50 51 7 8 33 61 11 52 60 14 15 16 17 18 19 57 36 37 39
1 2 3 4 50 51 7 8 33 61 11 52 60 14 15 16 17 18 19 57 36 58 39
1 2 3 4 50 51 7 8 33 61 11 52 60 14 15 16 17 18 19 57 24 37 39
1 2 3 4 50 51 7 8 33 61 11 52 60 14 15 16 17 18 19 57 24 58 39
1 2 3 4 50 51 7 8 33 61 11 52 60 59 15 16 17 18 19 57 36 37 39
1 2 3 4 50 51 7 8 33 61 11 52 60 59 15 16 17 18 19 57 36 58 39
1 2 3 4 50 51 7 8 33 61 11 52 60 59 15 16 17 18 19 57 24 37 39
1 2 3 4 50 51 7 8 33 61 11 52 60 59 15 16 17 18 19 57 24 58 39
1 2 3 4 50 51 7 8 33 42 11 52 13 14 15 16 17 18 19 57 36 37 39
1 2 3 4 50 51 7 8 33 42 11 52 13 14 15 16 17 18 19 57 36 58 39
1 2 3 4 50 51 7 8 33 42 11 52 13 14 15 16 17 18 19 57 24 37 39
1 2 3 4 50 51 7 8 33 42 11 52 13 14 15 16 17 18 19 57 24 58 39
1 2 3 4 50 51 7 8 33 42 11 52 13 59 15 16 17 18 19 57 36 37 39
1 2 3 4 50 51 7 8 33 42 11 52 13 59 15 16 17 18 19 57 36 58 39
1 2 3 4 50 51 7 8 33 42 11 52 13 59 15 16 17 18 19 57 24 37 39
1 2 3 4 50 51 7 8 33 42 11 52 13 59 15 16 17 18 19 57 24 58 39
1 2 3 4 50 51 7 8 33 42 11 52 60 14 15 16 17 18 19 57 36 37 39
1 2 3 4 50 51 7 8 33 42 11 52 60 14 15 16 17 18 19 57 36 58 39
1 2 3 4 50 51 7 8 33 42 11 52 60 14 15 16 17 18 19 57 24 37 39
1 2 3 4 50 51 7 8 33 42 11 52 60 14 15 16 17 18 19 57 24 58 39
1 2 3 4 50 51 7 8 33 42 11 52 60 59 15 16 17 18 19 57 36 37 39
1 2 3 4 50 51 7 8 33 42 11 52 60 59 15 16 17 18 19 57 36 58 39
1 2 3 4 50 51 7 8 33 42 11 52 60 59 15 16 17 18 19 57 24 37 39
1 2 3 4 50 51 7 8 33 42 11 52 60 59 15 16 17 18 19 57 24 58 39
1 2 3 4 50 51 7 8 33 26 11 52 13 14 15 16 17 18 19 57 36 37 39
1 2 3 4 50 51 7 8 33 26 11 52 13 14 15 16 17 18 19 57 36 58 39
1 2 3 4 50 51 7 8 33 26 11 52 13 14 15 16 17 18 19 57 24 37 39
1 2 3 4 50 51 7 8 33 26 11 52 13 14 15 16 17 18 19 57 24 58 39
1 2 3 4 50 51 7 8 33 26 11 52 13 59 15 16 17 18 19 57 36 37 39
1 2 3 4 50 51 7 8 33 26 11 52 13 59 15 16 17 18 19 57 36 58 39
1 2 3 4 50 51 7 8 33 26 11 52 13 59 15 16 17 18 19 57 24 37 39
1 2 3 4 50 51 7 8 33 26 11 52 13 59 15 16 17 18 19 57 24 58 39
1 2 3 4 50 51 7 8 33 26 11 52 60 14 15 16 17 18 19 57 36 37 39
1 2 3 4 50 51 7 8 33 26 11 52 60 14 15 16 17 18 19 57 36 58 39
1 2 3 4 50 51 7 8 33 26 11 52 60 14 15 16 17 18 19 57 24 37 39
1 2 3 4 50 51 7 8 33 26 11 52 60 14 15 16 17 18 19 57 24 58 39
1 2 3 4 50 51 7 8 33 26 11 52 60 59 15 16 17 18 19 57 36 37 39
1 2 3 4 50 51 7 8 33 26 11 52 60 59 15 16 17 18 19 57 36 58 39
1 2 3 4 50 51 7 8 33 26 11 52 60 59 15 16 17 18 19 57 24 37 39
1 2 3 4 50 51 7 8 33 26 11 52 60 59 15 16 17 18 19 57 24 58 39
1 2 3 49 50 51 7 8 33 25 11 52 13 14 15 16 17 18 19 57 36 37 39
1 2 3 49 50 51 7 8 33 25 11 52 13 14 15 16 17 18 19 57 36 58 39
1 2 3 49 50 51 7 8 33 25 11 52 13 14 15 16 17 18 19 57 24 37 39
1 2 3 49 50 51 7 8 33 25 11 52 13 14 15 16 17 18 19 57 24 58 39
1 2 3 49 50 51 7 8 33 25 11 52 13 59 15 16 17 18 19 57 36 37 39
1 2 3 49 50 51 7 8 33 25 11 52 13 59 15 16 17 18 19 57 36 58 39
1 2 3 49 50 51 7 8 33 25 11 52 13 59 15 16 17 18 19 57 24 37 39
1 2 3 49 50 51 7 8 33 25 11 52 13 59 15 16 17 18 19 57 24 58 39
1 2 3 49 50 51 7 8 33 25 11 52 60 14 15 16 17 18 19 57 36 37 39
1 2 3 49 50 51 7 8 33 25 11 52 60 14 15 16 17 18 19 57 36 58 39
1 2 3 49 50 51 7 8 33 25 11 52 60 14 15 16 17 18 19 57 24 37 39
1 2 3 49 50 51 7 8 33 25 11 52 60 14 15 16 17 18 19 57 24 58 39
1 2 3 49 50 51 7 8 33 25 11 52 60 59 15 16 17 18 19 57 36 37 39
1 2 3 49 50 51 7 8 33 25 11 52 60 59 15 16 17 18 19 57 36 58 39
1 2 3 49 50 51 7 8 33 25 11 52 60 59 15 16 17 18 19 57 24 37 39
1 2 3 49 50 51 7 8 33 25 11 52 60 59 15 16 17 18 19 57 24 58 39
1 2 3 49 50 51 7 8 33 61 11 52 13 14 15 16 17 18 19 57 36 37 39
1 2 3 49 50 51 7 8 33 61 11 52 13 14 15 16 17 18 19 57 36 58 39
1 2 3 49 50 51 7 8 33 61 11 52 13 14 15 16 17 18 19 57 24 37 39
1 2 3 49 50 51 7 8 33 61 11 52 13 14 15 16 17 18 19 57 24 58 39
1 2 3 49 50 51 7 8 33 61 11 52 13 59 15 16 17 18 19 57 36 37 39
1 2 3 49 50 51 7 8 33 61 11 52 13 59 15 16 17 18 19 57 36 58 39
1 2 3 49 50 51 7 8 33 61 11 52 13 59 15 16 17 18 19 57 24 37 39
1 2 3 49 50 51 7 8 33 61 11 52 13 59 15 16 17 18 19 57 24 58 39
1 2 3 49 50 51 7 8 33 61 11 52 60 14 15 16 17 18 19 57 36 37 39
1 2 3 49 50 51 7 8 33 61 11 52 60 14 15 16 17 18 19 57 36 58 39
1 2 3 49 50 51 7 8 33 61 11 52 60 14 15 16 17 18 19 57 24 37 39
1 2 3 49 50 51 7 8 33 61 11 52 60 14 15 16 17 18 19 57 24 58 39
1 2 3 49 50 51 7 8 33 61 11 52 60 59 15 16 17 18 19 57 36 37 39
1 2 3 49 50 51 7 8 33 61 11 52 60 59 15 16 17 18 19 57 36 58 39
1 2 3 49 50 51 7 8 33 61 11 52 60 59 15 16 17 18 19 57 24 37 39
1 2 3 49 50 51 7 8 33 61 11 52 60 59 15 16 17 18 19 57 24 58 39
1 2 3 49 50 51 7 8 33 42 11 52 13 14 15 16 17 18 19 57 36 37 39
1 2 3 49 50 51 7 8 33 42 11 52 13 14 15 16 17 18 19 57 36 58 39
1 2 3 49 50 51 7 8 33 42 11 52 13 14 15 16 17 18 19 57 24 37 39
1 2 3 49 50 51 7 8 33 42 11 52 13 14 15 16 17 18 19 57 24 58 39
1 2 3 49 50 51 7 8 33 42 11 52 13 59 15 16 17 18 19 57 36 37 39
1 2 3 49 50 51 7 8 33 42 11 52 13 59 15 16 17 18 19 57 36 58 39
1 2 3 49 50 51 7 8 33 42 11 52 13 59 15 16 17 18 19 57 24 37 39
1 2 3 49 50 51 7 8 33 42 11 52 13 59 15 16 17 18 19 57 24 58 39
1 2 3 49 50 51 7 8 33 42 11 52 60 14 15 16 17 18 19 57 36 37 39
1 2 3 49 50 51 7 8 33 42 11 52 60 14 15 16 17 18 19 57 36 58 39
1 2 3 49 50 51 7 8 33 42 11 52 60 14 15 16 17 18 19 57 24 37 39
1 2 3 49 50 51 7 8 33 42 11 52 60 14 15 16 17 18 19 57 24 58 39
1 2 3 49 50 51 7 8 33 42 11 52 60 59 15 16 17 18 19 57 36 37 39
1 2 3 49 50 51 7 8 33 42 11 52 60 59 15 16 17 18 19 57 36 58 39
1 2 3 49 50 51 7 8 33 42 11 52 60 59 15 16 17 18 19 57 24 37 39
1 2 3 49 50 51 7 8 33 42 11 52 60 59 15 16 17 18 19 57 24 58 39
1 2 3 49 50 51 7 8 33 26 11 52 13 14 15 16 17 18 19 57 36 37 39
1 2 3 49 50 51 7 8 33 26 11 52 13 14 15 16 17 18 19 57 36 58 39
1 2 3 49 50 51 7 8 33 26 11 52 13 14 15 16 17 18 19 57 24 37 39
1 2 3 49 50 51 7 8 33 26 11 52 13 14 15 16 17 18 19 57 24 58 39
1 2 3 49 50 51 7 8 33 26 11 52 13 59 15 16 17 18 19 57 36 37 39
1 2 3 49 50 51 7 8 33 26 11 52 13 59 15 16 17 18 19 57 36 58 39
1 2 3 49 50 51 7 8 33 26 11 52 13 59 15 16 17 18 19 57 24 37 39
1 2 3 49 50 51 7 8 33 26 11 52 13 59 15 16 17 18 19 57 24 58 39
1 2 3 49 50 51 7 8 33 26 11 52 60 14 15 16 17 18 19 57 36 37 39
1 2 3 49 50 51 7 8 33 26 11 52 60 14 15 16 17 18 19 57 36 58 39
1 2 3 49 50 51 7 8 33 26 11 52 60 14 15 16 17 18 19 57 24 37 39
1 2 3 49 50 51 7 8 33 26 11 52 60 14 15 16 17 18 19 57 24 58 39
1 2 3 49 50 51 7 8 33 26 11 52 60 59 15 16 17 18 19 57 36 37 39
1 2 3 49 50 51 7 8 33 26 11 52 60 59 15 16 17 18 19 57 36 58 39
1 2 3 49 50 51 7 8 33 26 11 52 60 59 15 16 17 18 19 57 24 37 39
1 2 3 49 50 51 7 8 33 26 11 52 60 59 15 16 17 18 19 57 24 58 39
1 2 3 49 50 51 7 8 33 25 11 52 13 14 15 16 17 18 19 57 36 37 39
1 2 3 49 50 51 7 8 33 25 11 52 13 14 15 16 17 18 19 57 36 58 39
1 2 3 49 50 51 7 8 33 25 11 52 13 14 15 16 17 18 19 57 24 37 39
1 2 3 49 50 51 7 8 33 25 11 52 13 14 15 16 17 18 19 57 24 58 39
1 2 3 49 50 51 7 8 33 25 11 52 13 59 15 16 17 18 19 57 36 37 39
1 2 3 49 50 51 7 8 33 25 11 52 13 59 15 16 17 18 19 57 36 58 39
1 2 3 49 50 51 7 8 33 25 11 52 13 59 15 16 17 18 19 57 24 37 39
1 2 3 49 50 51 7 8 33 25 11 52 13 59 15 16 17 18 19 57 24 58 39
1 2 3 49 50 51 7 8 33 25 11 52 60 14 15 16 17 18 19 57 36 37 39
1 2 3 49 50 51 7 8 33 25 11 52 60 14 15 16 17 18 19 57 36 58 39
1 2 3 49 50 51 7 8 33 25 11 52 60 14 15 16 17 18 19 57 24 37 39
1 2 3 49 50 51 7 8 33 25 11 52 60 14 15 16 17 18 19 57 24 58 39
1 2 3 49 50 51 7 8 33 25 11 52 60 59 15 16 17 18 19 57 36 37 39
1 2 3 49 50 51 7 8 33 25 11 52 60 59 15 16 17 18 19 57 36 58 39
1 2 3 49 50 51 7 8 33 25 11 52 60 59 15 16 17 18 19 57 24 37 39
1 2 3 49 50 51 7 8 33 25 11 52 60 59 15 16 17 18 19 57 24 58 39
1 2 3 49 50 51 7 8 33 61 11 52 13 14 15 16 17 18 19 57 36 37 39
1 2 3 49 50 51 7 8 33 61 11 52 13 14 15 16 17 18 19 57 36 58 39
1 2 3 49 50 51 7 8 33 61 11 52 13 14 15 16 17 18 19 57 24 37 39
1 2 3 49 50 51 7 8 33 61 11 52 13 14 15 16 17 18 19 57 24 58 39
1 2 3 49 50 51 7 8 33 61 11 52 13 59 15 16 17 18 19 57 36 37 39
1 2 3 49 50 51 7 8 33 61 11 52 13 59 15 16 17 18 19 57 36 58 39
1 2 3 49 50 51 7 8 33 61 11 52 13 59 15 16 17 18 19 57 24 37 39
1 2 3 49 50 51 7 8 33 61 11 52 13 59 15 16 17 18 19 57 24 58 39
1 2 3 49 50 51 7 8 33 61 11 52 60 14 15 16 17 18 19 57 36 37 39
1 2 3 49 50 51 7 8 33 61 11 52 60 14 15 16 17 18 19 57 36 58 39
1 2 3 49 50 51 7 8 33 61 11 52 60 14 15 16 17 18 19 57 24 37 39
1 2 3 49 50 51 7 8 33 61 11 52 60 14 15 16 17 18 19 57 24 58 39
1 2 3 49 50 51 7 8 33 61 11 52 60 59 15 16 17 18 19 57 36 37 39
1 2 3 49 50 51 7 8 33 61 11 52 60 59 15 16 17 18 19 57 36 58 39
1 2 3 49 50 51 7 8 33 61 11 52 60 59 15 16 17 18 19 57 24 37 39
1 2 3 49 50 51 7 8 33 61 11 52 60 59 15 16 17 18 19 57 24 58 39
1 2 3 49 50 51 7 8 33 42 11 52 13 14 15 16 17 18 19 57 36 37 39
1 2 3 49 50 51 7 8 33 42 11 52 13 14 15 16 17 18 19 57 36 58 39
1 2 3 49 50 51 7 8 33 42 11 52 13 14 15 16 17 18 19 57 24 37 39
1 2 3 49 50 51 7 8 33 42 11 52 13 14 15 16 17 18 19 57 24 58 39
1 2 3 49 50 51 7 8 33 42 11 52 13 59 15 16 17 18 19 57 36 37 39
1 2 3 49 50 51 7 8 33 42 11 52 13 59 15 16 17 18 19 57 36 58 39
1 2 3 49 50 51 7 8 33 42 11 52 13 59 15 16 17 18 19 57 24 37 39
1 2 3 49 50 51 7 8 33 42 11 52 13 59 15 16 17 18 19 57 24 58 39
1 2 3 49 50 51 7 8 33 42 11 52 60 14 15 16 17 18 19 57 36 37 39
1 2 3 49 50 51 7 8 33 42 11 52 60 14 15 16 17 18 19 57 36 58 39
1 2 3 49 50 51 7 8 33 42 11 52 60 14 15 16 17 18 19 57 24 37 39
1 2 3 49 50 51 7 8 33 42 11 52 60 14 15 16 17 18 19 57 24 58 39
1 2 3 49 50 51 7 8 33 42 11 52 60 59 15 16 17 18 19 57 36 37 39
1 2 3 49 50 51 7 8 33 42 11 52 60 59 15 16 17 18 19 57 36 58 39
1 2 3 49 50 51 7 8 33 42 11 52 60 59 15 16 17 18 19 57 24 37 39
1 2 3 49 50 51 7 8 33 42 11 52 60 59 15 16 17 18 19 57 24 58 39
1 2 3 49 50 51 7 8 33 26 11 52 13 14 15 16 17 18 19 57 36 37 39
1 2 3 49 50 51 7 8 33 26 11 52 13 14 15 16 17 18 19 57 36 58 39
1 2 3 49 50 51 7 8 33 26 11 52 13 14 15 16 17 18 19 57 24 37 39
1 2 3 49 50 51 7 8 33 26 11 52 13 14 15 16 17 18 19 57 24 58 39
1 2 3 49 50 51 7 8 33 26 11 52 13 59 15 16 17 18 19 57 36 37 39
1 2 3 49 50 51 7 8 33 26 11 52 13 59 15 16 17 18 19 57 36 58 39
1 2 3 49 50 51 7 8 33 26 11 52 13 59 15 16 17 18 19 57 24 37 39
1 2 3 49 50 51 7 8 33 26 11 52 13 59 15 16 17 18 19 57 24 58 39
1 2 3 49 50 51 7 8 33 26 11 52 60 14 15 16 17 18 19 57 36 37 39
1 2 3 49 50 51 7 8 33 26 11 52 60 14 15 16 17 18 19 57 36 58 39
1 2 3 49 50 51 7 8 33 26 11 52 60 14 15 16 17 18 19 57 24 37 39
1 2 3 49 50 51 7 8 33 26 11 52 60 14 15 16 17 18 19 57 24 58 39
1 2 3 49 50 51 7 8 33 26 11 52 60 59 15 16 17 18 19 57 36 37 39
1 2 3 49 50 51 7 8 33 26 11 52 60 59 15 16 17 18 19 57 36 58 39
1 2 3 49 50 51 7 8 33 26 11 52 60 59 15 16 17 18 19 57 24 37 39
1 2 3 49 50 51 7 8 33 26 11 52 60 59 15 16 17 18 19 57 24 58 39
1 2 3 48 50 51 7 8 33 25 11 52 13 14 15 16 17 18 19 57 36 37 39
1 2 3 48 50 51 7 8 33 25 11 52 13 14 15 16 17 18 19 57 36 58 39
1 2 3 48 50 51 7 8 33 25 11 52 13 14 15 16 17 18 19 57 24 37 39
1 2 3 48 50 51 7 8 33 25 11 52 13 14 15 16 17 18 19 57 24 58 39
1 2 3 48 50 51 7 8 33 25 11 52 13 59 15 16 17 18 19 57 36 37 39
1 2 3 48 50 51 7 8 33 25 11 52 13 59 15 16 17 18 19 57 36 58 39
1 2 3 48 50 51 7 8 33 25 11 52 13 59 15 16 17 18 19 57 24 37 39
1 2 3 48 50 51 7 8 33 25 11 52 13 59 15 16 17 18 19 57 24 58 39
1 2 3 48 50 51 7 8 33 25 11 52 60 14 15 16 17 18 19 57 36 37 39
1 2 3 48 50 51 7 8 33 25 11 52 60 14 15 16 17 18 19 57 36 58 39
1 2 3 48 50 51 7 8 33 25 11 52 60 14 15 16 17 18 19 57 24 37 39
1 2 3 48 50 51 7 8 33 25 11 52 60 14 15 16 17 18 19 57 24 58 39
1 2 3 48 50 51 7 8 33 25 11 52 60 59 15 16 17 18 19 57 36 37 39
1 2 3 48 50 51 7 8 33 25 11 52 60 59 15 16 17 18 19 57 36 58 39
1 2 3 48 50 51 7 8 33 25 11 52 60 59 15 16 17 18 19 57 24 37 39
1 2 3 48 50 51 7 8 33 25 11 52 60 59 15 16 17 18 19 57 24 58 39
1 2 3 48 50 51 7 8 33 61 11 52 13 14 15 16 17 18 19 57 36 37 39
1 2 3 48 50 51 7 8 33 61 11 52 13 14 15 16 17 18 19 57 36 58 39
1 2 3 48 50 51 7 8 33 61 11 52 13 14 15 16 17 18 19 57 24 37 39
1 2 3 48 50 51 7 8 33 61 11 52 13 14 15 16 17 18 19 57 24 58 39
1 2 3 48 50 51 7 8 33 61 11 52 13 59 15 16 17 18 19 57 36 37 39
1 2 3 48 50 51 7 8 33 61 11 52 13 59 15 16 17 18 19 57 36 58 39
1 2 3 48 50 51 7 8 33 61 11 52 13 59 15 16 17 18 19 57 24 37 39
1 2 3 48 50 51 7 8 33 61 11 52 13 59 15 16 17 18 19 57 24 58 39
1 2 3 48 50 51 7 8 33 61 11 52 60 14 15 16 17 18 19 57 36 37 39
1 2 3 48 50 51 7 8 33 61 11 52 60 14 15 16 17 18 19 57 36 58 39
1 2 3 48 50 51 7 8 33 61 11 52 60 14 15 16 17 18 19 57 24 37 39
1 2 3 48 50 51 7 8 33 61 11 52 60 14 15 16 17 18 19 57 24 58 39
1 2 3 48 50 51 7 8 33 61 11 52 60 59 15 16 17 18 19 57 36 37 39
1 2 3 48 50 51 7 8 33 61 11 52 60 59 15 16 17 18 19 57 36 58 39
1 2 3 48 50 51 7 8 33 61 11 52 60 59 15 16 17 18 19 57 24 37 39
1 2 3 48 50 51 7 8 33 61 11 52 60 59 15 16 17 18 19 57 24 58 39
1 2 3 48 50 51 7 8 33 42 11 52 13 14 15 16 17 18 19 57 36 37 39
1 2 3 48 50 51 7 8 33 42 11 52 13 14 15 16 17 18 19 57 36 58 39
1 2 3 48 50 51 7 8 33 42 11 52 13 14 15 16 17 18 19 57 24 37 39
1 2 3 48 50 51 7 8 33 42 11 52 13 14 15 16 17 18 19 57 24 58 39
1 2 3 48 50 51 7 8 33 42 11 52 13 59 15 16 17 18 19 57 36 37 39
1 2 3 48 50 51 7 8 33 42 11 52 13 59 15 16 17 18 19 57 36 58 39
1 2 3 48 50 51 7 8 33 42 11 52 13 59 15 16 17 18 19 57 24 37 39
1 2 3 48 50 51 7 8 33 42 11 52 13 59 15 16 17 18 19 57 24 58 39
1 2 3 48 50 51 7 8 33 42 11 52 60 14 15 16 17 18 19 57 36 37 39
1 2 3 48 50 51 7 8 33 42 11 52 60 14 15 16 17 18 19 57 36 58 39
1 2 3 48 50 51 7 8 33 42 11 52 60 14 15 16 17 18 19 57 24 37 39
1 2 3 48 50 51 7 8 33 42 11 52 60 14 15 16 17 18 19 57 24 58 39
1 2 3 48 50 51 7 8 33 42 11 52 60 59 15 16 17 18 19 57 36 37 39
1 2 3 48 50 51 7 8 33 42 11 52 60 59 15 16 17 18 19 57 36 58 39
1 2 3 48 50 51 7 8 33 42 11 52 60 59 15 16 17 18 19 57 24 37 39
1 2 3 48 50 51 7 8 33 42 11 52 60 59 15 16 17 18 19 57 24 58 39
1 2 3 48 50 51 7 8 33 26 11 52 13 14 15 16 17 18 19 57 36 37 39
1 2 3 48 50 51 7 8 33 26 11 52 13 14 15 16 17 18 19 57 36 58 39
1 2 3 48 50 51 7 8 33 26 11 52 13 14 15 16 17 18 19 57 24 37 39
1 2 3 48 50 51 7 8 33 26 11 52 13 14 15 16 17 18 19 57 24 58 39
1 2 3 48 50 51 7 8 33 26 11 52 13 59 15 16 17 18 19 57 36 37 39
1 2 3 48 50 51 7 8 33 26 11 52 13 59 15 16 17 18 19 57 36 58 39
1 2 3 48 50 51 7 8 33 26 11 52 13 59 15 16 17 18 19 57 24 37 39
1 2 3 48 50 51 7 8 33 26 11 52 13 59 15 16 17 18 19 57 24 58 39
1 2 3 48 50 51 7 8 33 26 11 52 60 14 15 16 17 18 19 57 36 37 39
1 2 3 48 50 51 7 8 33 26 11 52 60 14 15 16 17 18 19 57 36 58 39
1 2 3 48 50 51 7 8 33 26 11 52 60 14 15 16 17 18 19 57 24 37 39
1 2 3 48 50 51 7 8 33 26 11 52 60 14 15 16 17 18 19 57 24 58 39
1 2 3 48 50 51 7 8 33 26 11 52 60 59 15 16 17 18 19 57 36 37 39
1 2 3 48 50 51 7 8 33 26 11 52 60 59 15 16 17 18 19 57 36 58 39
1 2 3 48 50 51 7 8 33 26 11 52 60 59 15 16 17 18 19 57 24 37 39
1 2 3 48 50 51 7 8 33 26 11 52 60 59 15 16 17 18 19 57 24 58 39
1 2 29 4 50 51 7 8 33 25 11 52 13 14 15 16 17 18 19 57 36 37 39
1 2 29 4 50 51 7 8 33 25 11 52 13 14 15 16 17 18 19 57 36 58 39
1 2 29 4 50 51 7 8 33 25 11 52 13 14 15 16 17 18 19 57 24 37 39
1 2 29 4 50 51 7 8 33 25 11 52 13 14 15 16 17 18 19 57 24 58 39
1 2 29 4 50 51 7 8 33 25 11 52 13 59 15 16 17 18 19 57 36 37 39
1 2 29 4 50 51 7 8 33 25 11 52 13 59 15 16 17 18 19 57 36 58 39
1 2 29 4 50 51 7 8 33 25 11 52 13 59 15 16 17 18 19 57 24 37 39
1 2 29 4 50 51 7 8 33 25 11 52 13 59 15 16 17 18 19 57 24 58 39
1 2 29 4 50 51 7 8 33 25 11 52 60 14 15 16 17 18 19 57 36 37 39
1 2 29 4 50 51 7 8 33 25 11 52 60 14 15 16 17 18 19 57 36 58 39
1 2 29 4 50 51 7 8 33 25 11 52 60 14 15 16 17 18 19 57 24 37 39
1 2 29 4 50 51 7 8 33 25 11 52 60 14 15 16 17 18 19 57 24 58 39
1 2 29 4 50 51 7 8 33 25 11 52 60 59 15 16 17 18 19 57 36 37 39
1 2 29 4 50 51 7 8 33 25 11 52 60 59 15 16 17 18 19 57 36 58 39
1 2 29 4 50 51 7 8 33 25 11 52 60 59 15 16 17 18 19 57 24 37 39
1 2 29 4 50 51 7 8 33 25 11 52 60 59 15 16 17 18 19 57 24 58 39
1 2 29 4 50 51 7 8 33 61 11 52 13 14 15 16 17 18 19 57 36 37 39
1 2 29 4 50 51 7 8 33 61 11 52 13 14 15 16 17 18 19 57 36 58 39
1 2 29 4 50 51 7 8 33 61 11 52 13 14 15 16 17 18 19 57 24 37 39
1 2 29 4 50 51 7 8 33 61 11 52 13 14 15 16 17 18 19 57 24 58 39
1 2 29 4 50 51 7 8 33 61 11 52 13 59 15 16 17 18 19 57 36 37 39
1 2 29 4 50 51 7 8 33 61 11 52 13 59 15 16 17 18 19 57 36 58 39
1 2 29 4 50 51 7 8 33 61 11 52 13 59 15 16 17 18 19 57 24 37 39
1 2 29 4 50 51 7 8 33 61 11 52 13 59 15 16 17 18 19 57 24 58 39
1 2 29 4 50 51 7 8 33 61 11 52 60 14 15 16 17 18 19 57 36 37 39
1 2 29 4 50 51 7 8 33 61 11 52 60 14 15 16 17 18 19 57 36 58 39
1 2 29 4 50 51 7 8 33 61 11 52 60 14 15 16 17 18 19 57 24 37 39
1 2 29 4 50 51 7 8 33 61 11 52 60 14 15 16 17 18 19 57 24 58 39
1 2 29 4 50 51 7 8 33 61 11 52 60 59 15 16 17 18 19 57 36 37 39
1 2 29 4 50 51 7 8 33 61 11 52 60 59 15 16 17 18 19 57 36 58 39
1 2 29 4 50 51 7 8 33 61 11 52 60 59 15 16 17 18 19 57 24 37 39
1 2 29 4 50 51 7 8 33 61 11 52 60 59 15 16 17 18 19 57 24 58 39
1 2 29 4 50 51 7 8 33 42 11 52 13 14 15 16 17 18 19 57 36 37 39
1 2 29 4 50 51 7 8 33 42 11 52 13 14 15 16 17 18 19 57 36 58 39
1 2 29 4 50 51 7 8 33 42 11 52 13 14 15 16 17 18 19 57 24 37 39
1 2 29 4 50 51 7 8 33 42 11 52 13 14 15 16 17 18 19 57 24 58 39
1 2 29 4 50 51 7 8 33 42 11 52 13 59 15 16 17 18 19 57 36 37 39
1 2 29 4 50 51 7 8 33 42 11 52 13 59 15 16 17 18 19 57 36 58 39
1 2 29 4 50 51 7 8 33 42 11 52 13 59 15 16 17 18 19 57 24 37 39
1 2 29 4 50 51 7 8 33 42 11 52 13 59 15 16 17 18 19 57 24 58 39
1 2 29 4 50 51 7 8 33 42 11 52 60 14 15 16 17 18 19 57 36 37 39
1 2 29 4 50 51 7 8 33 42 11 52 60 14 15 16 17 18 19 57 36 58 39
1 2 29 4 50 51 7 8 33 42 11 52 60 14 15 16 17 18 19 57 24 37 39
1 2 29 4 50 51 7 8 33 42 11 52 60 14 15 16 17 18 19 57 24 58 39
1 2 29 4 50 51 7 8 33 42 11 52 60 59 15 16 17 18 19 57 36 37 39
1 2 29 4 50 51 7 8 33 42 11 52 60 59 15 16 17 18 19 57 36 58 39
1 2 29 4 50 51 7 8 33 42 11 52 60 59 15 16 17 18 19 57 24 37 39
1 2 29 4 50 51 7 8 33 42 11 52 60 59 15 16 17 18 19 57 24 58 39
1 2 29 4 50 51 7 8 33 26 11 52 13 14 15 16 17 18 19 57 36 37 39
1 2 29 4 50 51 7 8 33 26 11 52 13 14 15 16 17 18 19 57 36 58 39
1 2 29 4 50 51 7 8 33 26 11 52 13 14 15 16 17 18 19 57 24 37 39
1 2 29 4 50 51 7 8 33 26 11 52 13 14 15 16 17 18 19 57 24 58 39
1 2 29 4 50 51 7 8 33 26 11 52 13 59 15 16 17 18 19 57 36 37 39
1 2 29 4 50 51 7 8 33 26 11 52 13 59 15 16 17 18 19 57 36 58 39
1 2 29 4 50 51 7 8 33 26 11 52 13 59 15 16 17 18 19 57 24 37 39
1 2 29 4 50 51 7 8 33 26 11 52 13 59 15 16 17 18 19 57 24 58 39
1 2 29 4 50 51 7 8 33 26 11 52 60 14 15 16 17 18 19 57 36 37 39
1 2 29 4 50 51 7 8 33 26 11 52 60 14 15 16 17 18 19 57 36 58 39
1 2 29 4 50 51 7 8 33 26 11 52 60 14 15 16 17 18 19 57 24 37 39
1 2 29 4 50 51 7 8 33 26 11 52 60 14 15 16 17 18 19 57 24 58 39
1 2 29 4 50 51 7 8 33 26 11 52 60 59 15 16 17 18 19 57 36 37 39
1 2 29 4 50 51 7 8 33 26 11 52 60 59 15 16 17 18 19 57 36 58 39
1 2 29 4 50 51 7 8 33 26 11 52 60 59 15 16 17 18 19 57 24 37 39
1 2 29 4 50 51 7 8 33 26 11 52 60 59 15 16 17 18 19 57 24 58 39
1 2 29 49 50 51 7 8 33 25 11 52 13 14 15 16 17 18 19 57 36 37 39
1 2 29 49 50 51 7 8 33 25 11 52 13 14 15 16 17 18 19 57 36 58 39
1 2 29 49 50 51 7 8 33 25 11 52 13 14 15 16 17 18 19 57 24 37 39
1 2 29 49 50 51 7 8 33 25 11 52 13 14 15 16 17 18 19 57 24 58 39
1 2 29 49 50 51 7 8 33 25 11 52 13 59 15 16 17 18 19 57 36 37 39
1 2 29 49 50 51 7 8 33 25 11 52 13 59 15 16 17 18 19 57 36 58 39
1 2 29 49 50 51 7 8 33 25 11 52 13 59 15 16 17 18 19 57 24 37 39
1 2 29 49 50 51 7 8 33 25 11 52 13 59 15 16 17 18 19 57 24 58 39
1 2 29 49 50 51 7 8 33 25 11 52 60 14 15 16 17 18 19 57 36 37 39
1 2 29 49 50 51 7 8 33 25 11 52 60 14 15 16 17 18 19 57 36 58 39
1 2 29 49 50 51 7 8 33 25 11 52 60 14 15 16 17 18 19 57 24 37 39
1 2 29 49 50 51 7 8 33 25 11 52 60 14 15 16 17 18 19 57 24 58 39
1 2 29 49 50 51 7 8 33 25 11 52 60 59 15 16 17 18 19 57 36 37 39
1 2 29 49 50 51 7 8 33 25 11 52 60 59 15 16 17 18 19 57 36 58 39
1 2 29 49 50 51 7 8 33 25 11 52 60 59 15 16 17 18 19 57 24 37 39
1 2 29 49 50 51 7 8 33 25 11 52 60 59 15 16 17 18 19 57 24 58 39
1 2 29 49 50 51 7 8 33 61 11 52 13 14 15 16 17 18 19 57 36 37 39
1 2 29 49 50 51 7 8 33 61 11 52 13 14 15 16 17 18 19 57 36 58 39
1 2 29 49 50 51 7 8 33 61 11 52 13 14 15 16 17 18 19 57 24 37 39
1 2 29 49 50 51 7 8 33 61 11 52 13 14 15 16 17 18 19 57 24 58 39
1 2 29 49 50 51 7 8 33 61 11 52 13 59 15 16 17 18 19 57 36 37 39
1 2 29 49 50 51 7 8 33 61 11 52 13 59 15 16 17 18 19 57 36 58 39
1 2 29 49 50 51 7 8 33 61 11 52 13 59 15 16 17 18 19 57 24 37 39
1 2 29 49 50 51 7 8 33 61 11 52 13 59 15 16 17 18 19 57 24 58 39
1 2 29 49 50 51 7 8 33 61 11 52 60 14 15 16 17 18 19 57 36 37 39
1 2 29 49 50 51 7 8 33 61 11 52 60 14 15 16 17 18 19 57 36 58 39
1 2 29 49 50 51 7 8 33 61 11 52 60 14 15 16 17 18 19 57 24 37 39
1 2 29 49 50 51 7 8 33 61 11 52 60 14 15 16 17 18 19 57 24 58 39
1 2 29 49 50 51 7 8 33 61 11 52 60 59 15 16 17 18 19 57 36 37 39
1 2 29 49 50 51 7 8 33 61 11 52 60 59 15 16 17 18 19 57 36 58 39
1 2 29 49 50 51 7 8 33 61 11 52 60 59 15 16 17 18 19 57 24 37 39
1 2 29 49 50 51 7 8 33 61 11 52 60 59 15 16 17 18 19 57 24 58 39
1 2 29 49 50 51 7 8 33 42 11 52 13 14 15 16 17 18 19 57 36 37 39
1 2 29 49 50 51 7 8 33 42 11 52 13 14 15 16 17 18 19 57 36 58 39
1 2 29 49 50 51 7 8 33 42 11 52 13 14 15 16 17 18 19 57 24 37 39
1 2 29 49 50 51 7 8 33 42 11 52 13 14 15 16 17 18 19 57 24 58 39
1 2 29 49 50 51 7 8 33 42 11 52 13 59 15 16 17 18 19 57 36 37 39
1 2 29 49 50 51 7 8 33 42 11 52 13 59 15 16 17 18 19 57 36 58 39
1 2 29 49 50 51 7 8 33 42 11 52 13 59 15 16 17 18 19 57 24 37 39
1 2 29 49 50 51 7 8 33 42 11 52 13 59 15 16 17 18 19 57 24 58 39
1 2 29 49 50 51 7 8 33 42 11 52 60 14 15 16 17 18 19 57 36 37 39
1 2 29 49 50 51 7 8 33 42 11 52 60 14 15 16 17 18 19 57 36 58 39
1 2 29 49 50 51 7 8 33 42 11 52 60 14 15 16 17 18 19 57 24 37 39
1 2 29 49 50 51 7 8 33 42 11 52 60 14 15 16 17 18 19 57 24 58 39
1 2 29 49 50 51 7 8 33 42 11 52 60 59 15 16 17 18 19 57 36 37 39
1 2 29 49 50 51 7 8 33 42 11 52 60 59 15 16 17 18 19 57 36 58 39
1 2 29 49 50 51 7 8 33 42 11 52 60 59 15 16 17 18 19 57 24 37 39
1 2 29 49 50 51 7 8 33 42 11 52 60 59 15 16 17 18 19 57 24 58 39
1 2 29 49 50 51 7 8 33 26 11 52 13 14 15 16 17 18 19 57 36 37 39
1 2 29 49 50 51 7 8 33 26 11 52 13 14 15 16 17 18 19 57 36 58 39
1 2 29 49 50 51 7 8 33 26 11 52 13 14 15 16 17 18 19 57 24 37 39
1 2 29 49 50 51 7 8 33 26 11 52 13 14 15 16 17 18 19 57 24 58 39
1 2 29 49 50 51 7 8 33 26 11 52 13 59 15 16 17 18 19 57 36 37 39
1 2 29 49 50 51 7 8 33 26 11 52 13 59 15 16 17 18 19 57 36 58 39
1 2 29 49 50 51 7 8 33 26 11 52 13 59 15 16 17 18 19 57 24 37 39
1 2 29 49 50 51 7 8 33 26 11 52 13 59 15 16 17 18 19 57 24 58 39
1 2 29 49 50 51 7 8 33 26 11 52 60 14 15 16 17 18 19 57 36 37 39
1 2 29 49 50 51 7 8 33 26 11 52 60 14 15 16 17 18 19 57 36 58 39
1 2 29 49 50 51 7 8 33 26 11 52 60 14 15 16 17 18 19 57 24 37 39
1 2 29 49 50 51 7 8 33 26 11 52 60 14 15 16 17 18 19 57 24 58 39
1 2 29 49 50 51 7 8 33 26 11 52 60 59 15 16 17 18 19 57 36 37 39
1 2 29 49 50 51 7 8 33 26 11 52 60 59 15 16 17 18 19 57 36 58 39
1 2 29 49 50 51 7 8 33 26 11 52 60 59 15 16 17 18 19 57 24 37 39
1 2 29 49 50 51 7 8 33 26 11 52 60 59 15 16 17 18 19 57 24 58 39
1 2 29 49 50 51 7 8 33 25 11 52 13 14 15 16 17 18 19 57 36 37 39
1 2 29 49 50 51 7 8 33 25 11 52 13 14 15 16 17 18 19 57 36 58 39
1 2 29 49 50 51 7 8 33 25 11 52 13 14 15 16 17 18 19 57 24 37 39
1 2 29 49 50 51 7 8 33 25 11 52 13 14 15 16 17 18 19 57 24 58 39
1 2 29 49 50 51 7 8 33 25 11 52 13 59 15 16 17 18 19 57 36 37 39
1 2 29 49 50 51 7 8 33 25 11 52 13 59 15 16 17 18 19 57 36 58 39
1 2 29 49 50 51 7 8 33 25 11 52 13 59 15 16 17 18 19 57 24 37 39
1 2 29 49 50 51 7 8 33 25 11 52 13 59 15 16 17 18 19 57 24 58 39
1 2 29 49 50 51 7 8 33 25 11 52 60 14 15 16 17 18 19 57 36 37 39
1 2 29 49 50 51 7 8 33 25 11 52 60 14 15 16 17 18 19 57 36 58 39
1 2 29 49 50 51 7 8 33 25 11 52 60 14 15 16 17 18 19 57 24 37 39
1 2 29 49 50 51 7 8 33 25 11 52 60 14 15 16 17 18 19 57 24 58 39
1 2 29 49 50 51 7 8 33 25 11 52 60 59 15 16 17 18 19 57 36 37 39
1 2 29 49 50 51 7 8 33 25 11 52 60 59 15 16 17 18 19 57 36 58 39
1 2 29 49 50 51 7 8 33 25 11 52 60 59 15 16 17 18 19 57 24 37 39
1 2 29 49 50 51 7 8 33 25 11 52 60 59 15 16 17 18 19 57 24 58 39
1 2 29 49 50 51 7 8 33 61 11 52 13 14 15 16 17 18 19 57 36 37 39
1 2 29 49 50 51 7 8 33 61 11 52 13 14 15 16 17 18 19 57 36 58 39
1 2 29 49 50 51 7 8 33 61 11 52 13 14 15 16 17 18 19 57 24 37 39
1 2 29 49 50 51 7 8 33 61 11 52 13 14 15 16 17 18 19 57 24 58 39
1 2 29 49 50 51 7 8 33 61 11 52 13 59 15 16 17 18 19 57 36 37 39
1 2 29 49 50 51 7 8 33 61 11 52 13 59 15 16 17 18 19 57 36 58 39
1 2 29 49 50 51 7 8 33 61 11 52 13 59 15 16 17 18 19 57 24 37 39
1 2 29 49 50 51 7 8 33 61 11 52 13 59 15 16 17 18 19 57 24 58 39
1 2 29 49 50 51 7 8 33 61 11 52 60 14 15 16 17 18 19 57 36 37 39
1 2 29 49 50 51 7 8 33 61 11 52 60 14 15 16 17 18 19 57 36 58 39
1 2 29 49 50 51 7 8 33 61 11 52 60 14 15 16 17 18 19 57 24 37 39
1 2 29 49 50 51 7 8 33 61 11 52 60 14 15 16 17 18 19 57 24 58 39
1 2 29 49 50 51 7 8 33 61 11 52 60 59 15 16 17 18 19 57 36 37 39
1 2 29 49 50 51 7 8 33 61 11 52 60 59 15 16 17 18 19 57 36 58 39
1 2 29 49 50 51 7 8 33 61 11 52 60 59 15 16 17 18 19 57 24 37 39
1 2 29 49 50 51 7 8 33 61 11 52 60 59 15 16 17 18 19 57 24 58 39
1 2 29 49 50 51 7 8 33 42 11 52 13 14 15 16 17 18 19 57 36 37 39
1 2 29 49 50 51 7 8 33 42 11 52 13 14 15 16 17 18 19 57 36 58 39
1 2 29 49 50 51 7 8 33 42 11 52 13 14 15 16 17 18 19 57 24 37 39
1 2 29 49 50 51 7 8 33 42 11 52 13 14 15 16 17 18 19 57 24 58 39
1 2 29 49 50 51 7 8 33 42 11 52 13 59 15 16 17 18 19 57 36 37 39
1 2 29 49 50 51 7 8 33 42 11 52 13 59 15 16 17 18 19 57 36 58 39
1 2 29 49 50 51 7 8 33 42 11 52 13 59 15 16 17 18 19 57 24 37 39
1 2 29 49 50 51 7 8 33 42 11 52 13 59 15 16 17 18 19 57 24 58 39
1 2 29 49 50 51 7 8 33 42 11 52 60 14 15 16 17 18 19 57 36 37 39
1 2 29 49 50 51 7 8 33 42 11 52 60 14 15 16 17 18 19 57 36 58 39
1 2 29 49 50 51 7 8 33 42 11 52 60 14 15 16 17 18 19 57 24 37 39
1 2 29 49 50 51 7 8 33 42 11 52 60 14 15 16 17 18 19 57 24 58 39
1 2 29 49 50 51 7 8 33 42 11 52 60 59 15 16 17 18 19 57 36 37 39
1 2 29 49 50 51 7 8 33 42 11 52 60 59 15 16 17 18 19 57 36 58 39
1 2 29 49 50 51 7 8 33 42 11 52 60 59 15 16 17 18 19 57 24 37 39
1 2 29 49 50 51 7 8 33 42 11 52 60 59 15 16 17 18 19 57 24 58 39
1 2 29 49 50 51 7 8 33 26 11 52 13 14 15 16 17 18 19 57 36 37 39
1 2 29 49 50 51 7 8 33 26 11 52 13 14 15 16 17 18 19 57 36 58 39
1 2 29 49 50 51 7 8 33 26 11 52 13 14 15 16 17 18 19 57 24 37 39
1 2 29 49 50 51 7 8 33 26 11 52 13 14 15 16 17 18 19 57 24 58 39
1 2 29 49 50 51 7 8 33 26 11 52 13 59 15 16 17 18 19 57 36 37 39
1 2 29 49 50 51 7 8 33 26 11 52 13 59 15 16 17 18 19 57 36 58 39
1 2 29 49 50 51 7 8 33 26 11 52 13 59 15 16 17 18 19 57 24 37 39
1 2 29 49 50 51 7 8 33 26 11 52 13 59 15 16 17 18 19 57 24 58 39
1 2 29 49 50 51 7 8 33 26 11 52 60 14 15 16 17 18 19 57 36 37 39
1 2 29 49 50 51 7 8 33 26 11 52 60 14 15 16 17 18 19 57 36 58 39
1 2 29 49 50 51 7 8 33 26 11 52 60 14 15 16 17 18 19 57 24 37 39
1 2 29 49 50 51 7 8 33 26 11 52 60 14 15 16 17 18 19 57 24 58 39
1 2 29 49 50 51 7 8 33 26 11 52 60 59 15 16 17 18 19 57 36 37 39
1 2 29 49 50 51 7 8 33 26 11 52 60 59 15 16 17 18 19 57 36 58 39
1 2 29 49 50 51 7 8 33 26 11 52 60 59 15 16 17 18 19 57 24 37 39
1 2 29 49 50 51 7 8 33 26 11 52 60 59 15 16 17 18 19 57 24 58 39
1 2 29 48 50 51 7 8 33 25 11 52 13 14 15 16 17 18 19 57 36 37 39
1 2 29 48 50 51 7 8 33 25 11 52 13 14 15 16 17 18 19 57 36 58 39
1 2 29 48 50 51 7 8 33 25 11 52 13 14 15 16 17 18 19 57 24 37 39
1 2 29 48 50 51 7 8 33 25 11 52 13 14 15 16 17 18 19 57 24 58 39
1 2 29 48 50 51 7 8 33 25 11 52 13 59 15 16 17 18 19 57 36 37 39
1 2 29 48 50 51 7 8 33 25 11 52 13 59 15 16 17 18 19 57 36 58 39
1 2 29 48 50 51 7 8 33 25 11 52 13 59 15 16 17 18 19 57 24 37 39
1 2 29 48 50 51 7 8 33 25 11 52 13 59 15 16 17 18 19 57 24 58 39
1 2 29 48 50 51 7 8 33 25 11 52 60 14 15 16 17 18 19 57 36 37 39
1 2 29 48 50 51 7 8 33 25 11 52 60 14 15 16 17 18 19 57 36 58 39
1 2 29 48 50 51 7 8 33 25 11 52 60 14 15 16 17 18 19 57 24 37 39
1 2 29 48 50 51 7 8 33 25 11 52 60 14 15 16 17 18 19 57 24 58 39
1 2 29 48 50 51 7 8 33 25 11 52 60 59 15 16 17 18 19 57 36 37 39
1 2 29 48 50 51 7 8 33 25 11 52 60 59 15 16 17 18 19 57 36 58 39
1 2 29 48 50 51 7 8 33 25 11 52 60 59 15 16 17 18 19 57 24 37 39
1 2 29 48 50 51 7 8 33 25 11 52 60 59 15 16 17 18 19 57 24 58 39
1 2 29 48 50 51 7 8 33 61 11 52 13 14 15 16 17 18 19 57 36 37 39
1 2 29 48 50 51 7 8 33 61 11 52 13 14 15 16 17 18 19 57 36 58 39
1 2 29 48 50 51 7 8 33 61 11 52 13 14 15 16 17 18 19 57 24 37 39
1 2 29 48 50 51 7 8 33 61 11 52 13 14 15 16 17 18 19 57 24 58 39
1 2 29 48 50 51 7 8 33 61 11 52 13 59 15 16 17 18 19 57 36 37 39
1 2 29 48 50 51 7 8 33 61 11 52 13 59 15 16 17 18 19 57 36 58 39
1 2 29 48 50 51 7 8 33 61 11 52 13 59 15 16 17 18 19 57 24 37 39
1 2 29 48 50 51 7 8 33 61 11 52 13 59 15 16 17 18 19 57 24 58 39
1 2 29 48 50 51 7 8 33 61 11 52 60 14 15 16 17 18 19 57 36 37 39
1 2 29 48 50 51 7 8 33 61 11 52 60 14 15 16 17 18 19 57 36 58 39
1 2 29 48 50 51 7 8 33 61 11 52 60 14 15 16 17 18 19 57 24 37 39
1 2 29 48 50 51 7 8 33 61 11 52 60 14 15 16 17 18 19 57 24 58 39
1 2 29 48 50 51 7 8 33 61 11 52 60 59 15 16 17 18 19 57 36 37 39
1 2 29 48 50 51 7 8 33 61 11 52 60 59 15 16 17 18 19 57 36 58 39
1 2 29 48 50 51 7 8 33 61 11 52 60 59 15 16 17 18 19 57 24 37 39
1 2 29 48 50 51 7 8 33 61 11 52 60 59 15 16 17 18 19 57 24 58 39
1 2 29 48 50 51 7 8 33 42 11 52 13 14 15 16 17 18 19 57 36 37 39
1 2 29 48 50 51 7 8 33 42 11 52 13 14 15 16 17 18 19 57 36 58 39
1 2 29 48 50 51 7 8 33 42 11 52 13 14 15 16 17 18 19 57 24 37 39
1 2 29 48 50 51 7 8 33 42 11 52 13 14 15 16 17 18 19 57 24 58 39
1 2 29 48 50 51 7 8 33 42 11 52 13 59 15 16 17 18 19 57 36 37 39
1 2 29 48 50 51 7 8 33 42 11 52 13 59 15 16 17 18 19 57 36 58 39
1 2 29 48 50 51 7 8 33 42 11 52 13 59 15 16 17 18 19 57 24 37 39
1 2 29 48 50 51 7 8 33 42 11 52 13 59 15 16 17 18 19 57 24 58 39
1 2 29 48 50 51 7 8 33 42 11 52 60 14 15 16 17 18 19 57 36 37 39
1 2 29 48 50 51 7 8 33 42 11 52 60 14 15 16 17 18 19 57 36 58 39
1 2 29 48 50 51 7 8 33 42 11 52 60 14 15 16 17 18 19 57 24 37 39
1 2 29 48 50 51 7 8 33 42 11 52 60 14 15 16 17 18 19 57 24 58 39
1 2 29 48 50 51 7 8 33 42 11 52 60 59 15 16 17 18 19 57 36 37 39
1 2 29 48 50 51 7 8 33 42 11 52 60 59 15 16 17 18 19 57 36 58 39
1 2 29 48 50 51 7 8 33 42 11 52 60 59 15 16 17 18 19 57 24 37 39
1 2 29 48 50 51 7 8 33 42 11 52 60 59 15 16 17 18 19 57 24 58 39
1 2 29 48 50 51 7 8 33 26 11 52 13 14 15 16 17 18 19 57 36 37 39
1 2 29 48 50 51 7 8 33 26 11 52 13 14 15 16 17 18 19 57 36 58 39
1 2 29 48 50 51 7 8 33 26 11 52 13 14 15 16 17 18 19 57 24 37 39
1 2 29 48 50 51 7 8 33 26 11 52 13 14 15 16 17 18 19 57 24 58 39
1 2 29 48 50 51 7 8 33 26 11 52 13 59 15 16 17 18 19 57 36 37 39
1 2 29 48 50 51 7 8 33 26 11 52 13 59 15 16 17 18 19 57 36 58 39
1 2 29 48 50 51 7 8 33 26 11 52 13 59 15 16 17 18 19 57 24 37 39
1 2 29 48 50 51 7 8 33 26 11 52 13 59 15 16 17 18 19 57 24 58 39
1 2 29 48 50 51 7 8 33 26 11 52 60 14 15 16 17 18 19 57 36 37 39
1 2 29 48 50 51 7 8 33 26 11 52 60 14 15 16 17 18 19 57 36 58 39
1 2 29 48 50 51 7 8 33 26 11 52 60 14 15 16 17 18 19 57 24 37 39
1 2 29 48 50 51 7 8 33 26 11 52 60 14 15 16 17 18 19 57 24 58 39
1 2 29 48 50 51 7 8 33 26 11 52 60 59 15 16 17 18 19 57 36 37 39
1 2 29 48 50 51 7 8 33 26 11 52 60 59 15 16 17 18 19 57 36 58 39
1 2 29 48 50 51 7 8 33 26 11 52 60 59 15 16 17 18 19 57 24 37 39
1 2 29 48 50 51 7 8 33 26 11 52 60 59 15 16 17 18 19 57 24 58 39
1 30 3 4 50 51 7 8 33 25 11 52 13 14 15 16 17 18 19 57 36 37 39
1 30 3 4 50 51 7 8 33 25 11 52 13 14 15 16 17 18 19 57 36 58 39
1 30 3 4 50 51 7 8 33 25 11 52 13 14 15 16 17 18 19 57 24 37 39
1 30 3 4 50 51 7 8 33 25 11 52 13 14 15 16 17 18 19 57 24 58 39
1 30 3 4 50 51 7 8 33 25 11 52 13 59 15 16 17 18 19 57 36 37 39
1 30 3 4 50 51 7 8 33 25 11 52 13 59 15 16 17 18 19 57 36 58 39
1 30 3 4 50 51 7 8 33 25 11 52 13 59 15 16 17 18 19 57 24 37 39
1 30 3 4 50 51 7 8 33 25 11 52 13 59 15 16 17 18 19 57 24 58 39
1 30 3 4 50 51 7 8 33 25 11 52 60 14 15 16 17 18 19 57 36 37 39
1 30 3 4 50 51 7 8 33 25 11 52 60 14 15 16 17 18 19 57 36 58 39
1 30 3 4 50 51 7 8 33 25 11 52 60 14 15 16 17 18 19 57 24 37 39
1 30 3 4 50 51 7 8 33 25 11 52 60 14 15 16 17 18 19 57 24 58 39
1 30 3 4 50 51 7 8 33 25 11 52 60 59 15 16 17 18 19 57 36 37 39
1 30 3 4 50 51 7 8 33 25 11 52 60 59 15 16 17 18 19 57 36 58 39
1 30 3 4 50 51 7 8 33 25 11 52 60 59 15 16 17 18 19 57 24 37 39
1 30 3 4 50 51 7 8 33 25 11 52 60 59 15 16 17 18 19 57 24 58 39
1 30 3 4 50 51 7 8 33 61 11 52 13 14 15 16 17 18 19 57 36 37 39
1 30 3 4 50 51 7 8 33 61 11 52 13 14 15 16 17 18 19 57 36 58 39
1 30 3 4 50 51 7 8 33 61 11 52 13 14 15 16 17 18 19 57 24 37 39
1 30 3 4 50 51 7 8 33 61 11 52 13 14 15 16 17 18 19 57 24 58 39
1 30 3 4 50 51 7 8 33 61 11 52 13 59 15 16 17 18 19 57 36 37 39
1 30 3 4 50 51 7 8 33 61 11 52 13 59 15 16 17 18 19 57 36 58 39
1 30 3 4 50 51 7 8 33 61 11 52 13 59 15 16 17 18 19 57 24 37 39
1 30 3 4 50 51 7 8 33 61 11 52 13 59 15 16 17 18 19 57 24 58 39
1 30 3 4 50 51 7 8 33 61 11 52 60 14 15 16 17 18 19 57 36 37 39
1 30 3 4 50 51 7 8 33 61 11 52 60 14 15 16 17 18 19 57 36 58 39
1 30 3 4 50 51 7 8 33 61 11 52 60 14 15 16 17 18 19 57 24 37 39
1 30 3 4 50 51 7 8 33 61 11 52 60 14 15 16 17 18 19 57 24 58 39
1 30 3 4 50 51 7 8 33 61 11 52 60 59 15 16 17 18 19 57 36 37 39
1 30 3 4 50 51 7 8 33 61 11 52 60 59 15 16 17 18 19 57 36 58 39
1 30 3 4 50 51 7 8 33 61 11 52 60 59 15 16 17 18 19 57 24 37 39
1 30 3 4 50 51 7 8 33 61 11 52 60 59 15 16 17 18 19 57 24 58 39
1 30 3 4 50 51 7 8 33 42 11 52 13 14 15 16 17 18 19 57 36 37 39
1 30 3 4 50 51 7 8 33 42 11 52 13 14 15 16 17 18 19 57 36 58 39
1 30 3 4 50 51 7 8 33 42 11 52 13 14 15 16 17 18 19 57 24 37 39
1 30 3 4 50 51 7 8 33 42 11 52 13 14 15 16 17 18 19 57 24 58 39
1 30 3 4 50 51 7 8 33 42 11 52 13 59 15 16 17 18 19 57 36 37 39
1 30 3 4 50 51 7 8 33 42 11 52 13 59 15 16 17 18 19 57 36 58 39
1 30 3 4 50 51 7 8 33 42 11 52 13 59 15 16 17 18 19 57 24 37 39
1 30 3 4 50 51 7 8 33 42 11 52 13 59 15 16 17 18 19 57 24 58 39
1 30 3 4 50 51 7 8 33 42 11 52 60 14 15 16 17 18 19 57 36 37 39
1 30 3 4 50 51 7 8 33 42 11 52 60 14 15 16 17 18 19 57 36 58 39
1 30 3 4 50 51 7 8 33 42 11 52 60 14 15 16 17 18 19 57 24 37 39
1 30 3 4 50 51 7 8 33 42 11 52 60 14 15 16 17 18 19 57 24 58 39
1 30 3 4 50 51 7 8 33 42 11 52 60 59 15 16 17 18 19 57 36 37 39
1 30 3 4 50 51 7 8 33 42 11 52 60 59 15 16 17 18 19 57 36 58 39
1 30 3 4 50 51 7 8 33 42 11 52 60 59 15 16 17 18 19 57 24 37 39
1 30 3 4 50 51 7 8 33 42 11 52 60 59 15 16 17 18 19 57 24 58 39
1 30 3 4 50 51 7 8 33 26 11 52 13 14 15 16 17 18 19 57 36 37 39
1 30 3 4 50 51 7 8 33 26 11 52 13 14 15 16 17 18 19 57 36 58 39
1 30 3 4 50 51 7 8 33 26 11 52 13 14 15 16 17 18 19 57 24 37 39
1 30 3 4 50 51 7 8 33 26 11 52 13 14 15 16 17 18 19 57 24 58 39
1 30 3 4 50 51 7 8 33 26 11 52 13 59 15 16 17 18 19 57 36 37 39
1 30 3 4 50 51 7 8 33 26 11 52 13 59 15 16 17 18 19 57 36 58 39
1 30 3 4 50 51 7 8 33 26 11 52 13 59 15 16 17 18 19 57 24 37 39
1 30 3 4 50 51 7 8 33 26 11 52 13 59 15 16 17 18 19 57 24 58 39
1 30 3 4 50 51 7 8 33 26 11 52 60 14 15 16 17 18 19 57 36 37 39
1 30 3 4 50 51 7 8 33 26 11 52 60 14 15 16 17 18 19 57 36 58 39
1 30 3 4 50 51 7 8 33 26 11 52 60 14 15 16 17 18 19 57 24 37 39
1 30 3 4 50 51 7 8 33 26 11 52 60 14 15 16 17 18 19 57 24 58 39
1 30 3 4 50 51 7 8 33 26 11 52 60 59 15 16 17 18 19 57 36 37 39
1 30 3 4 50 51 7 8 33 26 11 52 60 59 15 16 17 18 19 57 36 58 39
1 30 3 4 50 51 7 8 33 26 11 52 60 59 15 16 17 18 19 57 24 37 39
1 30 3 4 50 51 7 8 33 26 11 52 60 59 15 16 17 18 19 57 24 58 39
1 30 3 49 50 51 7 8 33 25 11 52 13 14 15 16 17 18 19 57 36 37 39
1 30 3 49 50 51 7 8 33 25 11 52 13 14 15 16 17 18 19 57 36 58 39
1 30 3 49 50 51 7 8 33 25 11 52 13 14 15 16 17 18 19 57 24 37 39
1 30 3 49 50 51 7 8 33 25 11 52 13 14 15 16 17 18 19 57 24 58 39
1 30 3 49 50 51 7 8 33 25 11 52 13 59 15 16 17 18 19 57 36 37 39
1 30 3 49 50 51 7 8 33 25 11 52 13 59 15 16 17 18 19 57 36 58 39
1 30 3 49 50 51 7 8 33 25 11 52 13 59 15 16 17 18 19 57 24 37 39
1 30 3 49 50 51 7 8 33 25 11 52 13 59 15 16 17 18 19 57 24 58 39
1 30 3 49 50 51 7 8 33 25 11 52 60 14 15 16 17 18 19 57 36 37 39
1 30 3 49 50 51 7 8 33 25 11 52 60 14 15 16 17 18 19 57 36 58 39
1 30 3 49 50 51 7 8 33 25 11 52 60 14 15 16 17 18 19 57 24 37 39
1 30 3 49 50 51 7 8 33 25 11 52 60 14 15 16 17 18 19 57 24 58 39
1 30 3 49 50 51 7 8 33 25 11 52 60 59 15 16 17 18 19 57 36 37 39
1 30 3 49 50 51 7 8 33 25 11 52 60 59 15 16 17 18 19 57 36 58 39
1 30 3 49 50 51 7 8 33 25 11 52 60 59 15 16 17 18 19 57 24 37 39
1 30 3 49 50 51 7 8 33 25 11 52 60 59 15 16 17 18 19 57 24 58 39
1 30 3 49 50 51 7 8 33 61 11 52 13 14 15 16 17 18 19 57 36 37 39
1 30 3 49 50 51 7 8 33 61 11 52 13 14 15 16 17 18 19 57 36 58 39
1 30 3 49 50 51 7 8 33 61 11 52 13 14 15 16 17 18 19 57 24 37 39
1 30 3 49 50 51 7 8 33 61 11 52 13 14 15 16 17 18 19 57 24 58 39
1 30 3 49 50 51 7 8 33 61 11 52 13 59 15 16 17 18 19 57 36 37 39
1 30 3 49 50 51 7 8 33 61 11 52 13 59 15 16 17 18 19 57 36 58 39
1 30 3 49 50 51 7 8 33 61 11 52 13 59 15 16 17 18 19 57 24 37 39
1 30 3 49 50 51 7 8 33 61 11 52 13 59 15 16 17 18 19 57 24 58 39
1 30 3 49 50 51 7 8 33 61 11 52 60 14 15 16 17 18 19 57 36 37 39
1 30 3 49 50 51 7 8 33 61 11 52 60 14 15 16 17 18 19 57 36 58 39
1 30 3 49 50 51 7 8 33 61 11 52 60 14 15 16 17 18 19 57 24 37 39
1 30 3 49 50 51 7 8 33 61 11 52 60 14 15 16 17 18 19 57 24 58 39
1 30 3 49 50 51 7 8 33 61 11 52 60 59 15 16 17 18 19 57 36 37 39
1 30 3 49 50 51 7 8 33 61 11 52 60 59 15 16 17 18 19 57 36 58 39
1 30 3 49 50 51 7 8 33 61 11 52 60 59 15 16 17 18 19 57 24 37 39
1 30 3 49 50 51 7 8 33 61 11 52 60 59 15 16 17 18 19 57 24 58 39
1 30 3 49 50 51 7 8 33 42 11 52 13 14 15 16 17 18 19 57 36 37 39
1 30 3 49 50 51 7 8 33 42 11 52 13 14 15 16 17 18 19 57 36 58 39
1 30 3 49 50 51 7 8 33 42 11 52 13 14 15 16 17 18 19 57 24 37 39
1 30 3 49 50 51 7 8 33 42 11 52 13 14 15 16 17 18 19 57 24 58 39
1 30 3 49 50 51 7 8 33 42 11 52 13 59 15 16 17 18 19 57 36 37 39
1 30 3 49 50 51 7 8 33 42 11 52 13 59 15 16 17 18 19 57 36 58 39
1 30 3 49 50 51 7 8 33 42 11 52 13 59 15 16 17 18 19 57 24 37 39
1 30 3 49 50 51 7 8 33 42 11 52 13 59 15 16 17 18 19 57 24 58 39
1 30 3 49 50 51 7 8 33 42 11 52 60 14 15 16 17 18 19 57 36 37 39
1 30 3 49 50 51 7 8 33 42 11 52 60 14 15 16 17 18 19 57 36 58 39
1 30 3 49 50 51 7 8 33 42 11 52 60 14 15 16 17 18 19 57 24 37 39
1 30 3 49 50 51 7 8 33 42 11 52 60 14 15 16 17 18 19 57 24 58 39
1 30 3 49 50 51 7 8 33 42 11 52 60 59 15 16 17 18 19 57 36 37 39
1 30 3 49 50 51 7 8 33 42 11 52 60 59 15 16 17 18 19 57 36 58 39
1 30 3 49 50 51 7 8 33 42 11 52 60 59 15 16 17 18 19 57 24 37 39
1 30 3 49 50 51 7 8 33 42 11 52 60 59 15 16 17 18 19 57 24 58 39
1 30 3 49 50 51 7 8 33 26 11 52 13 14 15 16 17 18 19 57 36 37 39
1 30 3 49 50 51 7 8 33 26 11 52 13 14 15 16 17 18 19 57 36 58 39
1 30 3 49 50 51 7 8 33 26 11 52 13 14 15 16 17 18 19 57 24 37 39
1 30 3 49 50 51 7 8 33 26 11 52 13 14 15 16 17 18 19 57 24 58 39
1 30 3 49 50 51 7 8 33 26 11 52 13 59 15 16 17 18 19 57 36 37 39
1 30 3 49 50 51 7 8 33 26 11 52 13 59 15 16 17 18 19 57 36 58 39
1 30 3 49 50 51 7 8 33 26 11 52 13 59 15 16 17 18 19 57 24 37 39
1 30 3 49 50 51 7 8 33 26 11 52 13 59 15 16 17 18 19 57 24 58 39
1 30 3 49 50 51 7 8 33 26 11 52 60 14 15 16 17 18 19 57 36 37 39
1 30 3 49 50 51 7 8 33 26 11 52 60 14 15 16 17 18 19 57 36 58 39
1 30 3 49 50 51 7 8 33 26 11 52 60 14 15 16 17 18 19 57 24 37 39
1 30 3 49 50 51 7 8 33 26 11 52 60 14 15 16 17 18 19 57 24 58 39
1 30 3 49 50 51 7 8 33 26 11 52 60 59 15 16 17 18 19 57 36 37 39
1 30 3 49 50 51 7 8 33 26 11 52 60 59 15 16 17 18 19 57 36 58 39
1 30 3 49 50 51 7 8 33 26 11 52 60 59 15 16 17 18 19 57 24 37 39
1 30 3 49 50 51 7 8 33 26 11 52 60 59 15 16 17 18 19 57 24 58 39
1 30 3 49 50 51 7 8 33 25 11 52 13 14 15 16 17 18 19 57 36 37 39
1 30 3 49 50 51 7 8 33 25 11 52 13 14 15 16 17 18 19 57 36 58 39
1 30 3 49 50 51 7 8 33 25 11 52 13 14 15 16 17 18 19 57 24 37 39
1 30 3 49 50 51 7 8 33 25 11 52 13 14 15 16 17 18 19 57 24 58 39
1 30 3 49 50 51 7 8 33 25 11 52 13 59 15 16 17 18 19 57 36 37 39
1 30 3 49 50 51 7 8 33 25 11 52 13 59 15 16 17 18 19 57 36 58 39
1 30 3 49 50 51 7 8 33 25 11 52 13 59 15 16 17 18 19 57 24 37 39
1 30 3 49 50 51 7 8 33 25 11 52 13 59 15 16 17 18 19 57 24 58 39
1 30 3 49 50 51 7 8 33 25 11 52 60 14 15 16 17 18 19 57 36 37 39
1 30 3 49 50 51 7 8 33 25 11 52 60 14 15 16 17 18 19 57 36 58 39
1 30 3 49 50 51 7 8 33 25 11 52 60 14 15 16 17 18 19 57 24 37 39
1 30 3 49 50 51 7 8 33 25 11 52 60 14 15 16 17 18 19 57 24 58 39
1 30 3 49 50 51 7 8 33 25 11 52 60 59 15 16 17 18 19 57 36 37 39
1 30 3 49 50 51 7 8 33 25 11 52 60 59 15 16 17 18 19 57 36 58 39
1 30 3 49 50 51 7 8 33 25 11 52 60 59 15 16 17 18 19 57 24 37 39
1 30 3 49 50 51 7 8 33 25 11 52 60 59 15 16 17 18 19 57 24 58 39
1 30 3 49 50 51 7 8 33 61 11 52 13 14 15 16 17 18 19 57 36 37 39
1 30 3 49 50 51 7 8 33 61 11 52 13 14 15 16 17 18 19 57 36 58 39
1 30 3 49 50 51 7 8 33 61 11 52 13 14 15 16 17 18 19 57 24 37 39
1 30 3 49 50 51 7 8 33 61 11 52 13 14 15 16 17 18 19 57 24 58 39
1 30 3 49 50 51 7 8 33 61 11 52 13 59 15 16 17 18 19 57 36 37 39
1 30 3 49 50 51 7 8 33 61 11 52 13 59 15 16 17 18 19 57 36 58 39
1 30 3 49 50 51 7 8 33 61 11 52 13 59 15 16 17 18 19 57 24 37 39
1 30 3 49 50 51 7 8 33 61 11 52 13 59 15 16 17 18 19 57 24 58 39
1 30 3 49 50 51 7 8 33 61 11 52 60 14 15 16 17 18 19 57 36 37 39
1 30 3 49 50 51 7 8 33 61 11 52 60 14 15 16 17 18 19 57 36 58 39
1 30 3 49 50 51 7 8 33 61 11 52 60 14 15 16 17 18 19 57 24 37 39
1 30 3 49 50 51 7 8 33 61 11 52 60 14 15 16 17 18 19 57 24 58 39
1 30 3 49 50 51 7 8 33 61 11 52 60 59 15 16 17 18 19 57 36 37 39
1 30 3 49 50 51 7 8 33 61 11 52 60 59 15 16 17 18 19 57 36 58 39
1 30 3 49 50 51 7 8 33 61 11 52 60 59 15 16 17 18 19 57 24 37 39
1 30 3 49 50 51 7 8 33 61 11 52 60 59 15 16 17 18 19 57 24 58 39
1 30 3 49 50 51 7 8 33 42 11 52 13 14 15 16 17 18 19 57 36 37 39
1 30 3 49 50 51 7 8 33 42 11 52 13 14 15 16 17 18 19 57 36 58 39
1 30 3 49 50 51 7 8 33 42 11 52 13 14 15 16 17 18 19 57 24 37 39
1 30 3 49 50 51 7 8 33 42 11 52 13 14 15 16 17 18 19 57 24 58 39
1 30 3 49 50 51 7 8 33 42 11 52 13 59 15 16 17 18 19 57 36 37 39
1 30 3 49 50 51 7 8 33 42 11 52 13 59 15 16 17 18 19 57 36 58 39
1 30 3 49 50 51 7 8 33 42 11 52 13 59 15 16 17 18 19 57 24 37 39
1 30 3 49 50 51 7 8 33 42 11 52 13 59 15 16 17 18 19 57 24 58 39
1 30 3 49 50 51 7 8 33 42 11 52 60 14 15 16 17 18 19 57 36 37 39
1 30 3 49 50 51 7 8 33 42 11 52 60 14 15 16 17 18 19 57 36 58 39
1 30 3 49 50 51 7 8 33 42 11 52 60 14 15 16 17 18 19 57 24 37 39
1 30 3 49 50 51 7 8 33 42 11 52 60 14 15 16 17 18 19 57 24 58 39
1 30 3 49 50 51 7 8 33 42 11 52 60 59 15 16 17 18 19 57 36 37 39
1 30 3 49 50 51 7 8 33 42 11 52 60 59 15 16 17 18 19 57 36 58 39
1 30 3 49 50 51 7 8 33 42 11 52 60 59 15 16 17 18 19 57 24 37 39
1 30 3 49 50 51 7 8 33 42 11 52 60 59 15 16 17 18 19 57 24 58 39
1 30 3 49 50 51 7 8 33 26 11 52 13 14 15 16 17 18 19 57 36 37 39
1 30 3 49 50 51 7 8 33 26 11 52 13 14 15 16 17 18 19 57 36 58 39
1 30 3 49 50 51 7 8 33 26 11 52 13 14 15 16 17 18 19 57 24 37 39
1 30 3 49 50 51 7 8 33 26 11 52 13 14 15 16 17 18 19 57 24 58 39
1 30 3 49 50 51 7 8 33 26 11 52 13 59 15 16 17 18 19 57 36 37 39
1 30 3 49 50 51 7 8 33 26 11 52 13 59 15 16 17 18 19 57 36 58 39
1 30 3 49 50 51 7 8 33 26 11 52 13 59 15 16 17 18 19 57 24 37 39
1 30 3 49 50 51 7 8 33 26 11 52 13 59 15 16 17 18 19 57 24 58 39
1 30 3 49 50 51 7 8 33 26 11 52 60 14 15 16 17 18 19 57 36 37 39
1 30 3 49 50 51 7 8 33 26 11 52 60 14 15 16 17 18 19 57 36 58 39
1 30 3 49 50 51 7 8 33 26 11 52 60 14 15 16 17 18 19 57 24 37 39
1 30 3 49 50 51 7 8 33 26 11 52 60 14 15 16 17 18 19 57 24 58 39
1 30 3 49 50 51 7 8 33 26 11 52 60 59 15 16 17 18 19 57 36 37 39
1 30 3 49 50 51 7 8 33 26 11 52 60 59 15 16 17 18 19 57 36 58 39
1 30 3 49 50 51 7 8 33 26 11 52 60 59 15 16 17 18 19 57 24 37 39
1 30 3 49 50 51 7 8 33 26 11 52 60 59 15 16 17 18 19 57 24 58 39
1 30 3 48 50 51 7 8 33 25 11 52 13 14 15 16 17 18 19 57 36 37 39
1 30 3 48 50 51 7 8 33 25 11 52 13 14 15 16 17 18 19 57 36 58 39
1 30 3 48 50 51 7 8 33 25 11 52 13 14 15 16 17 18 19 57 24 37 39
1 30 3 48 50 51 7 8 33 25 11 52 13 14 15 16 17 18 19 57 24 58 39
1 30 3 48 50 51 7 8 33 25 11 52 13 59 15 16 17 18 19 57 36 37 39
1 30 3 48 50 51 7 8 33 25 11 52 13 59 15 16 17 18 19 57 36 58 39
1 30 3 48 50 51 7 8 33 25 11 52 13 59 15 16 17 18 19 57 24 37 39
1 30 3 48 50 51 7 8 33 25 11 52 13 59 15 16 17 18 19 57 24 58 39
1 30 3 48 50 51 7 8 33 25 11 52 60 14 15 16 17 18 19 57 36 37 39
1 30 3 48 50 51 7 8 33 25 11 52 60 14 15 16 17 18 19 57 36 58 39
1 30 3 48 50 51 7 8 33 25 11 52 60 14 15 16 17 18 19 57 24 37 39
1 30 3 48 50 51 7 8 33 25 11 52 60 14 15 16 17 18 19 57 24 58 39
1 30 3 48 50 51 7 8 33 25 11 52 60 59 15 16 17 18 19 57 36 37 39
1 30 3 48 50 51 7 8 33 25 11 52 60 59 15 16 17 18 19 57 36 58 39
1 30 3 48 50 51 7 8 33 25 11 52 60 59 15 16 17 18 19 57 24 37 39
1 30 3 48 50 51 7 8 33 25 11 52 60 59 15 16 17 18 19 57 24 58 39
1 30 3 48 50 51 7 8 33 61 11 52 13 14 15 16 17 18 19 57 36 37 39
1 30 3 48 50 51 7 8 33 61 11 52 13 14 15 16 17 18 19 57 36 58 39
1 30 3 48 50 51 7 8 33 61 11 52 13 14 15 16 17 18 19 57 24 37 39
1 30 3 48 50 51 7 8 33 61 11 52 13 14 15 16 17 18 19 57 24 58 39
1 30 3 48 50 51 7 8 33 61 11 52 13 59 15 16 17 18 19 57 36 37 39
1 30 3 48 50 51 7 8 33 61 11 52 13 59 15 16 17 18 19 57 36 58 39
1 30 3 48 50 51 7 8 33 61 11 52 13 59 15 16 17 18 19 57 24 37 39
1 30 3 48 50 51 7 8 33 61 11 52 13 59 15 16 17 18 19 57 24 58 39
1 30 3 48 50 51 7 8 33 61 11 52 60 14 15 16 17 18 19 57 36 37 39
1 30 3 48 50 51 7 8 33 61 11 52 60 14 15 16 17 18 19 57 36 58 39
1 30 3 48 50 51 7 8 33 61 11 52 60 14 15 16 17 18 19 57 24 37 39
1 30 3 48 50 51 7 8 33 61 11 52 60 14 15 16 17 18 19 57 24 58 39
1 30 3 48 50 51 7 8 33 61 11 52 60 59 15 16 17 18 19 57 36 37 39
1 30 3 48 50 51 7 8 33 61 11 52 60 59 15 16 17 18 19 57 36 58 39
1 30 3 48 50 51 7 8 33 61 11 52 60 59 15 16 17 18 19 57 24 37 39
1 30 3 48 50 51 7 8 33 61 11 52 60 59 15 16 17 18 19 57 24 58 39
1 30 3 48 50 51 7 8 33 42 11 52 13 14 15 16 17 18 19 57 36 37 39
1 30 3 48 50 51 7 8 33 42 11 52 13 14 15 16 17 18 19 57 36 58 39
1 30 3 48 50 51 7 8 33 42 11 52 13 14 15 16 17 18 19 57 24 37 39
1 30 3 48 50 51 7 8 33 42 11 52 13 14 15 16 17 18 19 57 24 58 39
1 30 3 48 50 51 7 8 33 42 11 52 13 59 15 16 17 18 19 57 36 37 39
1 30 3 48 50 51 7 8 33 42 11 52 13 59 15 16 17 18 19 57 36 58 39
1 30 3 48 50 51 7 8 33 42 11 52 13 59 15 16 17 18 19 57 24 37 39
1 30 3 48 50 51 7 8 33 42 11 52 13 59 15 16 17 18 19 57 24 58 39
1 30 3 48 50 51 7 8 33 42 11 52 60 14 15 16 17 18 19 57 36 37 39
1 30 3 48 50 51 7 8 33 42 11 52 60 14 15 16 17 18 19 57 36 58 39
1 30 3 48 50 51 7 8 33 42 11 52 60 14 15 16 17 18 19 57 24 37 39
1 30 3 48 50 51 7 8 33 42 11 52 60 14 15 16 17 18 19 57 24 58 39
1 30 3 48 50 51 7 8 33 42 11 52 60 59 15 16 17 18 19 57 36 37 39
1 30 3 48 50 51 7 8 33 42 11 52 60 59 15 16 17 18 19 57 36 58 39
1 30 3 48 50 51 7 8 33 42 11 52 60 59 15 16 17 18 19 57 24 37 39
1 30 3 48 50 51 7 8 33 42 11 52 60 59 15 16 17 18 19 57 24 58 39
1 30 3 48 50 51 7 8 33 26 11 52 13 14 15 16 17 18 19 57 36 37 39
1 30 3 48 50 51 7 8 33 26 11 52 13 14 15 16 17 18 19 57 36 58 39
1 30 3 48 50 51 7 8 33 26 11 52 13 14 15 16 17 18 19 57 24 37 39
1 30 3 48 50 51 7 8 33 26 11 52 13 14 15 16 17 18 19 57 24 58 39
1 30 3 48 50 51 7 8 33 26 11 52 13 59 15 16 17 18 19 57 36 37 39
1 30 3 48 50 51 7 8 33 26 11 52 13 59 15 16 17 18 19 57 36 58 39
1 30 3 48 50 51 7 8 33 26 11 52 13 59 15 16 17 18 19 57 24 37 39
1 30 3 48 50 51 7 8 33 26 11 52 13 59 15 16 17 18 19 57 24 58 39
1 30 3 48 50 51 7 8 33 26 11 52 60 14 15 16 17 18 19 57 36 37 39
1 30 3 48 50 51 7 8 33 26 11 52 60 14 15 16 17 18 19 57 36 58 39
1 30 3 48 50 51 7 8 33 26 11 52 60 14 15 16 17 18 19 57 24 37 39
1 30 3 48 50 51 7 8 33 26 11 52 60 14 15 16 17 18 19 57 24 58 39
1 30 3 48 50 51 7 8 33 26 11 52 60 59 15 16 17 18 19 57 36 37 39
1 30 3 48 50 51 7 8 33 26 11 52 60 59 15 16 17 18 19 57 36 58 39
1 30 3 48 50 51 7 8 33 26 11 52 60 59 15 16 17 18 19 57 24 37 39
1 30 3 48 50 51 7 8 33 26 11 52 60 59 15 16 17 18 19 57 24 58 39
1 30 29 4 50 51 7 8 33 25 11 52 13 14 15 16 17 18 19 57 36 37 39
1 30 29 4 50 51 7 8 33 25 11 52 13 14 15 16 17 18 19 57 36 58 39
1 30 29 4 50 51 7 8 33 25 11 52 13 14 15 16 17 18 19 57 24 37 39
1 30 29 4 50 51 7 8 33 25 11 52 13 14 15 16 17 18 19 57 24 58 39
1 30 29 4 50 51 7 8 33 25 11 52 13 59 15 16 17 18 19 57 36 37 39
1 30 29 4 50 51 7 8 33 25 11 52 13 59 15 16 17 18 19 57 36 58 39
1 30 29 4 50 51 7 8 33 25 11 52 13 59 15 16 17 18 19 57 24 37 39
1 30 29 4 50 51 7 8 33 25 11 52 13 59 15 16 17 18 19 57 24 58 39
1 30 29 4 50 51 7 8 33 25 11 52 60 14 15 16 17 18 19 57 36 37 39
1 30 29 4 50 51 7 8 33 25 11 52 60 14 15 16 17 18 19 57 36 58 39
1 30 29 4 50 51 7 8 33 25 11 52 60 14 15 16 17 18 19 57 24 37 39
1 30 29 4 50 51 7 8 33 25 11 52 60 14 15 16 17 18 19 57 24 58 39
1 30 29 4 50 51 7 8 33 25 11 52 60 59 15 16 17 18 19 57 36 37 39
1 30 29 4 50 51 7 8 33 25 11 52 60 59 15 16 17 18 19 57 36 58 39
1 30 29 4 50 51 7 8 33 25 11 52 60 59 15 16 17 18 19 57 24 37 39
1 30 29 4 50 51 7 8 33 25 11 52 60 59 15 16 17 18 19 57 24 58 39
1 30 29 4 50 51 7 8 33 61 11 52 13 14 15 16 17 18 19 57 36 37 39
1 30 29 4 50 51 7 8 33 61 11 52 13 14 15 16 17 18 19 57 36 58 39
1 30 29 4 50 51 7 8 33 61 11 52 13 14 15 16 17 18 19 57 24 37 39
1 30 29 4 50 51 7 8 33 61 11 52 13 14 15 16 17 18 19 57 24 58 39
1 30 29 4 50 51 7 8 33 61 11 52 13 59 15 16 17 18 19 57 36 37 39
1 30 29 4 50 51 7 8 33 61 11 52 13 59 15 16 17 18 19 57 36 58 39
1 30 29 4 50 51 7 8 33 61 11 52 13 59 15 16 17 18 19 57 24 37 39
1 30 29 4 50 51 7 8 33 61 11 52 13 59 15 16 17 18 19 57 24 58 39
1 30 29 4 50 51 7 8 33 61 11 52 60 14 15 16 17 18 19 57 36 37 39
1 30 29 4 50 51 7 8 33 61 11 52 60 14 15 16 17 18 19 57 36 58 39
1 30 29 4 50 51 7 8 33 61 11 52 60 14 15 16 17 18 19 57 24 37 39
1 30 29 4 50 51 7 8 33 61 11 52 60 14 15 16 17 18 19 57 24 58 39
1 30 29 4 50 51 7 8 33 61 11 52 60 59 15 16 17 18 19 57 36 37 39
1 30 29 4 50 51 7 8 33 61 11 52 60 59 15 16 17 18 19 57 36 58 39
1 30 29 4 50 51 7 8 33 61 11 52 60 59 15 16 17 18 19 57 24 37 39
1 30 29 4 50 51 7 8 33 61 11 52 60 59 15 16 17 18 19 57 24 58 39
1 30 29 4 50 51 7 8 33 42 11 52 13 14 15 16 17 18 19 57 36 37 39
1 30 29 4 50 51 7 8 33 42 11 52 13 14 15 16 17 18 19 57 36 58 39
1 30 29 4 50 51 7 8 33 42 11 52 13 14 15 16 17 18 19 57 24 37 39
1 30 29 4 50 51 7 8 33 42 11 52 13 14 15 16 17 18 19 57 24 58 39
1 30 29 4 50 51 7 8 33 42 11 52 13 59 15 16 17 18 19 57 36 37 39
1 30 29 4 50 51 7 8 33 42 11 52 13 59 15 16 17 18 19 57 36 58 39
1 30 29 4 50 51 7 8 33 42 11 52 13 59 15 16 17 18 19 57 24 37 39
1 30 29 4 50 51 7 8 33 42 11 52 13 59 15 16 17 18 19 57 24 58 39
1 30 29 4 50 51 7 8 33 42 11 52 60 14 15 16 17 18 19 57 36 37 39
1 30 29 4 50 51 7 8 33 42 11 52 60 14 15 16 17 18 19 57 36 58 39
1 30 29 4 50 51 7 8 33 42 11 52 60 14 15 16 17 18 19 57 24 37 39
1 30 29 4 50 51 7 8 33 42 11 52 60 14 15 16 17 18 19 57 24 58 39
1 30 29 4 50 51 7 8 33 42 11 52 60 59 15 16 17 18 19 57 36 37 39
1 30 29 4 50 51 7 8 33 42 11 52 60 59 15 16 17 18 19 57 36 58 39
1 30 29 4 50 51 7 8 33 42 11 52 60 59 15 16 17 18 19 57 24 37 39
1 30 29 4 50 51 7 8 33 42 11 52 60 59 15 16 17 18 19 57 24 58 39
1 30 29 4 50 51 7 8 33 26 11 52 13 14 15 16 17 18 19 57 36 37 39
1 30 29 4 50 51 7 8 33 26 11 52 13 14 15 16 17 18 19 57 36 58 39
1 30 29 4 50 51 7 8 33 26 11 52 13 14 15 16 17 18 19 57 24 37 39
1 30 29 4 50 51 7 8 33 26 11 52 13 14 15 16 17 18 19 57 24 58 39
1 30 29 4 50 51 7 8 33 26 11 52 13 59 15 16 17 18 19 57 36 37 39
1 30 29 4 50 51 7 8 33 26 11 52 13 59 15 16 17 18 19 57 36 58 39
1 30 29 4 50 51 7 8 33 26 11 52 13 59 15 16 17 18 19 57 24 37 39
1 30 29 4 50 51 7 8 33 26 11 52 13 59 15 16 17 18 19 57 24 58 39
1 30 29 4 50 51 7 8 33 26 11 52 60 14 15 16 17 18 19 57 36 37 39
1 30 29 4 50 51 7 8 33 26 11 52 60 14 15 16 17 18 19 57 36 58 39
1 30 29 4 50 51 7 8 33 26 11 52 60 14 15 16 17 18 19 57 24 37 39
1 30 29 4 50 51 7 8 33 26 11 52 60 14 15 16 17 18 19 57 24 58 39
1 30 29 4 50 51 7 8 33 26 11 52 60 59 15 16 17 18 19 57 36 37 39
1 30 29 4 50 51 7 8 33 26 11 52 60 59 15 16 17 18 19 57 36 58 39
1 30 29 4 50 51 7 8 33 26 11 52 60 59 15 16 17 18 19 57 24 37 39
1 30 29 4 50 51 7 8 33 26 11 52 60 59 15 16 17 18 19 57 24 58 39
1 30 29 49 50 51 7 8 33 25 11 52 13 14 15 16 17 18 19 57 36 37 39
1 30 29 49 50 51 7 8 33 25 11 52 13 14 15 16 17 18 19 57 36 58 39
1 30 29 49 50 51 7 8 33 25 11 52 13 14 15 16 17 18 19 57 24 37 39
1 30 29 49 50 51 7 8 33 25 11 52 13 14 15 16 17 18 19 57 24 58 39
1 30 29 49 50 51 7 8 33 25 11 52 13 59 15 16 17 18 19 57 36 37 39
1 30 29 49 50 51 7 8 33 25 11 52 13 59 15 16 17 18 19 57 36 58 39
1 30 29 49 50 51 7 8 33 25 11 52 13 59 15 16 17 18 19 57 24 37 39
1 30 29 49 50 51 7 8 33 25 11 52 13 59 15 16 17 18 19 57 24 58 39
1 30 29 49 50 51 7 8 33 25 11 52 60 14 15 16 17 18 19 57 36 37 39
1 30 29 49 50 51 7 8 33 25 11 52 60 14 15 16 17 18 19 57 36 58 39
1 30 29 49 50 51 7 8 33 25 11 52 60 14 15 16 17 18 19 57 24 37 39
1 30 29 49 50 51 7 8 33 25 11 52 60 14 15 16 17 18 19 57 24 58 39
1 30 29 49 50 51 7 8 33 25 11 52 60 59 15 16 17 18 19 57 36 37 39
1 30 29 49 50 51 7 8 33 25 11 52 60 59 15 16 17 18 19 57 36 58 39
1 30 29 49 50 51 7 8 33 25 11 52 60 59 15 16 17 18 19 57 24 37 39
1 30 29 49 50 51 7 8 33 25 11 52 60 59 15 16 17 18 19 57 24 58 39
1 30 29 49 50 51 7 8 33 61 11 52 13 14 15 16 17 18 19 57 36 37 39
1 30 29 49 50 51 7 8 33 61 11 52 13 14 15 16 17 18 19 57 36 58 39
1 30 29 49 50 51 7 8 33 61 11 52 13 14 15 16 17 18 19 57 24 37 39
1 30 29 49 50 51 7 8 33 61 11 52 13 14 15 16 17 18 19 57 24 58 39
1 30 29 49 50 51 7 8 33 61 11 52 13 59 15 16 17 18 19 57 36 37 39
1 30 29 49 50 51 7 8 33 61 11 52 13 59 15 16 17 18 19 57 36 58 39
1 30 29 49 50 51 7 8 33 61 11 52 13 59 15 16 17 18 19 57 24 37 39
1 30 29 49 50 51 7 8 33 61 11 52 13 59 15 16 17 18 19 57 24 58 39
1 30 29 49 50 51 7 8 33 61 11 52 60 14 15 16 17 18 19 57 36 37 39
1 30 29 49 50 51 7 8 33 61 11 52 60 14 15 16 17 18 19 57 36 58 39
1 30 29 49 50 51 7 8 33 61 11 52 60 14 15 16 17 18 19 57 24 37 39
1 30 29 49 50 51 7 8 33 61 11 52 60 14 15 16 17 18 19 57 24 58 39
1 30 29 49 50 51 7 8 33 61 11 52 60 59 15 16 17 18 19 57 36 37 39
1 30 29 49 50 51 7 8 33 61 11 52 60 59 15 16 17 18 19 57 36 58 39
1 30 29 49 50 51 7 8 33 61 11 52 60 59 15 16 17 18 19 57 24 37 39
1 30 29 49 50 51 7 8 33 61 11 52 60 59 15 16 17 18 19 57 24 58 39
1 30 29 49 50 51 7 8 33 42 11 52 13 14 15 16 17 18 19 57 36 37 39
1 30 29 49 50 51 7 8 33 42 11 52 13 14 15 16 17 18 19 57 36 58 39
1 30 29 49 50 51 7 8 33 42 11 52 13 14 15 16 17 18 19 57 24 37 39
1 30 29 49 50 51 7 8 33 42 11 52 13 14 15 16 17 18 19 57 24 58 39
1 30 29 49 50 51 7 8 33 42 11 52 13 59 15 16 17 18 19 57 36 37 39
1 30 29 49 50 51 7 8 33 42 11 52 13 59 15 16 17 18 19 57 36 58 39
1 30 29 49 50 51 7 8 33 42 11 52 13 59 15 16 17 18 19 57 24 37 39
1 30 29 49 50 51 7 8 33 42 11 52 13 59 15 16 17 18 19 57 24 58 39
1 30 29 49 50 51 7 8 33 42 11 52 60 14 15 16 17 18 19 57 36 37 39
1 30 29 49 50 51 7 8 33 42 11 52 60 14 15 16 17 18 19 57 36 58 39
1 30 29 49 50 51 7 8 33 42 11 52 60 14 15 16 17 18 19 57 24 37 39
1 30 29 49 50 51 7 8 33 42 11 52 60 14 15 16 17 18 19 57 24 58 39
1 30 29 49 50 51 7 8 33 42 11 52 60 59 15 16 17 18 19 57 36 37 39
1 30 29 49 50 51 7 8 33 42 11 52 60 59 15 16 17 18 19 57 36 58 39
1 30 29 49 50 51 7 8 33 42 11 52 60 59 15 16 17 18 19 57 24 37 39
1 30 29 49 50 51 7 8 33 42 11 52 60 59 15 16 17 18 19 57 24 58 39
1 30 29 49 50 51 7 8 33 26 11 52 13 14 15 16 17 18 19 57 36 37 39
1 30 29 49 50 51 7 8 33 26 11 52 13 14 15 16 17 18 19 57 36 58 39
1 30 29 49 50 51 7 8 33 26 11 52 13 14 15 16 17 18 19 57 24 37 39
1 30 29 49 50 51 7 8 33 26 11 52 13 14 15 16 17 18 19 57 24 58 39
1 30 29 49 50 51 7 8 33 26 11 52 13 59 15 16 17 18 19 57 36 37 39
1 30 29 49 50 51 7 8 33 26 11 52 13 59 15 16 17 18 19 57 36 58 39
1 30 29 49 50 51 7 8 33 26 11 52 13 59 15 16 17 18 19 57 24 37 39
1 30 29 49 50 51 7 8 33 26 11 52 13 59 15 16 17 18 19 57 24 58 39
1 30 29 49 50 51 7 8 33 26 11 52 60 14 15 16 17 18 19 57 36 37 39
1 30 29 49 50 51 7 8 33 26 11 52 60 14 15 16 17 18 19 57 36 58 39
1 30 29 49 50 51 7 8 33 26 11 52 60 14 15 16 17 18 19 57 24 37 39
1 30 29 49 50 51 7 8 33 26 11 52 60 14 15 16 17 18 19 57 24 58 39
1 30 29 49 50 51 7 8 33 26 11 52 60 59 15 16 17 18 19 57 36 37 39
1 30 29 49 50 51 7 8 33 26 11 52 60 59 15 16 17 18 19 57 36 58 39
1 30 29 49 50 51 7 8 33 26 11 52 60 59 15 16 17 18 19 57 24 37 39
1 30 29 49 50 51 7 8 33 26 11 52 60 59 15 16 17 18 19 57 24 58 39
1 30 29 49 50 51 7 8 33 25 11 52 13 14 15 16 17 18 19 57 36 37 39
1 30 29 49 50 51 7 8 33 25 11 52 13 14 15 16 17 18 19 57 36 58 39
1 30 29 49 50 51 7 8 33 25 11 52 13 14 15 16 17 18 19 57 24 37 39
1 30 29 49 50 51 7 8 33 25 11 52 13 14 15 16 17 18 19 57 24 58 39
1 30 29 49 50 51 7 8 33 25 11 52 13 59 15 16 17 18 19 57 36 37 39
1 30 29 49 50 51 7 8 33 25 11 52 13 59 15 16 17 18 19 57 36 58 39
1 30 29 49 50 51 7 8 33 25 11 52 13 59 15 16 17 18 19 57 24 37 39
1 30 29 49 50 51 7 8 33 25 11 52 13 59 15 16 17 18 19 57 24 58 39
1 30 29 49 50 51 7 8 33 25 11 52 60 14 15 16 17 18 19 57 36 37 39
1 30 29 49 50 51 7 8 33 25 11 52 60 14 15 16 17 18 19 57 36 58 39
1 30 29 49 50 51 7 8 33 25 11 52 60 14 15 16 17 18 19 57 24 37 39
1 30 29 49 50 51 7 8 33 25 11 52 60 14 15 16 17 18 19 57 24 58 39
1 30 29 49 50 51 7 8 33 25 11 52 60 59 15 16 17 18 19 57 36 37 39
1 30 29 49 50 51 7 8 33 25 11 52 60 59 15 16 17 18 19 57 36 58 39
1 30 29 49 50 51 7 8 33 25 11 52 60 59 15 16 17 18 19 57 24 37 39
1 30 29 49 50 51 7 8 33 25 11 52 60 59 15 16 17 18 19 57 24 58 39
1 30 29 49 50 51 7 8 33 61 11 52 13 14 15 16 17 18 19 57 36 37 39
1 30 29 49 50 51 7 8 33 61 11 52 13 14 15 16 17 18 19 57 36 58 39
1 30 29 49 50 51 7 8 33 61 11 52 13 14 15 16 17 18 19 57 24 37 39
1 30 29 49 50 51 7 8 33 61 11 52 13 14 15 16 17 18 19 57 24 58 39
1 30 29 49 50 51 7 8 33 61 11 52 13 59 15 16 17 18 19 57 36 37 39
1 30 29 49 50 51 7 8 33 61 11 52 13 59 15 16 17 18 19 57 36 58 39
1 30 29 49 50 51 7 8 33 61 11 52 13 59 15 16 17 18 19 57 24 37 39
1 30 29 49 50 51 7 8 33 61 11 52 13 59 15 16 17 18 19 57 24 58 39
1 30 29 49 50 51 7 8 33 61 11 52 60 14 15 16 17 18 19 57 36 37 39
1 30 29 49 50 51 7 8 33 61 11 52 60 14 15 16 17 18 19 57 36 58 39
1 30 29 49 50 51 7 8 33 61 11 52 60 14 15 16 17 18 19 57 24 37 39
1 30 29 49 50 51 7 8 33 61 11 52 60 14 15 16 17 18 19 57 24 58 39
1 30 29 49 50 51 7 8 33 61 11 52 60 59 15 16 17 18 19 57 36 37 39
1 30 29 49 50 51 7 8 33 61 11 52 60 59 15 16 17 18 19 57 36 58 39
1 30 29 49 50 51 7 8 33 61 11 52 60 59 15 16 17 18 19 57 24 37 39
1 30 29 49 50 51 7 8 33 61 11 52 60 59 15 16 17 18 19 57 24 58 39
1 30 29 49 50 51 7 8 33 42 11 52 13 14 15 16 17 18 19 57 36 37 39
1 30 29 49 50 51 7 8 33 42 11 52 13 14 15 16 17 18 19 57 36 58 39
1 30 29 49 50 51 7 8 33 42 11 52 13 14 15 16 17 18 19 57 24 37 39
1 30 29 49 50 51 7 8 33 42 11 52 13 14 15 16 17 18 19 57 24 58 39
1 30 29 49 50 51 7 8 33 42 11 52 13 59 15 16 17 18 19 57 36 37 39
1 30 29 49 50 51 7 8 33 42 11 52 13 59 15 16 17 18 19 57 36 58 39
1 30 29 49 50 51 7 8 33 42 11 52 13 59 15 16 17 18 19 57 24 37 39
1 30 29 49 50 51 7 8 33 42 11 52 13 59 15 16 17 18 19 57 24 58 39
1 30 29 49 50 51 7 8 33 42 11 52 60 14 15 16 17 18 19 57 36 37 39
1 30 29 49 50 51 7 8 33 42 11 52 60 14 15 16 17 18 19 57 36 58 39
1 30 29 49 50 51 7 8 33 42 11 52 60 14 15 16 17 18 19 57 24 37 39
1 30 29 49 50 51 7 8 33 42 11 52 60 14 15 16 17 18 19 57 24 58 39
1 30 29 49 50 51 7 8 33 42 11 52 60 59 15 16 17 18 19 57 36 37 39
1 30 29 49 50 51 7 8 33 42 11 52 60 59 15 16 17 18 19 57 36 58 39
1 30 29 49 50 51 7 8 33 42 11 52 60 59 15 16 17 18 19 57 24 37 39
1 30 29 49 50 51 7 8 33 42 11 52 60 59 15 16 17 18 19 57 24 58 39
1 30 29 49 50 51 7 8 33 26 11 52 13 14 15 16 17 18 19 57 36 37 39
1 30 29 49 50 51 7 8 33 26 11 52 13 14 15 16 17 18 19 57 36 58 39
1 30 29 49 50 51 7 8 33 26 11 52 13 14 15 16 17 18 19 57 24 37 39
1 30 29 49 50 51 7 8 33 26 11 52 13 14 15 16 17 18 19 57 24 58 39
1 30 29 49 50 51 7 8 33 26 11 52 13 59 15 16 17 18 19 57 36 37 39
1 30 29 49 50 51 7 8 33 26 11 52 13 59 15 16 17 18 19 57 36 58 39
1 30 29 49 50 51 7 8 33 26 11 52 13 59 15 16 17 18 19 57 24 37 39
1 30 29 49 50 51 7 8 33 26 11 52 13 59 15 16 17 18 19 57 24 58 39
1 30 29 49 50 51 7 8 33 26 11 52 60 14 15 16 17 18 19 57 36 37 39
1 30 29 49 50 51 7 8 33 26 11 52 60 14 15 16 17 18 19 57 36 58 39
1 30 29 49 50 51 7 8 33 26 11 52 60 14 15 16 17 18 19 57 24 37 39
1 30 29 49 50 51 7 8 33 26 11 52 60 14 15 16 17 18 19 57 24 58 39
1 30 29 49 50 51 7 8 33 26 11 52 60 59 15 16 17 18 19 57 36 37 39
1 30 29 49 50 51 7 8 33 26 11 52 60 59 15 16 17 18 19 57 36 58 39
1 30 29 49 50 51 7 8 33 26 11 52 60 59 15 16 17 18 19 57 24 37 39
1 30 29 49 50 51 7 8 33 26 11 52 60 59 15 16 17 18 19 57 24 58 39
1 30 29 48 50 51 7 8 33 25 11 52 13 14 15 16 17 18 19 57 36 37 39
1 30 29 48 50 51 7 8 33 25 11 52 13 14 15 16 17 18 19 57 36 58 39
1 30 29 48 50 51 7 8 33 25 11 52 13 14 15 16 17 18 19 57 24 37 39
1 30 29 48 50 51 7 8 33 25 11 52 13 14 15 16 17 18 19 57 24 58 39
1 30 29 48 50 51 7 8 33 25 11 52 13 59 15 16 17 18 19 57 36 37 39
1 30 29 48 50 51 7 8 33 25 11 52 13 59 15 16 17 18 19 57 36 58 39
1 30 29 48 50 51 7 8 33 25 11 52 13 59 15 16 17 18 19 57 24 37 39
1 30 29 48 50 51 7 8 33 25 11 52 13 59 15 16 17 18 19 57 24 58 39
1 30 29 48 50 51 7 8 33 25 11 52 60 14 15 16 17 18 19 57 36 37 39
1 30 29 48 50 51 7 8 33 25 11 52 60 14 15 16 17 18 19 57 36 58 39
1 30 29 48 50 51 7 8 33 25 11 52 60 14 15 16 17 18 19 57 24 37 39
1 30 29 48 50 51 7 8 33 25 11 52 60 14 15 16 17 18 19 57 24 58 39
1 30 29 48 50 51 7 8 33 25 11 52 60 59 15 16 17 18 19 57 36 37 39
1 30 29 48 50 51 7 8 33 25 11 52 60 59 15 16 17 18 19 57 36 58 39
1 30 29 48 50 51 7 8 33 25 11 52 60 59 15 16 17 18 19 57 24 37 39
1 30 29 48 50 51 7 8 33 25 11 52 60 59 15 16 17 18 19 57 24 58 39
1 30 29 48 50 51 7 8 33 61 11 52 13 14 15 16 17 18 19 57 36 37 39
1 30 29 48 50 51 7 8 33 61 11 52 13 14 15 16 17 18 19 57 36 58 39
1 30 29 48 50 51 7 8 33 61 11 52 13 14 15 16 17 18 19 57 24 37 39
1 30 29 48 50 51 7 8 33 61 11 52 13 14 15 16 17 18 19 57 24 58 39
1 30 29 48 50 51 7 8 33 61 11 52 13 59 15 16 17 18 19 57 36 37 39
1 30 29 48 50 51 7 8 33 61 11 52 13 59 15 16 17 18 19 57 36 58 39
1 30 29 48 50 51 7 8 33 61 11 52 13 59 15 16 17 18 19 57 24 37 39
1 30 29 48 50 51 7 8 33 61 11 52 13 59 15 16 17 18 19 57 24 58 39
1 30 29 48 50 51 7 8 33 61 11 52 60 14 15 16 17 18 19 57 36 37 39
1 30 29 48 50 51 7 8 33 61 11 52 60 14 15 16 17 18 19 57 36 58 39
1 30 29 48 50 51 7 8 33 61 11 52 60 14 15 16 17 18 19 57 24 37 39
1 30 29 48 50 51 7 8 33 61 11 52 60 14 15 16 17 18 19 57 24 58 39
1 30 29 48 50 51 7 8 33 61 11 52 60 59 15 16 17 18 19 57 36 37 39
1 30 29 48 50 51 7 8 33 61 11 52 60 59 15 16 17 18 19 57 36 58 39
1 30 29 48 50 51 7 8 33 61 11 52 60 59 15 16 17 18 19 57 24 37 39
1 30 29 48 50 51 7 8 33 61 11 52 60 59 15 16 17 18 19 57 24 58 39
1 30 29 48 50 51 7 8 33 42 11 52 13 14 15 16 17 18 19 57 36 37 39
1 30 29 48 50 51 7 8 33 42 11 52 13 14 15 16 17 18 19 57 36 58 39
1 30 29 48 50 51 7 8 33 42 11 52 13 14 15 16 17 18 19 57 24 37 39
1 30 29 48 50 51 7 8 33 42 11 52 13 14 15 16 17 18 19 57 24 58 39
1 30 29 48 50 51 7 8 33 42 11 52 13 59 15 16 17 18 19 57 36 37 39
1 30 29 48 50 51 7 8 33 42 11 52 13 59 15 16 17 18 19 57 36 58 39
1 30 29 48 50 51 7 8 33 42 11 52 13 59 15 16 17 18 19 57 24 37 39
1 30 29 48 50 51 7 8 33 42 11 52 13 59 15 16 17 18 19 57 24 58 39
1 30 29 48 50 51 7 8 33 42 11 52 60 14 15 16 17 18 19 57 36 37 39
1 30 29 48 50 51 7 8 33 42 11 52 60 14 15 16 17 18 19 57 36 58 39
1 30 29 48 50 51 7 8 33 42 11 52 60 14 15 16 17 18 19 57 24 37 39
1 30 29 48 50 51 7 8 33 42 11 52 60 14 15 16 17 18 19 57 24 58 39
1 30 29 48 50 51 7 8 33 42 11 52 60 59 15 16 17 18 19 57 36 37 39
1 30 29 48 50 51 7 8 33 42 11 52 60 59 15 16 17 18 19 57 36 58 39
1 30 29 48 50 51 7 8 33 42 11 52 60 59 15 16 17 18 19 57 24 37 39
1 30 29 48 50 51 7 8 33 42 11 52 60 59 15 16 17 18 19 57 24 58 39
1 30 29 48 50 51 7 8 33 26 11 52 13 14 15 16 17 18 19 57 36 37 39
1 30 29 48 50 51 7 8 33 26 11 52 13 14 15 16 17 18 19 57 36 58 39
1 30 29 48 50 51 7 8 33 26 11 52 13 14 15 16 17 18 19 57 24 37 39
1 30 29 48 50 51 7 8 33 26 11 52 13 14 15 16 17 18 19 57 24 58 39
1 30 29 48 50 51 7 8 33 26 11 52 13 59 15 16 17 18 19 57 36 37 39
1 30 29 48 50 51 7 8 33 26 11 52 13 59 15 16 17 18 19 57 36 58 39
1 30 29 48 50 51 7 8 33 26 11 52 13 59 15 16 17 18 19 57 24 37 39
1 30 29 48 50 51 7 8 33 26 11 52 13 59 15 16 17 18 19 57 24 58 39
1 30 29 48 50 51 7 8 33 26 11 52 60 14 15 16 17 18 19 57 36 37 39
1 30 29 48 50 51 7 8 33 26 11 52 60 14 15 16 17 18 19 57 36 58 39
1 30 29 48 50 51 7 8 33 26 11 52 60 14 15 16 17 18 19 57 24 37 39
1 30 29 48 50 51 7 8 33 26 11 52 60 14 15 16 17 18 19 57 24 58 39
1 30 29 48 50 51 7 8 33 26 11 52 60 59 15 16 17 18 19 57 36 37 39
1 30 29 48 50 51 7 8 33 26 11 52 60 59 15 16 17 18 19 57 36 58 39
1 30 29 48 50 51 7 8 33 26 11 52 60 59 15 16 17 18 19 57 24 37 39
1 30 29 48 50 51 7 8 33 26 11 52 60 59 15 16 17 18 19 57 24 58 39
1 2 29 49 5 51 7 32 33 10 11 12 13 14 15 16 17 18 19 20 36 46 23
1 2 29 49 5 51 7 32 33 10 11 12 13 14 15 16 17 18 19 20 36 22 23
1 2 29 49 5 51 7 32 33 10 11 12 13 14 15 16 17 18 19 20 24 46 23
1 2 29 49 5 51 7 32 33 10 11 12 13 14 15 16 17 18 19 20 24 22 23
1 2 29 49 5 51 7 32 33 10 11 12 13 14 15 62 17 18 19 20 36 46 23
1 2 29 49 5 51 7 32 33 10 11 12 13 14 15 62 17 18 19 20 36 22 23
1 2 29 49 5 51 7 32 33 10 11 12 13 14 15 62 17 18 19 20 24 46 23
1 2 29 49 5 51 7 32 33 10 11 12 13 14 15 62 17 18 19 20 24 22 23
1 2 29 49 5 51 7 32 33 10 11 12 13 14 15 63 17 18 19 20 36 46 23
1 2 29 49 5 51 7 32 33 10 11 12 13 14 15 63 17 18 19 20 36 22 23
1 2 29 49 5 51 7 32 33 10 11 12 13 14 15 63 17 18 19 20 24 46 23
1 2 29 49 5 51 7 32 33 10 11 12 13 14 15 63 17 18 19 20 24 22 23
1 2 29 49 5 51 7 32 33 10 11 12 13 14 64 16 17 18 19 20 36 46 23
1 2 29 49 5 51 7 32 33 10 11 12 13 14 64 16 17 18 19 20 36 22 23
1 2 29 49 5 51 7 32 33 10 11 12 13 14 64 16 17 18 19 20 24 46 23
1 2 29 49 5 51 7 32 33 10 11 12 13 14 64 16 17 18 19 20 24 22 23
1 2 29 49 5 51 7 32 33 10 11 12 13 14 64 62 17 18 19 20 36 46 23
1 2 29 49 5 51 7 32 33 10 11 12 13 14 64 62 17 18 19 20 36 22 23
1 2 29 49 5 51 7 32 33 10 11 12 13 14 64 62 17 18 19 20 24 46 23
1 2 29 49 5 51 7 32 33 10 11 12 13 14 64 62 17 18 19 20 24 22 23
1 2 29 49 5 51 7 32 33 10 11 12 13 14 64 63 17 18 19 20 36 46 23
1 2 29 49 5 51 7 32 33 10 11 12 13 14 64 63 17 18 19 20 36 22 23
1 2 29 49 5 51 7 32 33 10 11 12 13 14 64 63 17 18 19 20 24 46 23
1 2 29 49 5 51 7 32 33 10 11 12 13 14 64 63 17 18 19 20 24 22 23
1 2 29 49 5 51 7 32 33 10 11 12 13 14 65 16 17 18 19 20 36 46 23
1 2 29 49 5 51 7 32 33 10 11 12 13 14 65 16 17 18 19 20 36 22 23
1 2 29 49 5 51 7 32 33 10 11 12 13 14 65 16 17 18 19 20 24 46 23
1 2 29 49 5 51 7 32 33 10 11 12 13 14 65 16 17 18 19 20 24 22 23
1 2 29 49 5 51 7 32 33 10 11 12 13 14 65 62 17 18 19 20 36 46 23
1 2 29 49 5 51 7 32 33 10 11 12 13 14 65 62 17 18 19 20 36 22 23
1 2 29 49 5 51 7 32 33 10 11 12 13 14 65 62 17 18 19 20 24 46 23
1 2 29 49 5 51 7 32 33 10 11 12 13 14 65 62 17 18 19 20 24 22 23
1 2 29 49 5 51 7 32 33 10 11 12 13 14 65 63 17 18 19 20 36 46 23
1 2 29 49 5 51 7 32 33 10 11 12 13 14 65 63 17 18 19 20 36 22 23
1 2 29 49 5 51 7 32 33 10 11 12 13 14 65 63 17 18 19 20 24 46 23
1 2 29 49 5 51 7 32 33 10 11 12 13 14 65 63 17 18 19 20 24 22 23
1 2 29 49 5 51 7 32 33 25 11 12 13 14 15 16 17 18 19 20 36 46 23
1 2 29 49 5 51 7 32 33 25 11 12 13 14 15 16 17 18 19 20 36 22 23
1 2 29 49 5 51 7 32 33 25 11 12 13 14 15 16 17 18 19 20 24 46 23
1 2 29 49 5 51 7 32 33 25 11 12 13 14 15 16 17 18 19 20 24 22 23
1 2 29 49 5 51 7 32 33 25 11 12 13 14 15 62 17 18 19 20 36 46 23
1 2 29 49 5 51 7 32 33 25 11 12 13 14 15 62 17 18 19 20 36 22 23
1 2 29 49 5 51 7 32 33 25 11 12 13 14 15 62 17 18 19 20 24 46 23
1 2 29 49 5 51 7 32 33 25 11 12 13 14 15 62 17 18 19 20 24 22 23
1 2 29 49 5 51 7 32 33 25 11 12 13 14 15 63 17 18 19 20 36 46 23
1 2 29 49 5 51 7 32 33 25 11 12 13 14 15 63 17 18 19 20 36 22 23
1 2 29 49 5 51 7 32 33 25 11 12 13 14 15 63 17 18 19 20 24 46 23
1 2 29 49 5 51 7 32 33 25 11 12 13 14 15 63 17 18 19 20 24 22 23
1 2 29 49 5 51 7 32 33 25 11 12 13 14 64 16 17 18 19 20 36 46 23
1 2 29 49 5 51 7 32 33 25 11 12 13 14 64 16 17 18 19 20 36 22 23
1 2 29 49 5 51 7 32 33 25 11 12 13 14 64 16 17 18 19 20 24 46 23
1 2 29 49 5 51 7 32 33 25 11 12 13 14 64 16 17 18 19 20 24 22 23
1 2 29 49 5 51 7 32 33 25 11 12 13 14 64 62 17 18 19 20 36 46 23
1 2 29 49 5 51 7 32 33 25 11 12 13 14 64 62 17 18 19 20 36 22 23
1 2 29 49 5 51 7 32 33 25 11 12 13 14 64 62 17 18 19 20 24 46 23
1 2 29 49 5 51 7 32 33 25 11 12 13 14 64 62 17 18 19 20 24 22 23
1 2 29 49 5 51 7 32 33 25 11 12 13 14 64 63 17 18 19 20 36 46 23
1 2 29 49 5 51 7 32 33 25 11 12 13 14 64 63 17 18 19 20 36 22 23
1 2 29 49 5 51 7 32 33 25 11 12 13 14 64 63 17 18 19 20 24 46 23
1 2 29 49 5 51 7 32 33 25 11 12 13 14 64 63 17 18 19 20 24 22 23
1 2 29 49 5 51 7 32 33 25 11 12 13 14 65 16 17 18 19 20 36 46 23
1 2 29 49 5 51 7 32 33 25 11 12 13 14 65 16 17 18 19 20 36 22 23
1 2 29 49 5 51 7 32 33 25 11 12 13 14 65 16 17 18 19 20 24 46 23
1 2 29 49 5 51 7 32 33 25 11 12 13 14 65 16 17 18 19 20 24 22 23
1 2 29 49 5 51 7 32 33 25 11 12 13 14 65 62 17 18 19 20 36 46 23
1 2 29 49 5 51 7 32 33 25 11 12 13 14 65 62 17 18 19 20 36 22 23
1 2 29 49 5 51 7 32 33 25 11 12 13 14 65 62 17 18 19 20 24 46 23
1 2 29 49 5 51 7 32 33 25 11 12 13 14 65 62 17 18 19 20 24 22 23
1 2 29 49 5 51 7 32 33 25 11 12 13 14 65 63 17 18 19 20 36 46 23
1 2 29 49 5 51 7 32 33 25 11 12 13 14 65 63 17 18 19 20 36 22 23
1 2 29 49 5 51 7 32 33 25 11 12 13 14 65 63 17 18 19 20 24 46 23
1 2 29 49 5 51 7 32 33 25 11 12 13 14 65 63 17 18 19 20 24 22 23
1 2 29 49 5 51 7 32 33 66 11 12 13 14 15 16 17 18 19 20 36 46 23
1 2 29 49 5 51 7 32 33 66 11 12 13 14 15 16 17 18 19 20 36 22 23
1 2 29 49 5 51 7 32 33 66 11 12 13 14 15 16 17 18 19 20 24 46 23
1 2 29 49 5 51 7 32 33 66 11 12 13 14 15 16 17 18 19 20 24 22 23
1 2 29 49 5 51 7 32 33 66 11 12 13 14 15 62 17 18 19 20 36 46 23
1 2 29 49 5 51 7 32 33 66 11 12 13 14 15 62 17 18 19 20 36 22 23
1 2 29 49 5 51 7 32 33 66 11 12 13 14 15 62 17 18 19 20 24 46 23
1 2 29 49 5 51 7 32 33 66 11 12 13 14 15 62 17 18 19 20 24 22 23
1 2 29 49 5 51 7 32 33 66 11 12 13 14 15 63 17 18 19 20 36 46 23
1 2 29 49 5 51 7 32 33 66 11 12 13 14 15 63 17 18 19 20 36 22 23
1 2 29 49 5 51 7 32 33 66 11 12 13 14 15 63 17 18 19 20 24 46 23
1 2 29 49 5 51 7 32 33 66 11 12 13 14 15 63 17 18 19 20 24 22 23
1 2 29 49 5 51 7 32 33 66 11 12 13 14 64 16 17 18 19 20 36 46 23
1 2 29 49 5 51 7 32 33 66 11 12 13 14 64 16 17 18 19 20 36 22 23
1 2 29 49 5 51 7 32 33 66 11 12 13 14 64 16 17 18 19 20 24 46 23
1 2 29 49 5 51 7 32 33 66 11 12 13 14 64 16 17 18 19 20 24 22 23
1 2 29 49 5 51 7 32 33 66 11 12 13 14 64 62 17 18 19 20 36 46 23
1 2 29 49 5 51 7 32 33 66 11 12 13 14 64 62 17 18 19 20 36 22 23
1 2 29 49 5 51 7 32 33 66 11 12 13 14 64 62 17 18 19 20 24 46 23
1 2 29 49 5 51 7 32 33 66 11 12 13 14 64 62 17 18 19 20 24 22 23
1 2 29 49 5 51 7 32 33 66 11 12 13 14 64 63 17 18 19 20 36 46 23
1 2 29 49 5 51 7 32 33 66 11 12 13 14 64 63 17 18 19 20 36 22 23
1 2 29 49 5 51 7 32 33 66 11 12 13 14 64 63 17 18 19 20 24 46 23
1 2 29 49 5 51 7 32 33 66 11 12 13 14 64 63 17 18 19 20 24 22 23
1 2 29 49 5 51 7 32 33 66 11 12 13 14 65 16 17 18 19 20 36 46 23
1 2 29 49 5 51 7 32 33 66 11 12 13 14 65 16 17 18 19 20 36 22 23
1 2 29 49 5 51 7 32 33 66 11 12 13 14 65 16 17 18 19 20 24 46 23
1 2 29 49 5 51 7 32 33 66 11 12 13 14 65 16 17 18 19 20 24 22 23
1 2 29 49 5 51 7 32 33 66 11 12 13 14 65 62 17 18 19 20 36 46 23
1 2 29 49 5 51 7 32 33 66 11 12 13 14 65 62 17 18 19 20 36 22 23
1 2 29 49 5 51 7 32 33 66 11 12 13 14 65 62 17 18 19 20 24 46 23
1 2 29 49 5 51 7 32 33 66 11 12 13 14 65 62 17 18 19 20 24 22 23
1 2 29 49 5 51 7 32 33 66 11 12 13 14 65 63 17 18 19 20 36 46 23
1 2 29 49 5 51 7 32 33 66 11 12 13 14 65 63 17 18 19 20 36 22 23
1 2 29 49 5 51 7 32 33 66 11 12 13 14 65 63 17 18 19 20 24 46 23
1 2 29 49 5 51 7 32 33 66 11 12 13 14 65 63 17 18 19 20 24 22 23
1 2 29 49 5 51 7 32 33 26 11 12 13 14 15 16 17 18 19 20 36 46 23
1 2 29 49 5 51 7 32 33 26 11 12 13 14 15 16 17 18 19 20 36 22 23
1 2 29 49 5 51 7 32 33 26 11 12 13 14 15 16 17 18 19 20 24 46 23
1 2 29 49 5 51 7 32 33 26 11 12 13 14 15 16 17 18 19 20 24 22 23
1 2 29 49 5 51 7 32 33 26 11 12 13 14 15 62 17 18 19 20 36 46 23
1 2 29 49 5 51 7 32 33 26 11 12 13 14 15 62 17 18 19 20 36 22 23
1 2 29 49 5 51 7 32 33 26 11 12 13 14 15 62 17 18 19 20 24 46 23
1 2 29 49 5 51 7 32 33 26 11 12 13 14 15 62 17 18 19 20 24 22 23
1 2 29 49 5 51 7 32 33 26 11 12 13 14 15 63 17 18 19 20 36 46 23
1 2 29 49 5 51 7 32 33 26 11 12 13 14 15 63 17 18 19 20 36 22 23
1 2 29 49 5 51 7 32 33 26 11 12 13 14 15 63 17 18 19 20 24 46 23
1 2 29 49 5 51 7 32 33 26 11 12 13 14 15 63 17 18 19 20 24 22 23
1 2 29 49 5 51 7 32 33 26 11 12 13 14 64 16 17 18 19 20 36 46 23
1 2 29 49 5 51 7 32 33 26 11 12 13 14 64 16 17 18 19 20 36 22 23
1 2 29 49 5 51 7 32 33 26 11 12 13 14 64 16 17 18 19 20 24 46 23
1 2 29 49 5 51 7 32 33 26 11 12 13 14 64 16 17 18 19 20 24 22 23
1 2 29 49 5 51 7 32 33 26 11 12 13 14 64 62 17 18 19 20 36 46 23
1 2 29 49 5 51 7 32 33 26 11 12 13 14 64 62 17 18 19 20 36 22 23
1 2 29 49 5 51 7 32 33 26 11 12 13 14 64 62 17 18 19 20 24 46 23
1 2 29 49 5 51 7 32 33 26 11 12 13 14 64 62 17 18 19 20 24 22 23
1 2 29 49 5 51 7 32 33 26 11 12 13 14 64 63 17 18 19 20 36 46 23
1 2 29 49 5 51 7 32 33 26 11 12 13 14 64 63 17 18 19 20 36 22 23
1 2 29 49 5 51 7 32 33 26 11 12 13 14 64 63 17 18 19 20 24 46 23
1 2 29 49 5 51 7 32 33 26 11 12 13 14 64 63 17 18 19 20 24 22 23
1 2 29 49 5 51 7 32 33 26 11 12 13 14 65 16 17 18 19 20 36 46 23
1 2 29 49 5 51 7 32 33 26 11 12 13 14 65 16 17 18 19 20 36 22 23
1 2 29 49 5 51 7 32 33 26 11 12 13 14 65 16 17 18 19 20 24 46 23
1 2 29 49 5 51 7 32 33 26 11 12 13 14 65 16 17 18 19 20 24 22 23
1 2 29 49 5 51 7 32 33 26 11 12 13 14 65 62 17 18 19 20 36 46 23
1 2 29 49 5 51 7 32 33 26 11 12 13 14 65 62 17 18 19 20 36 22 23
1 2 29 49 5 51 7 32 33 26 11 12 13 14 65 62 17 18 19 20 24 46 23
1 2 29 49 5 51 7 32 33 26 11 12 13 14 65 62 17 18 19 20 24 22 23
1 2 29 49 5 51 7 32 33 26 11 12 13 14 65 63 17 18 19 20 36 46 23
1 2 29 49 5 51 7 32 33 26 11 12 13 14 65 63 17 18 19 20 36 22 23
1 2 29 49 5 51 7 32 33 26 11 12 13 14 65 63 17 18 19 20 24 46 23
1 2 29 49 5 51 7 32 33 26 11 12 13 14 65 63 17 18 19 20 24 22 23
1 2 29 67 5 51 7 32 33 10 11 12 13 14 15 16 17 18 19 20 36 46 23
1 2 29 67 5 51 7 32 33 10 11 12 13 14 15 16 17 18 19 20 36 22 23
1 2 29 67 5 51 7 32 33 10 11 12 13 14 15 16 17 18 19 20 24 46 23
1 2 29 67 5 51 7 32 33 10 11 12 13 14 15 16 17 18 19 20 24 22 23
1 2 29 67 5 51 7 32 33 10 11 12 13 14 15 62 17 18 19 20 36 46 23
1 2 29 67 5 51 7 32 33 10 11 12 13 14 15 62 17 18 19 20 36 22 23
1 2 29 67 5 51 7 32 33 10 11 12 13 14 15 62 17 18 19 20 24 46 23
1 2 29 67 5 51 7 32 33 10 11 12 13 14 15 62 17 18 19 20 24 22 23
1 2 29 67 5 51 7 32 33 10 11 12 13 14 15 63 17 18 19 20 36 46 23
1 2 29 67 5 51 7 32 33 10 11 12 13 14 15 63 17 18 19 20 36 22 23
1 2 29 67 5 51 7 32 33 10 11 12 13 14 15 63 17 18 19 20 24 46 23
1 2 29 67 5 51 7 32 33 10 11 12 13 14 15 63 17 18 19 20 24 22 23
1 2 29 67 5 51 7 32 33 10 11 12 13 14 64 16 17 18 19 20 36 46 23
1 2 29 67 5 51 7 32 33 10 11 12 13 14 64 16 17 18 19 20 36 22 23
1 2 29 67 5 51 7 32 33 10 11 12 13 14 64 16 17 18 19 20 24 46 23
1 2 29 67 5 51 7 32 33 10 11 12 13 14 64 16 17 18 19 20 24 22 23
1 2 29 67 5 51 7 32 33 10 11 12 13 14 64 62 17 18 19 20 36 46 23
1 2 29 67 5 51 7 32 33 10 11 12 13 14 64 62 17 18 19 20 36 22 23
1 2 29 67 5 51 7 32 33 10 11 12 13 14 64 62 17 18 19 20 24 46 23
1 2 29 67 5 51 7 32 33 10 11 12 13 14 64 62 17 18 19 20 24 22 23
1 2 29 67 5 51 7 32 33 10 11 12 13 14 64 63 17 18 19 20 36 46 23
1 2 29 67 5 51 7 32 33 10 11 12 13 14 64 63 17 18 19 20 36 22 23
1 2 29 67 5 51 7 32 33 10 11 12 13 14 64 63 17 18 19 20 24 46 23
1 2 29 67 5 51 7 32 33 10 11 12 13 14 64 63 17 18 19 20 24 22 23
1 2 29 67 5 51 7 32 33 10 11 12 13 14 65 16 17 18 19 20 36 46 23
1 2 29 67 5 51 7 32 33 10 11 12 13 14 65 16 17 18 19 20 36 22 23
1 2 29 67 5 51 7 32 33 10 11 12 13 14 65 16 17 18 19 20 24 46 23
1 2 29 67 5 51 7 32 33 10 11 12 13 14 65 16 17 18 19 20 24 22 23
1 2 29 67 5 51 7 32 33 10 11 12 13 14 65 62 17 18 19 20 36 46 23
1 2 29 67 5 51 7 32 33 10 11 12 13 14 65 62 17 18 19 20 36 22 23
1 2 29 67 5 51 7 32 33 10 11 12 13 14 65 62 17 18 19 20 24 46 23
1 2 29 67 5 51 7 32 33 10 11 12 13 14 65 62 17 18 19 20 24 22 23
1 2 29 67 5 51 7 32 33 10 11 12 13 14 65 63 17 18 19 20 36 46 23
1 2 29 67 5 51 7 32 33 10 11 12 13 14 65 63 17 18 19 20 36 22 23
1 2 29 67 5 51 7 32 33 10 11 12 13 14 65 63 17 18 19 20 24 46 23
1 2 29 67 5 51 7 32 33 10 11 12 13 14 65 63 17 18 19 20 24 22 23
1 2 29 67 5 51 7 32 33 25 11 12 13 14 15 16 17 18 19 20 36 46 23
1 2 29 67 5 51 7 32 33 25 11 12 13 14 15 16 17 18 19 20 36 22 23
1 2 29 67 5 51 7 32 33 25 11 12 13 14 15 16 17 18 19 20 24 46 23
1 2 29 67 5 51 7 32 33 25 11 12 13 14 15 16 17 18 19 20 24 22 23
1 2 29 67 5 51 7 32 33 25 11 12 13 14 15 62 17 18 19 20 36 46 23
1 2 29 67 5 51 7 32 33 25 11 12 13 14 15 62 17 18 19 20 36 22 23
1 2 29 67 5 51 7 32 33 25 11 12 13 14 15 62 17 18 19 20 24 46 23
1 2 29 67 5 51 7 32 33 25 11 12 13 14 15 62 17 18 19 20 24 22 23
1 2 29 67 5 51 7 32 33 25 11 12 13 14 15 63 17 18 19 20 36 46 23
1 2 29 67 5 51 7 32 33 25 11 12 13 14 15 63 17 18 19 20 36 22 23
1 2 29 67 5 51 7 32 33 25 11 12 13 14 15 63 17 18 19 20 24 46 23
1 2 29 67 5 51 7 32 33 25 11 12 13 14 15 63 17 18 19 20 24 22 23
1 2 29 67 5 51 7 32 33 25 11 12 13 14 64 16 17 18 19 20 36 46 23
1 2 29 67 5 51 7 32 33 25 11 12 13 14 64 16 17 18 19 20 36 22 23
1 2 29 67 5 51 7 32 33 25 11 12 13 14 64 16 17 18 19 20 24 46 23
1 2 29 67 5 51 7 32 33 25 11 12 13 14 64 16 17 18 19 20 24 22 23
1 2 29 67 5 51 7 32 33 25 11 12 13 14 64 62 17 18 19 20 36 46 23
1 2 29 67 5 51 7 32 33 25 11 12 13 14 64 62 17 18 19 20 36 22 23
1 2 29 67 5 51 7 32 33 25 11 12 13 14 64 62 17 18 19 20 24 46 23
1 2 29 67 5 51 7 32 33 25 11 12 13 14 64 62 17 18 19 20 24 22 23
1 2 29 67 5 51 7 32 33 25 11 12 13 14 64 63 17 18 19 20 36 46 23
1 2 29 67 5 51 7 32 33 25 11 12 13 14 64 63 17 18 19 20 36 22 23
1 2 29 67 5 51 7 32 33 25 11 12 13 14 64 63 17 18 19 20 24 46 23
1 2 29 67 5 51 7 32 33 25 11 12 13 14 64 63 17 18 19 20 24 22 23
1 2 29 67 5 51 7 32 33 25 11 12 13 14 65 16 17 18 19 20 36 46 23
1 2 29 67 5 51 7 32 33 25 11 12 13 14 65 16 17 18 19 20 36 22 23
1 2 29 67 5 51 7 32 33 25 11 12 13 14 65 16 17 18 19 20 24 46 23
1 2 29 67 5 51 7 32 33 25 11 12 13 14 65 16 17 18 19 20 24 22 23
1 2 29 67 5 51 7 32 33 25 11 12 13 14 65 62 17 18 19 20 36 46 23
1 2 29 67 5 51 7 32 33 25 11 12 13 14 65 62 17 18 19 20 36 22 23
1 2 29 67 5 51 7 32 33 25 11 12 13 14 65 62 17 18 19 20 24 46 23
1 2 29 67 5 51 7 32 33 25 11 12 13 14 65 62 17 18 19 20 24 22 23
1 2 29 67 5 51 7 32 33 25 11 12 13 14 65 63 17 18 19 20 36 46 23
1 2 29 67 5 51 7 32 33 25 11 12 13 14 65 63 17 18 19 20 36 22 23
1 2 29 67 5 51 7 32 33 25 11 12 13 14 65 63 17 18 19 20 24 46 23
1 2 29 67 5 51 7 32 33 25 11 12 13 14 65 63 17 18 19 20 24 22 23
1 2 29 67 5 51 7 32 33 66 11 12 13 14 15 16 17 18 19 20 36 46 23
1 2 29 67 5 51 7 32 33 66 11 12 13 14 15 16 17 18 19 20 36 22 23
1 2 29 67 5 51 7 32 33 66 11 12 13 14 15 16 17 18 19 20 24 46 23
1 2 29 67 5 51 7 32 33 66 11 12 13 14 15 16 17 18 19 20 24 22 23
1 2 29 67 5 51 7 32 33 66 11 12 13 14 15 62 17 18 19 20 36 46 23
1 2 29 67 5 51 7 32 33 66 11 12 13 14 15 62 17 18 19 20 36 22 23
1 2 29 67 5 51 7 32 33 66 11 12 13 14 15 62 17 18 19 20 24 46 23
1 2 29 67 5 51 7 32 33 66 11 12 13 14 15 62 17 18 19 20 24 22 23
1 2 29 67 5 51 7 32 33 66 11 12 13 14 15 63 17 18 19 20 36 46 23
1 2 29 67 5 51 7 32 33 66 11 12 13 14 15 63 17 18 19 20 36 22 23
1 2 29 67 5 51 7 32 33 66 11 12 13 14 15 63 17 18 19 20 24 46 23
1 2 29 67 5 51 7 32 33 66 11 12 13 14 15 63 17 18 19 20 24 22 23
1 2 29 67 5 51 7 32 33 66 11 12 13 14 64 16 17 18 19 20 36 46 23
1 2 29 67 5 51 7 32 33 66 11 12 13 14 64 16 17 18 19 20 36 22 23
1 2 29 67 5 51 7 32 33 66 11 12 13 14 64 16 17 18 19 20 24 46 23
1 2 29 67 5 51 7 32 33 66 11 12 13 14 64 16 17 18 19 20 24 22 23
1 2 29 67 5 51 7 32 33 66 11 12 13 14 64 62 17 18 19 20 36 46 23
1 2 29 67 5 51 7 32 33 66 11 12 13 14 64 62 17 18 19 20 36 22 23
1 2 29 67 5 51 7 32 33 66 11 12 13 14 64 62 17 18 19 20 24 46 23
1 2 29 67 5 51 7 32 33 66 11 12 13 14 64 62 17 18 19 20 24 22 23
1 2 29 67 5 51 7 32 33 66 11 12 13 14 64 63 17 18 19 20 36 46 23
1 2 29 67 5 51 7 32 33 66 11 12 13 14 64 63 17 18 19 20 36 22 23
1 2 29 67 5 51 7 32 33 66 11 12 13 14 64 63 17 18 19 20 24 46 23
1 2 29 67 5 51 7 32 33 66 11 12 13 14 64 63 17 18 19 20 24 22 23
1 2 29 67 5 51 7 32 33 66 11 12 13 14 65 16 17 18 19 20 36 46 23
1 2 29 67 5 51 7 32 33 66 11 12 13 14 65 16 17 18 19 20 36 22 23
1 2 29 67 5 51 7 32 33 66 11 12 13 14 65 16 17 18 19 20 24 46 23
1 2 29 67 5 51 7 32 33 66 11 12 13 14 65 16 17 18 19 20 24 22 23
1 2 29 67 5 51 7 32 33 66 11 12 13 14 65 62 17 18 19 20 36 46 23
1 2 29 67 5 51 7 32 33 66 11 12 13 14 65 62 17 18 19 20 36 22 23
1 2 29 67 5 51 7 32 33 66 11 12 13 14 65 62 17 18 19 20 24 46 23
1 2 29 67 5 51 7 32 33 66 11 12 13 14 65 62 17 18 19 20 24 22 23
1 2 29 67 5 51 7 32 33 66 11 12 13 14 65 63 17 18 19 20 36 46 23
1 2 29 67 5 51 7 32 33 66 11 12 13 14 65 63 17 18 19 20 36 22 23
1 2 29 67 5 51 7 32 33 66 11 12 13 14 65 63 17 18 19 20 24 46 23
1 2 29 67 5 51 7 32 33 66 11 12 13 14 65 63 17 18 19 20 24 22 23
1 2 29 67 5 51 7 32 33 26 11 12 13 14 15 16 17 18 19 20 36 46 23
1 2 29 67 5 51 7 32 33 26 11 12 13 14 15 16 17 18 19 20 36 22 23
1 2 29 67 5 51 7 32 33 26 11 12 13 14 15 16 17 18 19 20 24 46 23
1 2 29 67 5 51 7 32 33 26 11 12 13 14 15 16 17 18 19 20 24 22 23
1 2 29 67 5 51 7 32 33 26 11 12 13 14 15 62 17 18 19 20 36 46 23
1 2 29 67 5 51 7 32 33 26 11 12 13 14 15 62 17 18 19 20 36 22 23
1 2 29 67 5 51 7 32 33 26 11 12 13 14 15 62 17 18 19 20 24 46 23
1 2 29 67 5 51 7 32 33 26 11 12 13 14 15 62 17 18 19 20 24 22 23
1 2 29 67 5 51 7 32 33 26 11 12 13 14 15 63 17 18 19 20 36 46 23
1 2 29 67 5 51 7 32 33 26 11 12 13 14 15 63 17 18 19 20 36 22 23
1 2 29 67 5 51 7 32 33 26 11 12 13 14 15 63 17 18 19 20 24 46 23
1 2 29 67 5 51 7 32 33 26 11 12 13 14 15 63 17 18 19 20 24 22 23
1 2 29 67 5 51 7 32 33 26 11 12 13 14 64 16 17 18 19 20 36 46 23
1 2 29 67 5 51 7 32 33 26 11 12 13 14 64 16 17 18 19 20 36 22 23
1 2 29 67 5 51 7 32 33 26 11 12 13 14 64 16 17 18 19 20 24 46 23
1 2 29 67 5 51 7 32 33 26 11 12 13 14 64 16 17 18 19 20 24 22 23
1 2 29 67 5 51 7 32 33 26 11 12 13 14 64 62 17 18 19 20 36 46 23
1 2 29 67 5 51 7 32 33 26 11 12 13 14 64 62 17 18 19 20 36 22 23
1 2 29 67 5 51 7 32 33 26 11 12 13 14 64 62 17 18 19 20 24 46 23
1 2 29 67 5 51 7 32 33 26 11 12 13 14 64 62 17 18 19 20 24 22 23
1 2 29 67 5 51 7 32 33 26 11 12 13 14 64 63 17 18 19 20 36 46 23
1 2 29 67 5 51 7 32 33 26 11 12 13 14 64 63 17 18 19 20 36 22 23
1 2 29 67 5 51 7 32 33 26 11 12 13 14 64 63 17 18 19 20 24 46 23
1 2 29 67 5 51 7 32 33 26 11 12 13 14 64 63 17 18 19 20 24 22 23
1 2 29 67 5 51 7 32 33 26 11 12 13 14 65 16 17 18 19 20 36 46 23
1 2 29 67 5 51 7 32 33 26 11 12 13 14 65 16 17 18 19 20 36 22 23
1 2 29 67 5 51 7 32 33 26 11 12 13 14 65 16 17 18 19 20 24 46 23
1 2 29 67 5 51 7 32 33 26 11 12 13 14 65 16 17 18 19 20 24 22 23
1 2 29 67 5 51 7 32 33 26 11 12 13 14 65 62 17 18 19 20 36 46 23
1 2 29 67 5 51 7 32 33 26 11 12 13 14 65 62 17 18 19 20 36 22 23
1 2 29 67 5 51 7 32 33 26 11 12 13 14 65 62 17 18 19 20 24 46 23
1 2 29 67 5 51 7 32 33 26 11 12 13 14 65 62 17 18 19 20 24 22 23
1 2 29 67 5 51 7 32 33 26 11 12 13 14 65 63 17 18 19 20 36 46 23
1 2 29 67 5 51 7 32 33 26 11 12 13 14 65 63 17 18 19 20 36 22 23
1 2 29 67 5 51 7 32 33 26 11 12 13 14 65 63 17 18 19 20 24 46 23
1 2 29 67 5 51 7 32 33 26 11 12 13 14 65 63 17 18 19 20 24 22 23
1 2 29 48 5 51 7 32 33 10 11 12 13 14 15 16 17 18 19 20 36 46 23
1 2 29 48 5 51 7 32 33 10 11 12 13 14 15 16 17 18 19 20 36 22 23
1 2 29 48 5 51 7 32 33 10 11 12 13 14 15 16 17 18 19 20 24 46 23
1 2 29 48 5 51 7 32 33 10 11 12 13 14 15 16 17 18 19 20 24 22 23
1 2 29 48 5 51 7 32 33 10 11 12 13 14 15 62 17 18 19 20 36 46 23
1 2 29 48 5 51 7 32 33 10 11 12 13 14 15 62 17 18 19 20 36 22 23
1 2 29 48 5 51 7 32 33 10 11 12 13 14 15 62 17 18 19 20 24 46 23
1 2 29 48 5 51 7 32 33 10 11 12 13 14 15 62 17 18 19 20 24 22 23
1 2 29 48 5 51 7 32 33 10 11 12 13 14 15 63 17 18 19 20 36 46 23
1 2 29 48 5 51 7 32 33 10 11 12 13 14 15 63 17 18 19 20 36 22 23
1 2 29 48 5 51 7 32 33 10 11 12 13 14 15 63 17 18 19 20 24 46 23
1 2 29 48 5 51 7 32 33 10 11 12 13 14 15 63 17 18 19 20 24 22 23
1 2 29 48 5 51 7 32 33 10 11 12 13 14 64 16 17 18 19 20 36 46 23
1 2 29 48 5 51 7 32 33 10 11 12 13 14 64 16 17 18 19 20 36 22 23
1 2 29 48 5 51 7 32 33 10 11 12 13 14 64 16 17 18 19 20 24 46 23
1 2 29 48 5 51 7 32 33 10 11 12 13 14 64 16 17 18 19 20 24 22 23
1 2 29 48 5 51 7 32 33 10 11 12 13 14 64 62 17 18 19 20 36 46 23
1 2 29 48 5 51 7 32 33 10 11 12 13 14 64 62 17 18 19 20 36 22 23
1 2 29 48 5 51 7 32 33 10 11 12 13 14 64 62 17 18 19 20 24 46 23
1 2 29 48 5 51 7 32 33 10 11 12 13 14 64 62 17 18 19 20 24 22 23
1 2 29 48 5 51 7 32 33 10 11 12 13 14 64 63 17 18 19 20 36 46 23
1 2 29 48 5 51 7 32 33 10 11 12 13 14 64 63 17 18 19 20 36 22 23
1 2 29 48 5 51 7 32 33 10 11 12 13 14 64 63 17 18 19 20 24 46 23
1 2 29 48 5 51 7 32 33 10 11 12 13 14 64 63 17 18 19 20 24 22 23
1 2 29 48 5 51 7 32 33 10 11 12 13 14 65 16 17 18 19 20 36 46 23
1 2 29 48 5 51 7 32 33 10 11 12 13 14 65 16 17 18 19 20 36 22 23
1 2 29 48 5 51 7 32 33 10 11 12 13 14 65 16 17 18 19 20 24 46 23
1 2 29 48 5 51 7 32 33 10 11 12 13 14 65 16 17 18 19 20 24 22 23
1 2 29 48 5 51 7 32 33 10 11 12 13 14 65 62 17 18 19 20 36 46 23
1 2 29 48 5 51 7 32 33 10 11 12 13 14 65 62 17 18 19 20 36 22 23
1 2 29 48 5 51 7 32 33 10 11 12 13 14 65 62 17 18 19 20 24 46 23
1 2 29 48 5 51 7 32 33 10 11 12 13 14 65 62 17 18 19 20 24 22 23
1 2 29 48 5 51 7 32 33 10 11 12 13 14 65 63 17 18 19 20 36 46 23
1 2 29 48 5 51 7 32 33 10 11 12 13 14 65 63 17 18 19 20 36 22 23
1 2 29 48 5 51 7 32 33 10 11 12 13 14 65 63 17 18 19 20 24 46 23
1 2 29 48 5 51 7 32 33 10 11 12 13 14 65 63 17 18 19 20 24 22 23
1 2 29 48 5 51 7 32 33 25 11 12 13 14 15 16 17 18 19 20 36 46 23
1 2 29 48 5 51 7 32 33 25 11 12 13 14 15 16 17 18 19 20 36 22 23
1 2 29 48 5 51 7 32 33 25 11 12 13 14 15 16 17 18 19 20 24 46 23
1 2 29 48 5 51 7 32 33 25 11 12 13 14 15 16 17 18 19 20 24 22 23
1 2 29 48 5 51 7 32 33 25 11 12 13 14 15 62 17 18 19 20 36 46 23
1 2 29 48 5 51 7 32 33 25 11 12 13 14 15 62 17 18 19 20 36 22 23
1 2 29 48 5 51 7 32 33 25 11 12 13 14 15 62 17 18 19 20 24 46 23
1 2 29 48 5 51 7 32 33 25 11 12 13 14 15 62 17 18 19 20 24 22 23
1 2 29 48 5 51 7 32 33 25 11 12 13 14 15 63 17 18 19 20 36 46 23
1 2 29 48 5 51 7 32 33 25 11 12 13 14 15 63 17 18 19 20 36 22 23
1 2 29 48 5 51 7 32 33 25 11 12 13 14 15 63 17 18 19 20 24 46 23
1 2 29 48 5 51 7 32 33 25 11 12 13 14 15 63 17 18 19 20 24 22 23
1 2 29 48 5 51 7 32 33 25 11 12 13 14 64 16 17 18 19 20 36 46 23
1 2 29 48 5 51 7 32 33 25 11 12 13 14 64 16 17 18 19 20 36 22 23
1 2 29 48 5 51 7 32 33 25 11 12 13 14 64 16 17 18 19 20 24 46 23
1 2 29 48 5 51 7 32 33 25 11 12 13 14 64 16 17 18 19 20 24 22 23
1 2 29 48 5 51 7 32 33 25 11 12 13 14 64 62 17 18 19 20 36 46 23
1 2 29 48 5 51 7 32 33 25 11 12 13 14 64 62 17 18 19 20 36 22 23
1 2 29 48 5 51 7 32 33 25 11 12 13 14 64 62 17 18 19 20 24 46 23
1 2 29 48 5 51 7 32 33 25 11 12 13 14 64 62 17 18 19 20 24 22 23
1 2 29 48 5 51 7 32 33 25 11 12 13 14 64 63 17 18 19 20 36 46 23
1 2 29 48 5 51 7 32 33 25 11 12 13 14 64 63 17 18 19 20 36 22 23
1 2 29 48 5 51 7 32 33 25 11 12 13 14 64 63 17 18 19 20 24 46 23
1 2 29 48 5 51 7 32 33 25 11 12 13 14 64 63 17 18 19 20 24 22 23
1 2 29 48 5 51 7 32 33 25 11 12 13 14 65 16 17 18 19 20 36 46 23
1 2 29 48 5 51 7 32 33 25 11 12 13 14 65 16 17 18 19 20 36 22 23
1 2 29 48 5 51 7 32 33 25 11 12 13 14 65 16 17 18 19 20 24 46 23
1 2 29 48 5 51 7 32 33 25 11 12 13 14 65 16 17 18 19 20 24 22 23
1 2 29 48 5 51 7 32 33 25 11 12 13 14 65 62 17 18 19 20 36 46 23
1 2 29 48 5 51 7 32 33 25 11 12 13 14 65 62 17 18 19 20 36 22 23
1 2 29 48 5 51 7 32 33 25 11 12 13 14 65 62 17 18 19 20 24 46 23
1 2 29 48 5 51 7 32 33 25 11 12 13 14 65 62 17 18 19 20 24 22 23
1 2 29 48 5 51 7 32 33 25 11 12 13 14 65 63 17 18 19 20 36 46 23
1 2 29 48 5 51 7 32 33 25 11 12 13 14 65 63 17 18 19 20 36 22 23
1 2 29 48 5 51 7 32 33 25 11 12 13 14 65 63 17 18 19 20 24 46 23
1 2 29 48 5 51 7 32 33 25 11 12 13 14 65 63 17 18 19 20 24 22 23
1 2 29 48 5 51 7 32 33 66 11 12 13 14 15 16 17 18 19 20 36 46 23
1 2 29 48 5 51 7 32 33 66 11 12 13 14 15 16 17 18 19 20 36 22 23
1 2 29 48 5 51 7 32 33 66 11 12 13 14 15 16 17 18 19 20 24 46 23
1 2 29 48 5 51 7 32 33 66 11 12 13 14 15 16 17 18 19 20 24 22 23
1 2 29 48 5 51 7 32 33 66 11 12 13 14 15 62 17 18 19 20 36 46 23
1 2 29 48 5 51 7 32 33 66 11 12 13 14 15 62 17 18 19 20 36 22 23
1 2 29 48 5 51 7 32 33 66 11 12 13 14 15 62 17 18 19 20 24 46 23
1 2 29 48 5 51 7 32 33 66 11 12 13 14 15 62 17 18 19 20 24 22 23
1 2 29 48 5 51 7 32 33 66 11 12 13 14 15 63 17 18 19 20 36 46 23
1 2 29 48 5 51 7 32 33 66 11 12 13 14 15 63 17 18 19 20 36 22 23
1 2 29 48 5 51 7 32 33 66 11 12 13 14 15 63 17 18 19 20 24 46 23
1 2 29 48 5 51 7 32 33 66 11 12 13 14 15 63 17 18 19 20 24 22 23
1 2 29 48 5 51 7 32 33 66 11 12 13 14 64 16 17 18 19 20 36 46 23
1 2 29 48 5 51 7 32 33 66 11 12 13 14 64 16 17 18 19 20 36 22 23
1 2 29 48 5 51 7 32 33 66 11 12 13 14 64 16 17 18 19 20 24 46 23
1 2 29 48 5 51 7 32 33 66 11 12 13 14 64 16 17 18 19 20 24 22 23
1 2 29 48 5 51 7 32 33 66 11 12 13 14 64 62 17 18 19 20 36 46 23
1 2 29 48 5 51 7 32 33 66 11 12 13 14 64 62 17 18 19 20 36 22 23
1 2 29 48 5 51 7 32 33 66 11 12 13 14 64 62 17 18 19 20 24 46 23
1 2 29 48 5 51 7 32 33 66 11 12 13 14 64 62 17 18 19 20 24 22 23
1 2 29 48 5 51 7 32 33 66 11 12 13 14 64 63 17 18 19 20 36 46 23
1 2 29 48 5 51 7 32 33 66 11 12 13 14 64 63 17 18 19 20 36 22 23
1 2 29 48 5 51 7 32 33 66 11 12 13 14 64 63 17 18 19 20 24 46 23
1 2 29 48 5 51 7 32 33 66 11 12 13 14 64 63 17 18 19 20 24 22 23
1 2 29 48 5 51 7 32 33 66 11 12 13 14 65 16 17 18 19 20 36 46 23
1 2 29 48 5 51 7 32 33 66 11 12 13 14 65 16 17 18 19 20 36 22 23
1 2 29 48 5 51 7 32 33 66 11 12 13 14 65 16 17 18 19 20 24 46 23
1 2 29 48 5 51 7 32 33 66 11 12 13 14 65 16 17 18 19 20 24 22 23
1 2 29 48 5 51 7 32 33 66 11 12 13 14 65 62 17 18 19 20 36 46 23
1 2 29 48 5 51 7 32 33 66 11 12 13 14 65 62 17 18 19 20 36 22 23
1 2 29 48 5 51 7 32 33 66 11 12 13 14 65 62 17 18 19 20 24 46 23
1 2 29 48 5 51 7 32 33 66 11 12 13 14 65 62 17 18 19 20 24 22 23
1 2 29 48 5 51 7 32 33 66 11 12 13 14 65 63 17 18 19 20 36 46 23
1 2 29 48 5 51 7 32 33 66 11 12 13 14 65 63 17 18 19 20 36 22 23
1 2 29 48 5 51 7 32 33 66 11 12 13 14 65 63 17 18 19 20 24 46 23
1 2 29 48 5 51 7 32 33 66 11 12 13 14 65 63 17 18 19 20 24 22 23
1 2 29 48 5 51 7 32 33 26 11 12 13 14 15 16 17 18 19 20 36 46 23
1 2 29 48 5 51 7 32 33 26 11 12 13 14 15 16 17 18 19 20 36 22 23
1 2 29 48 5 51 7 32 33 26 11 12 13 14 15 16 17 18 19 20 24 46 23
1 2 29 48 5 51 7 32 33 26 11 12 13 14 15 16 17 18 19 20 24 22 23
1 2 29 48 5 51 7 32 33 26 11 12 13 14 15 62 17 18 19 20 36 46 23
1 2 29 48 5 51 7 32 33 26 11 12 13 14 15 62 17 18 19 20 36 22 23
1 2 29 48 5 51 7 32 33 26 11 12 13 14 15 62 17 18 19 20 24 46 23
1 2 29 48 5 51 7 32 33 26 11 12 13 14 15 62 17 18 19 20 24 22 23
1 2 29 48 5 51 7 32 33 26 11 12 13 14 15 63 17 18 19 20 36 46 23
1 2 29 48 5 51 7 32 33 26 11 12 13 14 15 63 17 18 19 20 36 22 23
1 2 29 48 5 51 7 32 33 26 11 12 13 14 15 63 17 18 19 20 24 46 23
1 2 29 48 5 51 7 32 33 26 11 12 13 14 15 63 17 18 19 20 24 22 23
1 2 29 48 5 51 7 32 33 26 11 12 13 14 64 16 17 18 19 20 36 46 23
1 2 29 48 5 51 7 32 33 26 11 12 13 14 64 16 17 18 19 20 36 22 23
1 2 29 48 5 51 7 32 33 26 11 12 13 14 64 16 17 18 19 20 24 46 23
1 2 29 48 5 51 7 32 33 26 11 12 13 14 64 16 17 18 19 20 24 22 23
1 2 29 48 5 51 7 32 33 26 11 12 13 14 64 62 17 18 19 20 36 46 23
1 2 29 48 5 51 7 32 33 26 11 12 13 14 64 62 17 18 19 20 36 22 23
1 2 29 48 5 51 7 32 33 26 11 12 13 14 64 62 17 18 19 20 24 46 23
1 2 29 48 5 51 7 32 33 26 11 12 13 14 64 62 17 18 19 20 24 22 23
1 2 29 48 5 51 7 32 33 26 11 12 13 14 64 63 17 18 19 20 36 46 23
1 2 29 48 5 51 7 32 33 26 11 12 13 14 64 63 17 18 19 20 36 22 23
1 2 29 48 5 51 7 32 33 26 11 12 13 14 64 63 17 18 19 20 24 46 23
1 2 29 48 5 51 7 32 33 26 11 12 13 14 64 63 17 18 19 20 24 22 23
1 2 29 48 5 51 7 32 33 26 11 12 13 14 65 16 17 18 19 20 36 46 23
1 2 29 48 5 51 7 32 33 26 11 12 13 14 65 16 17 18 19 20 36 22 23
1 2 29 48 5 51 7 32 33 26 11 12 13 14 65 16 17 18 19 20 24 46 23
1 2 29 48 5 51 7 32 33 26 11 12 13 14 65 16 17 18 19 20 24 22 23
1 2 29 48 5 51 7 32 33 26 11 12 13 14 65 62 17 18 19 20 36 46 23
1 2 29 48 5 51 7 32 33 26 11 12 13 14 65 62 17 18 19 20 36 22 23
1 2 29 48 5 51 7 32 33 26 11 12 13 14 65 62 17 18 19 20 24 46 23
1 2 29 48 5 51 7 32 33 26 11 12 13 14 65 62 17 18 19 20 24 22 23
1 2 29 48 5 51 7 32 33 26 11 12 13 14 65 63 17 18 19 20 36 46 23
1 2 29 48 5 51 7 32 33 26 11 12 13 14 65 63 17 18 19 20 36 22 23
1 2 29 48 5 51 7 32 33 26 11 12 13 14 65 63 17 18 19 20 24 46 23
1 2 29 48 5 51 7 32 33 26 11 12 13 14 65 63 17 18 19 20 24 22 23
1 2 43 49 5 51 7 32 33 10 11 12 13 14 15 16 17 18 19 20 36 46 23
1 2 43 49 5 51 7 32 33 10 11 12 13 14 15 16 17 18 19 20 36 22 23
1 2 43 49 5 51 7 32 33 10 11 12 13 14 15 16 17 18 19 20 24 46 23
1 2 43 49 5 51 7 32 33 10 11 12 13 14 15 16 17 18 19 20 24 22 23
1 2 43 49 5 51 7 32 33 10 11 12 13 14 15 62 17 18 19 20 36 46 23
1 2 43 49 5 51 7 32 33 10 11 12 13 14 15 62 17 18 19 20 36 22 23
1 2 43 49 5 51 7 32 33 10 11 12 13 14 15 62 17 18 19 20 24 46 23
1 2 43 49 5 51 7 32 33 10 11 12 13 14 15 62 17 18 19 20 24 22 23
1 2 43 49 5 51 7 32 33 10 11 12 13 14 15 63 17 18 19 20 36 46 23
1 2 43 49 5 51 7 32 33 10 11 12 13 14 15 63 17 18 19 20 36 22 23
1 2 43 49 5 51 7 32 33 10 11 12 13 14 15 63 17 18 19 20 24 46 23
1 2 43 49 5 51 7 32 33 10 11 12 13 14 15 63 17 18 19 20 24 22 23
1 2 43 49 5 51 7 32 33 10 11 12 13 14 64 16 17 18 19 20 36 46 23
1 2 43 49 5 51 7 32 33 10 11 12 13 14 64 16 17 18 19 20 36 22 23
1 2 43 49 5 51 7 32 33 10 11 12 13 14 64 16 17 18 19 20 24 46 23
1 2 43 49 5 51 7 32 33 10 11 12 13 14 64 16 17 18 19 20 24 22 23
1 2 43 49 5 51 7 32 33 10 11 12 13 14 64 62 17 18 19 20 36 46 23
1 2 43 49 5 51 7 32 33 10 11 12 13 14 64 62 17 18 19 20 36 22 23
1 2 43 49 5 51 7 32 33 10 11 12 13 14 64 62 17 18 19 20 24 46 23
1 2 43 49 5 51 7 32 33 10 11 12 13 14 64 62 17 18 19 20 24 22 23
1 2 43 49 5 51 7 32 33 10 11 12 13 14 64 63 17 18 19 20 36 46 23
1 2 43 49 5 51 7 32 33 10 11 12 13 14 64 63 17 18 19 20 36 22 23
1 2 43 49 5 51 7 32 33 10 11 12 13 14 64 63 17 18 19 20 24 46 23
1 2 43 49 5 51 7 32 33 10 11 12 13 14 64 63 17 18 19 20 24 22 23
1 2 43 49 5 51 7 32 33 10 11 12 13 14 65 16 17 18 19 20 36 46 23
1 2 43 49 5 51 7 32 33 10 11 12 13 14 65 16 17 18 19 20 36 22 23
1 2 43 49 5 51 7 32 33 10 11 12 13 14 65 16 17 18 19 20 24 46 23
1 2 43 49 5 51 7 32 33 10 11 12 13 14 65 16 17 18 19 20 24 22 23
1 2 43 49 5 51 7 32 33 10 11 12 13 14 65 62 17 18 19 20 36 46 23
1 2 43 49 5 51 7 32 33 10 11 12 13 14 65 62 17 18 19 20 36 22 23
1 2 43 49 5 51 7 32 33 10 11 12 13 14 65 62 17 18 19 20 24 46 23
1 2 43 49 5 51 7 32 33 10 11 12 13 14 65 62 17 18 19 20 24 22 23
1 2 43 49 5 51 7 32 33 10 11 12 13 14 65 63 17 18 19 20 36 46 23
1 2 43 49 5 51 7 32 33 10 11 12 13 14 65 63 17 18 19 20 36 22 23
1 2 43 49 5 51 7 32 33 10 11 12 13 14 65 63 17 18 19 20 24 46 23
1 2 43 49 5 51 7 32 33 10 11 12 13 14 65 63 17 18 19 20 24 22 23
1 2 43 49 5 51 7 32 33 25 11 12 13 14 15 16 17 18 19 20 36 46 23
1 2 43 49 5 51 7 32 33 25 11 12 13 14 15 16 17 18 19 20 36 22 23
1 2 43 49 5 51 7 32 33 25 11 12 13 14 15 16 17 18 19 20 24 46 23
1 2 43 49 5 51 7 32 33 25 11 12 13 14 15 16 17 18 19 20 24 22 23
1 2 43 49 5 51 7 32 33 25 11 12 13 14 15 62 17 18 19 20 36 46 23
1 2 43 49 5 51 7 32 33 25 11 12 13 14 15 62 17 18 19 20 36 22 23
1 2 43 49 5 51 7 32 33 25 11 12 13 14 15 62 17 18 19 20 24 46 23
1 2 43 49 5 51 7 32 33 25 11 12 13 14 15 62 17 18 19 20 24 22 23
1 2 43 49 5 51 7 32 33 25 11 12 13 14 15 63 17 18 19 20 36 46 23
1 2 43 49 5 51 7 32 33 25 11 12 13 14 15 63 17 18 19 20 36 22 23
1 2 43 49 5 51 7 32 33 25 11 12 13 14 15 63 17 18 19 20 24 46 23
1 2 43 49 5 51 7 32 33 25 11 12 13 14 15 63 17 18 19 20 24 22 23
1 2 43 49 5 51 7 32 33 25 11 12 13 14 64 16 17 18 19 20 36 46 23
1 2 43 49 5 51 7 32 33 25 11 12 13 14 64 16 17 18 19 20 36 22 23
1 2 43 49 5 51 7 32 33 25 11 12 13 14 64 16 17 18 19 20 24 46 23
1 2 43 49 5 51 7 32 33 25 11 12 13 14 64 16 17 18 19 20 24 22 23
1 2 43 49 5 51 7 32 33 25 11 12 13 14 64 62 17 18 19 20 36 46 23
1 2 43 49 5 51 7 32 33 25 11 12 13 14 64 62 17 18 19 20 36 22 23
1 2 43 49 5 51 7 32 33 25 11 12 13 14 64 62 17 18 19 20 24 46 23
1 2 43 49 5 51 7 32 33 25 11 12 13 14 64 62 17 18 19 20 24 22 23
1 2 43 49 5 51 7 32 33 25 11 12 13 14 64 63 17 18 19 20 36 46 23
1 2 43 49 5 51 7 32 33 25 11 12 13 14 64 63 17 18 19 20 36 22 23
1 2 43 49 5 51 7 32 33 25 11 12 13 14 64 63 17 18 19 20 24 46 23
1 2 43 49 5 51 7 32 33 25 11 12 13 14 64 63 17 18 19 20 24 22 23
1 2 43 49 5 51 7 32 33 25 11 12 13 14 65 16 17 18 19 20 36 46 23
1 2 43 49 5 51 7 32 33 25 11 12 13 14 65 16 17 18 19 20 36 22 23
1 2 43 49 5 51 7 32 33 25 11 12 13 14 65 16 17 18 19 20 24 46 23
1 2 43 49 5 51 7 32 33 25 11 12 13 14 65 16 17 18 19 20 24 22 23
1 2 43 49 5 51 7 32 33 25 11 12 13 14 65 62 17 18 19 20 36 46 23
1 2 43 49 5 51 7 32 33 25 11 12 13 14 65 62 17 18 19 20 36 22 23
1 2 43 49 5 51 7 32 33 25 11 12 13 14 65 62 17 18 19 20 24 46 23
1 2 43 49 5 51 7 32 33 25 11 12 13 14 65 62 17 18 19 20 24 22 23
1 2 43 49 5 51 7 32 33 25 11 12 13 14 65 63 17 18 19 20 36 46 23
1 2 43 49 5 51 7 32 33 25 11 12 13 14 65 63 17 18 19 20 36 22 23
1 2 43 49 5 51 7 32 33 25 11 12 13 14 65 63 17 18 19 20 24 46 23
1 2 43 49 5 51 7 32 33 25 11 12 13 14 65 63 17 18 19 20 24 22 23
1 2 43 49 5 51 7 32 33 66 11 12 13 14 15 16 17 18 19 20 36 46 23
1 2 43 49 5 51 7 32 33 66 11 12 13 14 15 16 17 18 19 20 36 22 23
1 2 43 49 5 51 7 32 33 66 11 12 13 14 15 16 17 18 19 20 24 46 23
1 2 43 49 5 51 7 32 33 66 11 12 13 14 15 16 17 18 19 20 24 22 23
1 2 43 49 5 51 7 32 33 66 11 12 13 14 15 62 17 18 19 20 36 46 23
1 2 43 49 5 51 7 32 33 66 11 12 13 14 15 62 17 18 19 20 36 22 23
1 2 43 49 5 51 7 32 33 66 11 12 13 14 15 62 17 18 19 20 24 46 23
1 2 43 49 5 51 7 32 33 66 11 12 13 14 15 62 17 18 19 20 24 22 23
1 2 43 49 5 51 7 32 33 66 11 12 13 14 15 63 17 18 19 20 36 46 23
1 2 43 49 5 51 7 32 33 66 11 12 13 14 15 63 17 18 19 20 36 22 23
1 2 43 49 5 51 7 32 33 66 11 12 13 14 15 63 17 18 19 20 24 46 23
1 2 43 49 5 51 7 32 33 66 11 12 13 14 15 63 17 18 19 20 24 22 23
1 2 43 49 5 51 7 32 33 66 11 12 13 14 64 16 17 18 19 20 36 46 23
1 2 43 49 5 51 7 32 33 66 11 12 13 14 64 16 17 18 19 20 36 22 23
1 2 43 49 5 51 7 32 33 66 11 12 13 14 64 16 17 18 19 20 24 46 23
1 2 43 49 5 51 7 32 33 66 11 12 13 14 64 16 17 18 19 20 24 22 23
1 2 43 49 5 51 7 32 33 66 11 12 13 14 64 62 17 18 19 20 36 46 23
1 2 43 49 5 51 7 32 33 66 11 12 13 14 64 62 17 18 19 20 36 22 23
1 2 43 49 5 51 7 32 33 66 11 12 13 14 64 62 17 18 19 20 24 46 23
1 2 43 49 5 51 7 32 33 66 11 12 13 14 64 62 17 18 19 20 24 22 23
1 2 43 49 5 51 7 32 33 66 11 12 13 14 64 63 17 18 19 20 36 46 23
1 2 43 49 5 51 7 32 33 66 11 12 13 14 64 63 17 18 19 20 36 22 23
1 2 43 49 5 51 7 32 33 66 11 12 13 14 64 63 17 18 19 20 24 46 23
1 2 43 49 5 51 7 32 33 66 11 12 13 14 64 63 17 18 19 20 24 22 23
1 2 43 49 5 51 7 32 33 66 11 12 13 14 65 16 17 18 19 20 36 46 23
1 2 43 49 5 51 7 32 33 66 11 12 13 14 65 16 17 18 19 20 36 22 23
1 2 43 49 5 51 7 32 33 66 11 12 13 14 65 16 17 18 19 20 24 46 23
1 2 43 49 5 51 7 32 33 66 11 12 13 14 65 16 17 18 19 20 24 22 23
1 2 43 49 5 51 7 32 33 66 11 12 13 14 65 62 17 18 19 20 36 46 23
1 2 43 49 5 51 7 32 33 66 11 12 13 14 65 62 17 18 19 20 36 22 23
1 2 43 49 5 51 7 32 33 66 11 12 13 14 65 62 17 18 19 20 24 46 23
1 2 43 49 5 51 7 32 33 66 11 12 13 14 65 62 17 18 19 20 24 22 23
1 2 43 49 5 51 7 32 33 66 11 12 13 14 65 63 17 18 19 20 36 46 23
1 2 43 49 5 51 7 32 33 66 11 12 13 14 65 63 17 18 19 20 36 22 23
1 2 43 49 5 51 7 32 33 66 11 12 13 14 65 63 17 18 19 20 24 46 23
1 2 43 49 5 51 7 32 33 66 11 12 13 14 65 63 17 18 19 20 24 22 23
1 2 43 49 5 51 7 32 33 26 11 12 13 14 15 16 17 18 19 20 36 46 23
1 2 43 49 5 51 7 32 33 26 11 12 13 14 15 16 17 18 19 20 36 22 23
1 2 43 49 5 51 7 32 33 26 11 12 13 14 15 16 17 18 19 20 24 46 23
1 2 43 49 5 51 7 32 33 26 11 12 13 14 15 16 17 18 19 20 24 22 23
1 2 43 49 5 51 7 32 33 26 11 12 13 14 15 62 17 18 19 20 36 46 23
1 2 43 49 5 51 7 32 33 26 11 12 13 14 15 62 17 18 19 20 36 22 23
1 2 43 49 5 51 7 32 33 26 11 12 13 14 15 62 17 18 19 20 24 46 23
1 2 43 49 5 51 7 32 33 26 11 12 13 14 15 62 17 18 19 20 24 22 23
1 2 43 49 5 51 7 32 33 26 11 12 13 14 15 63 17 18 19 20 36 46 23
1 2 43 49 5 51 7 32 33 26 11 12 13 14 15 63 17 18 19 20 36 22 23
1 2 43 49 5 51 7 32 33 26 11 12 13 14 15 63 17 18 19 20 24 46 23
1 2 43 49 5 51 7 32 33 26 11 12 13 14 15 63 17 18 19 20 24 22 23
1 2 43 49 5 51 7 32 33 26 11 12 13 14 64 16 17 18 19 20 36 46 23
1 2 43 49 5 51 7 32 33 26 11 12 13 14 64 16 17 18 19 20 36 22 23
1 2 43 49 5 51 7 32 33 26 11 12 13 14 64 16 17 18 19 20 24 46 23
1 2 43 49 5 51 7 32 33 26 11 12 13 14 64 16 17 18 19 20 24 22 23
1 2 43 49 5 51 7 32 33 26 11 12 13 14 64 62 17 18 19 20 36 46 23
1 2 43 49 5 51 7 32 33 26 11 12 13 14 64 62 17 18 19 20 36 22 23
1 2 43 49 5 51 7 32 33 26 11 12 13 14 64 62 17 18 19 20 24 46 23
1 2 43 49 5 51 7 32 33 26 11 12 13 14 64 62 17 18 19 20 24 22 23
1 2 43 49 5 51 7 32 33 26 11 12 13 14 64 63 17 18 19 20 36 46 23
1 2 43 49 5 51 7 32 33 26 11 12 13 14 64 63 17 18 19 20 36 22 23
1 2 43 49 5 51 7 32 33 26 11 12 13 14 64 63 17 18 19 20 24 46 23
1 2 43 49 5 51 7 32 33 26 11 12 13 14 64 63 17 18 19 20 24 22 23
1 2 43 49 5 51 7 32 33 26 11 12 13 14 65 16 17 18 19 20 36 46 23
1 2 43 49 5 51 7 32 33 26 11 12 13 14 65 16 17 18 19 20 36 22 23
1 2 43 49 5 51 7 32 33 26 11 12 13 14 65 16 17 18 19 20 24 46 23
1 2 43 49 5 51 7 32 33 26 11 12 13 14 65 16 17 18 19 20 24 22 23
1 2 43 49 5 51 7 32 33 26 11 12 13 14 65 62 17 18 19 20 36 46 23
1 2 43 49 5 51 7 32 33 26 11 12 13 14 65 62 17 18 19 20 36 22 23
1 2 43 49 5 51 7 32 33 26 11 12 13 14 65 62 17 18 19 20 24 46 23
1 2 43 49 5 51 7 32 33 26 11 12 13 14 65 62 17 18 19 20 24 22 23
1 2 43 49 5 51 7 32 33 26 11 12 13 14 65 63 17 18 19 20 36 46 23
1 2 43 49 5 51 7 32 33 26 11 12 13 14 65 63 17 18 19 20 36 22 23
1 2 43 49 5 51 7 32 33 26 11 12 13 14 65 63 17 18 19 20 24 46 23
1 2 43 49 5 51 7 32 33 26 11 12 13 14 65 63 17 18 19 20 24 22 23
1 2 43 67 5 51 7 32 33 10 11 12 13 14 15 16 17 18 19 20 36 46 23
1 2 43 67 5 51 7 32 33 10 11 12 13 14 15 16 17 18 19 20 36 22 23
1 2 43 67 5 51 7 32 33 10 11 12 13 14 15 16 17 18 19 20 24 46 23
1 2 43 67 5 51 7 32 33 10 11 12 13 14 15 16 17 18 19 20 24 22 23
1 2 43 67 5 51 7 32 33 10 11 12 13 14 15 62 17 18 19 20 36 46 23
1 2 43 67 5 51 7 32 33 10 11 12 13 14 15 62 17 18 19 20 36 22 23
1 2 43 67 5 51 7 32 33 10 11 12 13 14 15 62 17 18 19 20 24 46 23
1 2 43 67 5 51 7 32 33 10 11 12 13 14 15 62 17 18 19 20 24 22 23
1 2 43 67 5 51 7 32 33 10 11 12 13 14 15 63 17 18 19 20 36 46 23
1 2 43 67 5 51 7 32 33 10 11 12 13 14 15 63 17 18 19 20 36 22 23
1 2 43 67 5 51 7 32 33 10 11 12 13 14 15 63 17 18 19 20 24 46 23
1 2 43 67 5 51 7 32 33 10 11 12 13 14 15 63 17 18 19 20 24 22 23
1 2 43 67 5 51 7 32 33 10 11 12 13 14 64 16 17 18 19 20 36 46 23
1 2 43 67 5 51 7 32 33 10 11 12 13 14 64 16 17 18 19 20 36 22 23
1 2 43 67 5 51 7 32 33 10 11 12 13 14 64 16 17 18 19 20 24 46 23
1 2 43 67 5 51 7 32 33 10 11 12 13 14 64 16 17 18 19 20 24 22 23
1 2 43 67 5 51 7 32 33 10 11 12 13 14 64 62 17 18 19 20 36 46 23
1 2 43 67 5 51 7 32 33 10 11 12 13 14 64 62 17 18 19 20 36 22 23
1 2 43 67 5 51 7 32 33 10 11 12 13 14 64 62 17 18 19 20 24 46 23
1 2 43 67 5 51 7 32 33 10 11 12 13 14 64 62 17 18 19 20 24 22 23
1 2 43 67 5 51 7 32 33 10 11 12 13 14 64 63 17 18 19 20 36 46 23
1 2 43 67 5 51 7 32 33 10 11 12 13 14 64 63 17 18 19 20 36 22 23
1 2 43 67 5 51 7 32 33 10 11 12 13 14 64 63 17 18 19 20 24 46 23
1 2 43 67 5 51 7 32 33 10 11 12 13 14 64 63 17 18 19 20 24 22 23
1 2 43 67 5 51 7 32 33 10 11 12 13 14 65 16 17 18 19 20 36 46 23
1 2 43 67 5 51 7 32 33 10 11 12 13 14 65 16 17 18 19 20 36 22 23
1 2 43 67 5 51 7 32 33 10 11 12 13 14 65 16 17 18 19 20 24 46 23
1 2 43 67 5 51 7 32 33 10 11 12 13 14 65 16 17 18 19 20 24 22 23
1 2 43 67 5 51 7 32 33 10 11 12 13 14 65 62 17 18 19 20 36 46 23
1 2 43 67 5 51 7 32 33 10 11 12 13 14 65 62 17 18 19 20 36 22 23
1 2 43 67 5 51 7 32 33 10 11 12 13 14 65 62 17 18 19 20 24 46 23
1 2 43 67 5 51 7 32 33 10 11 12 13 14 65 62 17 18 19 20 24 22 23
1 2 43 67 5 51 7 32 33 10 11 12 13 14 65 63 17 18 19 20 36 46 23
1 2 43 67 5 51 7 32 33 10 11 12 13 14 65 63 17 18 19 20 36 22 23
1 2 43 67 5 51 7 32 33 10 11 12 13 14 65 63 17 18 19 20 24 46 23
1 2 43 67 5 51 7 32 33 10 11 12 13 14 65 63 17 18 19 20 24 22 23
1 2 43 67 5 51 7 32 33 25 11 12 13 14 15 16 17 18 19 20 36 46 23
1 2 43 67 5 51 7 32 33 25 11 12 13 14 15 16 17 18 19 20 36 22 23
1 2 43 67 5 51 7 32 33 25 11 12 13 14 15 16 17 18 19 20 24 46 23
1 2 43 67 5 51 7 32 33 25 11 12 13 14 15 16 17 18 19 20 24 22 23
1 2 43 67 5 51 7 32 33 25 11 12 13 14 15 62 17 18 19 20 36 46 23
1 2 43 67 5 51 7 32 33 25 11 12 13 14 15 62 17 18 19 20 36 22 23
1 2 43 67 5 51 7 32 33 25 11 12 13 14 15 62 17 18 19 20 24 46 23
1 2 43 67 5 51 7 32 33 25 11 12 13 14 15 62 17 18 19 20 24 22 23
1 2 43 67 5 51 7 32 33 25 11 12 13 14 15 63 17 18 19 20 36 46 23
1 2 43 67 5 51 7 32 33 25 11 12 13 14 15 63 17 18 19 20 36 22 23
1 2 43 67 5 51 7 32 33 25 11 12 13 14 15 63 17 18 19 20 24 46 23
1 2 43 67 5 51 7 32 33 25 11 12 13 14 15 63 17 18 19 20 24 22 23
1 2 43 67 5 51 7 32 33 25 11 12 13 14 64 16 17 18 19 20 36 46 23
1 2 43 67 5 51 7 32 33 25 11 12 13 14 64 16 17 18 19 20 36 22 23
1 2 43 67 5 51 7 32 33 25 11 12 13 14 64 16 17 18 19 20 24 46 23
1 2 43 67 5 51 7 32 33 25 11 12 13 14 64 16 17 18 19 20 24 22 23
1 2 43 67 5 51 7 32 33 25 11 12 13 14 64 62 17 18 19 20 36 46 23
1 2 43 67 5 51 7 32 33 25 11 12 13 14 64 62 17 18 19 20 36 22 23
1 2 43 67 5 51 7 32 33 25 11 12 13 14 64 62 17 18 19 20 24 46 23
1 2 43 67 5 51 7 32 33 25 11 12 13 14 64 62 17 18 19 20 24 22 23
1 2 43 67 5 51 7 32 33 25 11 12 13 14 64 63 17 18 19 20 36 46 23
1 2 43 67 5 51 7 32 33 25 11 12 13 14 64 63 17 18 19 20 36 22 23
1 2 43 67 5 51 7 32 33 25 11 12 13 14 64 63 17 18 19 20 24 46 23
1 2 43 67 5 51 7 32 33 25 11 12 13 14 64 63 17 18 19 20 24 22 23
1 2 43 67 5 51 7 32 33 25 11 12 13 14 65 16 17 18 19 20 36 46 23
1 2 43 67 5 51 7 32 33 25 11 12 13 14 65 16 17 18 19 20 36 22 23
1 2 43 67 5 51 7 32 33 25 11 12 13 14 65 16 17 18 19 20 24 46 23
1 2 43 67 5 51 7 32 33 25 11 12 13 14 65 16 17 18 19 20 24 22 23
1 2 43 67 5 51 7 32 33 25 11 12 13 14 65 62 17 18 19 20 36 46 23
1 2 43 67 5 51 7 32 33 25 11 12 13 14 65 62 17 18 19 20 36 22 23
1 2 43 67 5 51 7 32 33 25 11 12 13 14 65 62 17 18 19 20 24 46 23
1 2 43 67 5 51 7 32 33 25 11 12 13 14 65 62 17 18 19 20 24 22 23
1 2 43 67 5 51 7 32 33 25 11 12 13 14 65 63 17 18 19 20 36 46 23
1 2 43 67 5 51 7 32 33 25 11 12 13 14 65 63 17 18 19 20 36 22 23
1 2 43 67 5 51 7 32 33 25 11 12 13 14 65 63 17 18 19 20 24 46 23
1 2 43 67 5 51 7 32 33 25 11 12 13 14 65 63 17 18 19 20 24 22 23
1 2 43 67 5 51 7 32 33 66 11 12 13 14 15 16 17 18 19 20 36 46 23
1 2 43 67 5 51 7 32 33 66 11 12 13 14 15 16 17 18 19 20 36 22 23
1 2 43 67 5 51 7 32 33 66 11 12 13 14 15 16 17 18 19 20 24 46 23
1 2 43 67 5 51 7 32 33 66 11 12 13 14 15 16 17 18 19 20 24 22 23
1 2 43 67 5 51 7 32 33 66 11 12 13 14 15 62 17 18 19 20 36 46 23
1 2 43 67 5 51 7 32 33 66 11 12 13 14 15 62 17 18 19 20 36 22 23
1 2 43 67 5 51 7 32 33 66 11 12 13 14 15 62 17 18 19 20 24 46 23
1 2 43 67 5 51 7 32 33 66 11 12 13 14 15 62 17 18 19 20 24 22 23
1 2 43 67 5 51 7 32 33 66 11 12 13 14 15 63 17 18 19 20 36 46 23
1 2 43 67 5 51 7 32 33 66 11 12 13 14 15 63 17 18 19 20 36 22 23
1 2 43 67 5 51 7 32 33 66 11 12 13 14 15 63 17 18 19 20 24 46 23
1 2 43 67 5 51 7 32 33 66 11 12 13 14 15 63 17 18 19 20 24 22 23
1 2 43 67 5 51 7 32 33 66 11 12 13 14 64 16 17 18 19 20 36 46 23
1 2 43 67 5 51 7 32 33 66 11 12 13 14 64 16 17 18 19 20 36 22 23
1 2 43 67 5 51 7 32 33 66 11 12 13 14 64 16 17 18 19 20 24 46 23
1 2 43 67 5 51 7 32 33 66 11 12 13 14 64 16 17 18 19 20 24 22 23
1 2 43 67 5 51 7 32 33 66 11 12 13 14 64 62 17 18 19 20 36 46 23
1 2 43 67 5 51 7 32 33 66 11 12 13 14 64 62 17 18 19 20 36 22 23
1 2 43 67 5 51 7 32 33 66 11 12 13 14 64 62 17 18 19 20 24 46 23
1 2 43 67 5 51 7 32 33 66 11 12 13 14 64 62 17 18 19 20 24 22 23
1 2 43 67 5 51 7 32 33 66 11 12 13 14 64 63 17 18 19 20 36 46 23
1 2 43 67 5 51 7 32 33 66 11 12 13 14 64 63 17 18 19 20 36 22 23
1 2 43 67 5 51 7 32 33 66 11 12 13 14 64 63 17 18 19 20 24 46 23
1 2 43 67 5 51 7 32 33 66 11 12 13 14 64 63 17 18 19 20 24 22 23
1 2 43 67 5 51 7 32 33 66 11 12 13 14 65 16 17 18 19 20 36 46 23
1 2 43 67 5 51 7 32 33 66 11 12 13 14 65 16 17 18 19 20 36 22 23
1 2 43 67 5 51 7 32 33 66 11 12 13 14 65 16 17 18 19 20 24 46 23
1 2 43 67 5 51 7 32 33 66 11 12 13 14 65 16 17 18 19 20 24 22 23
1 2 43 67 5 51 7 32 33 66 11 12 13 14 65 62 17 18 19 20 36 46 23
1 2 43 67 5 51 7 32 33 66 11 12 13 14 65 62 17 18 19 20 36 22 23
1 2 43 67 5 51 7 32 33 66 11 12 13 14 65 62 17 18 19 20 24 46 23
1 2 43 67 5 51 7 32 33 66 11 12 13 14 65 62 17 18 19 20 24 22 23
1 2 43 67 5 51 7 32 33 66 11 12 13 14 65 63 17 18 19 20 36 46 23
1 2 43 67 5 51 7 32 33 66 11 12 13 14 65 63 17 18 19 20 36 22 23
1 2 43 67 5 51 7 32 33 66 11 12 13 14 65 63 17 18 19 20 24 46 23
1 2 43 67 5 51 7 32 33 66 11 12 13 14 65 63 17 18 19 20 24 22 23
1 2 43 67 5 51 7 32 33 26 11 12 13 14 15 16 17 18 19 20 36 46 23
1 2 43 67 5 51 7 32 33 26 11 12 13 14 15 16 17 18 19 20 36 22 23
1 2 43 67 5 51 7 32 33 26 11 12 13 14 15 16 17 18 19 20 24 46 23
1 2 43 67 5 51 7 32 33 26 11 12 13 14 15 16 17 18 19 20 24 22 23
1 2 43 67 5 51 7 32 33 26 11 12 13 14 15 62 17 18 19 20 36 46 23
1 2 43 67 5 51 7 32 33 26 11 12 13 14 15 62 17 18 19 20 36 22 23
1 2 43 67 5 51 7 32 33 26 11 12 13 14 15 62 17 18 19 20 24 46 23
1 2 43 67 5 51 7 32 33 26 11 12 13 14 15 62 17 18 19 20 24 22 23
1 2 43 67 5 51 7 32 33 26 11 12 13 14 15 63 17 18 19 20 36 46 23
1 2 43 67 5 51 7 32 33 26 11 12 13 14 15 63 17 18 19 20 36 22 23
1 2 43 67 5 51 7 32 33 26 11 12 13 14 15 63 17 18 19 20 24 46 23
1 2 43 67 5 51 7 32 33 26 11 12 13 14 15 63 17 18 19 20 24 22 23
1 2 43 67 5 51 7 32 33 26 11 12 13 14 64 16 17 18 19 20 36 46 23
1 2 43 67 5 51 7 32 33 26 11 12 13 14 64 16 17 18 19 20 36 22 23
1 2 43 67 5 51 7 32 33 26 11 12 13 14 64 16 17 18 19 20 24 46 23
1 2 43 67 5 51 7 32 33 26 11 12 13 14 64 16 17 18 19 20 24 22 23
1 2 43 67 5 51 7 32 33 26 11 12 13 14 64 62 17 18 19 20 36 46 23
1 2 43 67 5 51 7 32 33 26 11 12 13 14 64 62 17 18 19 20 36 22 23
1 2 43 67 5 51 7 32 33 26 11 12 13 14 64 62 17 18 19 20 24 46 23
1 2 43 67 5 51 7 32 33 26 11 12 13 14 64 62 17 18 19 20 24 22 23
1 2 43 67 5 51 7 32 33 26 11 12 13 14 64 63 17 18 19 20 36 46 23
1 2 43 67 5 51 7 32 33 26 11 12 13 14 64 63 17 18 19 20 36 22 23
1 2 43 67 5 51 7 32 33 26 11 12 13 14 64 63 17 18 19 20 24 46 23
1 2 43 67 5 51 7 32 33 26 11 12 13 14 64 63 17 18 19 20 24 22 23
1 2 43 67 5 51 7 32 33 26 11 12 13 14 65 16 17 18 19 20 36 46 23
1 2 43 67 5 51 7 32 33 26 11 12 13 14 65 16 17 18 19 20 36 22 23
1 2 43 67 5 51 7 32 33 26 11 12 13 14 65 16 17 18 19 20 24 46 23
1 2 43 67 5 51 7 32 33 26 11 12 13 14 65 16 17 18 19 20 24 22 23
1 2 43 67 5 51 7 32 33 26 11 12 13 14 65 62 17 18 19 20 36 46 23
1 2 43 67 5 51 7 32 33 26 11 12 13 14 65 62 17 18 19 20 36 22 23
1 2 43 67 5 51 7 32 33 26 11 12 13 14 65 62 17 18 19 20 24 46 23
1 2 43 67 5 51 7 32 33 26 11 12 13 14 65 62 17 18 19 20 24 22 23
1 2 43 67 5 51 7 32 33 26 11 12 13 14 65 63 17 18 19 20 36 46 23
1 2 43 67 5 51 7 32 33 26 11 12 13 14 65 63 17 18 19 20 36 22 23
1 2 43 67 5 51 7 32 33 26 11 12 13 14 65 63 17 18 19 20 24 46 23
1 2 43 67 5 51 7 32 33 26 11 12 13 14 65 63 17 18 19 20 24 22 23
1 2 43 48 5 51 7 32 33 10 11 12 13 14 15 16 17 18 19 20 36 46 23
1 2 43 48 5 51 7 32 33 10 11 12 13 14 15 16 17 18 19 20 36 22 23
1 2 43 48 5 51 7 32 33 10 11 12 13 14 15 16 17 18 19 20 24 46 23
1 2 43 48 5 51 7 32 33 10 11 12 13 14 15 16 17 18 19 20 24 22 23
1 2 43 48 5 51 7 32 33 10 11 12 13 14 15 62 17 18 19 20 36 46 23
1 2 43 48 5 51 7 32 33 10 11 12 13 14 15 62 17 18 19 20 36 22 23
1 2 43 48 5 51 7 32 33 10 11 12 13 14 15 62 17 18 19 20 24 46 23
1 2 43 48 5 51 7 32 33 10 11 12 13 14 15 62 17 18 19 20 24 22 23
1 2 43 48 5 51 7 32 33 10 11 12 13 14 15 63 17 18 19 20 36 46 23
1 2 43 48 5 51 7 32 33 10 11 12 13 14 15 63 17 18 19 20 36 22 23
1 2 43 48 5 51 7 32 33 10 11 12 13 14 15 63 17 18 19 20 24 46 23
1 2 43 48 5 51 7 32 33 10 11 12 13 14 15 63 17 18 19 20 24 22 23
1 2 43 48 5 51 7 32 33 10 11 12 13 14 64 16 17 18 19 20 36 46 23
1 2 43 48 5 51 7 32 33 10 11 12 13 14 64 16 17 18 19 20 36 22 23
1 2 43 48 5 51 7 32 33 10 11 12 13 14 64 16 17 18 19 20 24 46 23
1 2 43 48 5 51 7 32 33 10 11 12 13 14 64 16 17 18 19 20 24 22 23
1 2 43 48 5 51 7 32 33 10 11 12 13 14 64 62 17 18 19 20 36 46 23
1 2 43 48 5 51 7 32 33 10 11 12 13 14 64 62 17 18 19 20 36 22 23
1 2 43 48 5 51 7 32 33 10 11 12 13 14 64 62 17 18 19 20 24 46 23
1 2 43 48 5 51 7 32 33 10 11 12 13 14 64 62 17 18 19 20 24 22 23
1 2 43 48 5 51 7 32 33 10 11 12 13 14 64 63 17 18 19 20 36 46 23
1 2 43 48 5 51 7 32 33 10 11 12 13 14 64 63 17 18 19 20 36 22 23
1 2 43 48 5 51 7 32 33 10 11 12 13 14 64 63 17 18 19 20 24 46 23
1 2 43 48 5 51 7 32 33 10 11 12 13 14 64 63 17 18 19 20 24 22 23
1 2 43 48 5 51 7 32 33 10 11 12 13 14 65 16 17 18 19 20 36 46 23
1 2 43 48 5 51 7 32 33 10 11 12 13 14 65 16 17 18 19 20 36 22 23
1 2 43 48 5 51 7 32 33 10 11 12 13 14 65 16 17 18 19 20 24 46 23
1 2 43 48 5 51 7 32 33 10 11 12 13 14 65 16 17 18 19 20 24 22 23
1 2 43 48 5 51 7 32 33 10 11 12 13 14 65 62 17 18 19 20 36 46 23
1 2 43 48 5 51 7 32 33 10 11 12 13 14 65 62 17 18 19 20 36 22 23
1 2 43 48 5 51 7 32 33 10 11 12 13 14 65 62 17 18 19 20 24 46 23
1 2 43 48 5 51 7 32 33 10 11 12 13 14 65 62 17 18 19 20 24 22 23
1 2 43 48 5 51 7 32 33 10 11 12 13 14 65 63 17 18 19 20 36 46 23
1 2 43 48 5 51 7 32 33 10 11 12 13 14 65 63 17 18 19 20 36 22 23
1 2 43 48 5 51 7 32 33 10 11 12 13 14 65 63 17 18 19 20 24 46 23
1 2 43 48 5 51 7 32 33 10 11 12 13 14 65 63 17 18 19 20 24 22 23
1 2 43 48 5 51 7 32 33 25 11 12 13 14 15 16 17 18 19 20 36 46 23
1 2 43 48 5 51 7 32 33 25 11 12 13 14 15 16 17 18 19 20 36 22 23
1 2 43 48 5 51 7 32 33 25 11 12 13 14 15 16 17 18 19 20 24 46 23
1 2 43 48 5 51 7 32 33 25 11 12 13 14 15 16 17 18 19 20 24 22 23
1 2 43 48 5 51 7 32 33 25 11 12 13 14 15 62 17 18 19 20 36 46 23
1 2 43 48 5 51 7 32 33 25 11 12 13 14 15 62 17 18 19 20 36 22 23
1 2 43 48 5 51 7 32 33 25 11 12 13 14 15 62 17 18 19 20 24 46 23
1 2 43 48 5 51 7 32 33 25 11 12 13 14 15 62 17 18 19 20 24 22 23
1 2 43 48 5 51 7 32 33 25 11 12 13 14 15 63 17 18 19 20 36 46 23
1 2 43 48 5 51 7 32 33 25 11 12 13 14 15 63 17 18 19 20 36 22 23
1 2 43 48 5 51 7 32 33 25 11 12 13 14 15 63 17 18 19 20 24 46 23
1 2 43 48 5 51 7 32 33 25 11 12 13 14 15 63 17 18 19 20 24 22 23
1 2 43 48 5 51 7 32 33 25 11 12 13 14 64 16 17 18 19 20 36 46 23
1 2 43 48 5 51 7 32 33 25 11 12 13 14 64 16 17 18 19 20 36 22 23
1 2 43 48 5 51 7 32 33 25 11 12 13 14 64 16 17 18 19 20 24 46 23
1 2 43 48 5 51 7 32 33 25 11 12 13 14 64 16 17 18 19 20 24 22 23
1 2 43 48 5 51 7 32 33 25 11 12 13 14 64 62 17 18 19 20 36 46 23
1 2 43 48 5 51 7 32 33 25 11 12 13 14 64 62 17 18 19 20 36 22 23
1 2 43 48 5 51 7 32 33 25 11 12 13 14 64 62 17 18 19 20 24 46 23
1 2 43 48 5 51 7 32 33 25 11 12 13 14 64 62 17 18 19 20 24 22 23
1 2 43 48 5 51 7 32 33 25 11 12 13 14 64 63 17 18 19 20 36 46 23
1 2 43 48 5 51 7 32 33 25 11 12 13 14 64 63 17 18 19 20 36 22 23
1 2 43 48 5 51 7 32 33 25 11 12 13 14 64 63 17 18 19 20 24 46 23
1 2 43 48 5 51 7 32 33 25 11 12 13 14 64 63 17 18 19 20 24 22 23
1 2 43 48 5 51 7 32 33 25 11 12 13 14 65 16 17 18 19 20 36 46 23
1 2 43 48 5 51 7 32 33 25 11 12 13 14 65 16 17 18 19 20 36 22 23
1 2 43 48 5 51 7 32 33 25 11 12 13 14 65 16 17 18 19 20 24 46 23
1 2 43 48 5 51 7 32 33 25 11 12 13 14 65 16 17 18 19 20 24 22 23
1 2 43 48 5 51 7 32 33 25 11 12 13 14 65 62 17 18 19 20 36 46 23
1 2 43 48 5 51 7 32 33 25 11 12 13 14 65 62 17 18 19 20 36 22 23
1 2 43 48 5 51 7 32 33 25 11 12 13 14 65 62 17 18 19 20 24 46 23
1 2 43 48 5 51 7 32 33 25 11 12 13 14 65 62 17 18 19 20 24 22 23
1 2 43 48 5 51 7 32 33 25 11 12 13 14 65 63 17 18 19 20 36 46 23
1 2 43 48 5 51 7 32 33 25 11 12 13 14 65 63 17 18 19 20 36 22 23
1 2 43 48 5 51 7 32 33 25 11 12 13 14 65 63 17 18 19 20 24 46 23
1 2 43 48 5 51 7 32 33 25 11 12 13 14 65 63 17 18 19 20 24 22 23
1 2 43 48 5 51 7 32 33 66 11 12 13 14 15 16 17 18 19 20 36 46 23
1 2 43 48 5 51 7 32 33 66 11 12 13 14 15 16 17 18 19 20 36 22 23
1 2 43 48 5 51 7 32 33 66 11 12 13 14 15 16 17 18 19 20 24 46 23
1 2 43 48 5 51 7 32 33 66 11 12 13 14 15 16 17 18 19 20 24 22 23
1 2 43 48 5 51 7 32 33 66 11 12 13 14 15 62 17 18 19 20 36 46 23
1 2 43 48 5 51 7 32 33 66 11 12 13 14 15 62 17 18 19 20 36 22 23
1 2 43 48 5 51 7 32 33 66 11 12 13 14 15 62 17 18 19 20 24 46 23
1 2 43 48 5 51 7 32 33 66 11 12 13 14 15 62 17 18 19 20 24 22 23
1 2 43 48 5 51 7 32 33 66 11 12 13 14 15 63 17 18 19 20 36 46 23
1 2 43 48 5 51 7 32 33 66 11 12 13 14 15 63 17 18 19 20 36 22 23
1 2 43 48 5 51 7 32 33 66 11 12 13 14 15 63 17 18 19 20 24 46 23
1 2 43 48 5 51 7 32 33 66 11 12 13 14 15 63 17 18 19 20 24 22 23
1 2 43 48 5 51 7 32 33 66 11 12 13 14 64 16 17 18 19 20 36 46 23
1 2 43 48 5 51 7 32 33 66 11 12 13 14 64 16 17 18 19 20 36 22 23
1 2 43 48 5 51 7 32 33 66 11 12 13 14 64 16 17 18 19 20 24 46 23
1 2 43 48 5 51 7 32 33 66 11 12 13 14 64 16 17 18 19 20 24 22 23
1 2 43 48 5 51 7 32 33 66 11 12 13 14 64 62 17 18 19 20 36 46 23
1 2 43 48 5 51 7 32 33 66 11 12 13 14 64 62 17 18 19 20 36 22 23
1 2 43 48 5 51 7 32 33 66 11 12 13 14 64 62 17 18 19 20 24 46 23
1 2 43 48 5 51 7 32 33 66 11 12 13 14 64 62 17 18 19 20 24 22 23
1 2 43 48 5 51 7 32 33 66 11 12 13 14 64 63 17 18 19 20 36 46 23
1 2 43 48 5 51 7 32 33 66 11 12 13 14 64 63 17 18 19 20 36 22 23
1 2 43 48 5 51 7 32 33 66 11 12 13 14 64 63 17 18 19 20 24 46 23
1 2 43 48 5 51 7 32 33 66 11 12 13 14 64 63 17 18 19 20 24 22 23
1 2 43 48 5 51 7 32 33 66 11 12 13 14 65 16 17 18 19 20 36 46 23
1 2 43 48 5 51 7 32 33 66 11 12 13 14 65 16 17 18 19 20 36 22 23
1 2 43 48 5 51 7 32 33 66 11 12 13 14 65 16 17 18 19 20 24 46 23
1 2 43 48 5 51 7 32 33 66 11 12 13 14 65 16 17 18 19 20 24 22 23
1 2 43 48 5 51 7 32 33 66 11 12 13 14 65 62 17 18 19 20 36 46 23
1 2 43 48 5 51 7 32 33 66 11 12 13 14 65 62 17 18 19 20 36 22 23
1 2 43 48 5 51 7 32 33 66 11 12 13 14 65 62 17 18 19 20 24 46 23
1 2 43 48 5 51 7 32 33 66 11 12 13 14 65 62 17 18 19 20 24 22 23
1 2 43 48 5 51 7 32 33 66 11 12 13 14 65 63 17 18 19 20 36 46 23
1 2 43 48 5 51 7 32 33 66 11 12 13 14 65 63 17 18 19 20 36 22 23
1 2 43 48 5 51 7 32 33 66 11 12 13 14 65 63 17 18 19 20 24 46 23
1 2 43 48 5 51 7 32 33 66 11 12 13 14 65 63 17 18 19 20 24 22 23
1 2 43 48 5 51 7 32 33 26 11 12 13 14 15 16 17 18 19 20 36 46 23
1 2 43 48 5 51 7 32 33 26 11 12 13 14 15 16 17 18 19 20 36 22 23
1 2 43 48 5 51 7 32 33 26 11 12 13 14 15 16 17 18 19 20 24 46 23
1 2 43 48 5 51 7 32 33 26 11 12 13 14 15 16 17 18 19 20 24 22 23
1 2 43 48 5 51 7 32 33 26 11 12 13 14 15 62 17 18 19 20 36 46 23
1 2 43 48 5 51 7 32 33 26 11 12 13 14 15 62 17 18 19 20 36 22 23
1 2 43 48 5 51 7 32 33 26 11 12 13 14 15 62 17 18 19 20 24 46 23
1 2 43 48 5 51 7 32 33 26 11 12 13 14 15 62 17 18 19 20 24 22 23
1 2 43 48 5 51 7 32 33 26 11 12 13 14 15 63 17 18 19 20 36 46 23
1 2 43 48 5 51 7 32 33 26 11 12 13 14 15 63 17 18 19 20 36 22 23
1 2 43 48 5 51 7 32 33 26 11 12 13 14 15 63 17 18 19 20 24 46 23
1 2 43 48 5 51 7 32 33 26 11 12 13 14 15 63 17 18 19 20 24 22 23
1 2 43 48 5 51 7 32 33 26 11 12 13 14 64 16 17 18 19 20 36 46 23
1 2 43 48 5 51 7 32 33 26 11 12 13 14 64 16 17 18 19 20 36 22 23
1 2 43 48 5 51 7 32 33 26 11 12 13 14 64 16 17 18 19 20 24 46 23
1 2 43 48 5 51 7 32 33 26 11 12 13 14 64 16 17 18 19 20 24 22 23
1 2 43 48 5 51 7 32 33 26 11 12 13 14 64 62 17 18 19 20 36 46 23
1 2 43 48 5 51 7 32 33 26 11 12 13 14 64 62 17 18 19 20 36 22 23
1 2 43 48 5 51 7 32 33 26 11 12 13 14 64 62 17 18 19 20 24 46 23
1 2 43 48 5 51 7 32 33 26 11 12 13 14 64 62 17 18 19 20 24 22 23
1 2 43 48 5 51 7 32 33 26 11 12 13 14 64 63 17 18 19 20 36 46 23
1 2 43 48 5 51 7 32 33 26 11 12 13 14 64 63 17 18 19 20 36 22 23
1 2 43 48 5 51 7 32 33 26 11 12 13 14 64 63 17 18 19 20 24 46 23
1 2 43 48 5 51 7 32 33 26 11 12 13 14 64 63 17 18 19 20 24 22 23
1 2 43 48 5 51 7 32 33 26 11 12 13 14 65 16 17 18 19 20 36 46 23
1 2 43 48 5 51 7 32 33 26 11 12 13 14 65 16 17 18 19 20 36 22 23
1 2 43 48 5 51 7 32 33 26 11 12 13 14 65 16 17 18 19 20 24 46 23
1 2 43 48 5 51 7 32 33 26 11 12 13 14 65 16 17 18 19 20 24 22 23
1 2 43 48 5 51 7 32 33 26 11 12 13 14 65 62 17 18 19 20 36 46 23
1 2 43 48 5 51 7 32 33 26 11 12 13 14 65 62 17 18 19 20 36 22 23
1 2 43 48 5 51 7 32 33 26 11 12 13 14 65 62 17 18 19 20 24 46 23
1 2 43 48 5 51 7 32 33 26 11 12 13 14 65 62 17 18 19 20 24 22 23
1 2 43 48 5 51 7 32 33 26 11 12 13 14 65 63 17 18 19 20 36 46 23
1 2 43 48 5 51 7 32 33 26 11 12 13 14 65 63 17 18 19 20 36 22 23
1 2 43 48 5 51 7 32 33 26 11 12 13 14 65 63 17 18 19 20 24 46 23
1 2 43 48 5 51 7 32 33 26 11 12 13 14 65 63 17 18 19 20 24 22 23
1 30 29 49 5 51 7 32 33 10 11 12 13 14 15 16 17 18 19 20 36 46 23
1 30 29 49 5 51 7 32 33 10 11 12 13 14 15 16 17 18 19 20 36 22 23
1 30 29 49 5 51 7 32 33 10 11 12 13 14 15 16 17 18 19 20 24 46 23
1 30 29 49 5 51 7 32 33 10 11 12 13 14 15 16 17 18 19 20 24 22 23
1 30 29 49 5 51 7 32 33 10 11 12 13 14 15 62 17 18 19 20 36 46 23
1 30 29 49 5 51 7 32 33 10 11 12 13 14 15 62 17 18 19 20 36 22 23
1 30 29 49 5 51 7 32 33 10 11 12 13 14 15 62 17 18 19 20 24 46 23
1 30 29 49 5 51 7 32 33 10 11 12 13 14 15 62 17 18 19 20 24 22 23
1 30 29 49 5 51 7 32 33 10 11 12 13 14 15 63 17 18 19 20 36 46 23
1 30 29 49 5 51 7 32 33 10 11 12 13 14 15 63 17 18 19 20 36 22 23
1 30 29 49 5 51 7 32 33 10 11 12 13 14 15 63 17 18 19 20 24 46 23
1 30 29 49 5 51 7 32 33 10 11 12 13 14 15 63 17 18 19 20 24 22 23
1 30 29 49 5 51 7 32 33 10 11 12 13 14 64 16 17 18 19 20 36 46 23
1 30 29 49 5 51 7 32 33 10 11 12 13 14 64 16 17 18 19 20 36 22 23
1 30 29 49 5 51 7 32 33 10 11 12 13 14 64 16 17 18 19 20 24 46 23
1 30 29 49 5 51 7 32 33 10 11 12 13 14 64 16 17 18 19 20 24 22 23
1 30 29 49 5 51 7 32 33 10 11 12 13 14 64 62 17 18 19 20 36 46 23
1 30 29 49 5 51 7 32 33 10 11 12 13 14 64 62 17 18 19 20 36 22 23
1 30 29 49 5 51 7 32 33 10 11 12 13 14 64 62 17 18 19 20 24 46 23
1 30 29 49 5 51 7 32 33 10 11 12 13 14 64 62 17 18 19 20 24 22 23
1 30 29 49 5 51 7 32 33 10 11 12 13 14 64 63 17 18 19 20 36 46 23
1 30 29 49 5 51 7 32 33 10 11 12 13 14 64 63 17 18 19 20 36 22 23
1 30 29 49 5 51 7 32 33 10 11 12 13 14 64 63 17 18 19 20 24 46 23
1 30 29 49 5 51 7 32 33 10 11 12 13 14 64 63 17 18 19 20 24 22 23
1 30 29 49 5 51 7 32 33 10 11 12 13 14 65 16 17 18 19 20 36 46 23
1 30 29 49 5 51 7 32 33 10 11 12 13 14 65 16 17 18 19 20 36 22 23
1 30 29 49 5 51 7 32 33 10 11 12 13 14 65 16 17 18 19 20 24 46 23
1 30 29 49 5 51 7 32 33 10 11 12 13 14 65 16 17 18 19 20 24 22 23
1 30 29 49 5 51 7 32 33 10 11 12 13 14 65 62 17 18 19 20 36 46 23
1 30 29 49 5 51 7 32 33 10 11 12 13 14 65 62 17 18 19 20 36 22 23
1 30 29 49 5 51 7 32 33 10 11 12 13 14 65 62 17 18 19 20 24 46 23
1 30 29 49 5 51 7 32 33 10 11 12 13 14 65 62 17 18 19 20 24 22 23
1 30 29 49 5 51 7 32 33 10 11 12 13 14 65 63 17 18 19 20 36 46 23
1 30 29 49 5 51 7 32 33 10 11 12 13 14 65 63 17 18 19 20 36 22 23
1 30 29 49 5 51 7 32 33 10 11 12 13 14 65 63 17 18 19 20 24 46 23
1 30 29 49 5 51 7 32 33 10 11 12 13 14 65 63 17 18 19 20 24 22 23
1 30 29 49 5 51 7 32 33 25 11 12 13 14 15 16 17 18 19 20 36 46 23
1 30 29 49 5 51 7 32 33 25 11 12 13 14 15 16 17 18 19 20 36 22 23
1 30 29 49 5 51 7 32 33 25 11 12 13 14 15 16 17 18 19 20 24 46 23
1 30 29 49 5 51 7 32 33 25 11 12 13 14 15 16 17 18 19 20 24 22 23
1 30 29 49 5 51 7 32 33 25 11 12 13 14 15 62 17 18 19 20 36 46 23
1 30 29 49 5 51 7 32 33 25 11 12 13 14 15 62 17 18 19 20 36 22 23
1 30 29 49 5 51 7 32 33 25 11 12 13 14 15 62 17 18 19 20 24 46 23
1 30 29 49 5 51 7 32 33 25 11 12 13 14 15 62 17 18 19 20 24 22 23
1 30 29 49 5 51 7 32 33 25 11 12 13 14 15 63 17 18 19 20 36 46 23
1 30 29 49 5 51 7 32 33 25 11 12 13 14 15 63 17 18 19 20 36 22 23
1 30 29 49 5 51 7 32 33 25 11 12 13 14 15 63 17 18 19 20 24 46 23
1 30 29 49 5 51 7 32 33 25 11 12 13 14 15 63 17 18 19 20 24 22 23
1 30 29 49 5 51 7 32 33 25 11 12 13 14 64 16 17 18 19 20 36 46 23
1 30 29 49 5 51 7 32 33 25 11 12 13 14 64 16 17 18 19 20 36 22 23
1 30 29 49 5 51 7 32 33 25 11 12 13 14 64 16 17 18 19 20 24 46 23
1 30 29 49 5 51 7 32 33 25 11 12 13 14 64 16 17 18 19 20 24 22 23
1 30 29 49 5 51 7 32 33 25 11 12 13 14 64 62 17 18 19 20 36 46 23
1 30 29 49 5 51 7 32 33 25 11 12 13 14 64 62 17 18 19 20 36 22 23
1 30 29 49 5 51 7 32 33 25 11 12 13 14 64 62 17 18 19 20 24 46 23
1 30 29 49 5 51 7 32 33 25 11 12 13 14 64 62 17 18 19 20 24 22 23
1 30 29 49 5 51 7 32 33 25 11 12 13 14 64 63 17 18 19 20 36 46 23
1 30 29 49 5 51 7 32 33 25 11 12 13 14 64 63 17 18 19 20 36 22 23
1 30 29 49 5 51 7 32 33 25 11 12 13 14 64 63 17 18 19 20 24 46 23
1 30 29 49 5 51 7 32 33 25 11 12 13 14 64 63 17 18 19 20 24 22 23
1 30 29 49 5 51 7 32 33 25 11 12 13 14 65 16 17 18 19 20 36 46 23
1 30 29 49 5 51 7 32 33 25 11 12 13 14 65 16 17 18 19 20 36 22 23
1 30 29 49 5 51 7 32 33 25 11 12 13 14 65 16 17 18 19 20 24 46 23
1 30 29 49 5 51 7 32 33 25 11 12 13 14 65 16 17 18 19 20 24 22 23
1 30 29 49 5 51 7 32 33 25 11 12 13 14 65 62 17 18 19 20 36 46 23
1 30 29 49 5 51 7 32 33 25 11 12 13 14 65 62 17 18 19 20 36 22 23
1 30 29 49 5 51 7 32 33 25 11 12 13 14 65 62 17 18 19 20 24 46 23
1 30 29 49 5 51 7 32 33 25 11 12 13 14 65 62 17 18 19 20 24 22 23
1 30 29 49 5 51 7 32 33 25 11 12 13 14 65 63 17 18 19 20 36 46 23
1 30 29 49 5 51 7 32 33 25 11 12 13 14 65 63 17 18 19 20 36 22 23
1 30 29 49 5 51 7 32 33 25 11 12 13 14 65 63 17 18 19 20 24 46 23
1 30 29 49 5 51 7 32 33 25 11 12 13 14 65 63 17 18 19 20 24 22 23
1 30 29 49 5 51 7 32 33 66 11 12 13 14 15 16 17 18 19 20 36 46 23
1 30 29 49 5 51 7 32 33 66 11 12 13 14 15 16 17 18 19 20 36 22 23
1 30 29 49 5 51 7 32 33 66 11 12 13 14 15 16 17 18 19 20 24 46 23
1 30 29 49 5 51 7 32 33 66 11 12 13 14 15 16 17 18 19 20 24 22 23
1 30 29 49 5 51 7 32 33 66 11 12 13 14 15 62 17 18 19 20 36 46 23
1 30 29 49 5 51 7 32 33 66 11 12 13 14 15 62 17 18 19 20 36 22 23
1 30 29 49 5 51 7 32 33 66 11 12 13 14 15 62 17 18 19 20 24 46 23
1 30 29 49 5 51 7 32 33 66 11 12 13 14 15 62 17 18 19 20 24 22 23
1 30 29 49 5 51 7 32 33 66 11 12 13 14 15 63 17 18 19 20 36 46 23
1 30 29 49 5 51 7 32 33 66 11 12 13 14 15 63 17 18 19 20 36 22 23
1 30 29 49 5 51 7 32 33 66 11 12 13 14 15 63 17 18 19 20 24 46 23
1 30 29 49 5 51 7 32 33 66 11 12 13 14 15 63 17 18 19 20 24 22 23
1 30 29 49 5 51 7 32 33 66 11 12 13 14 64 16 17 18 19 20 36 46 23
1 30 29 49 5 51 7 32 33 66 11 12 13 14 64 16 17 18 19 20 36 22 23
1 30 29 49 5 51 7 32 33 66 11 12 13 14 64 16 17 18 19 20 24 46 23
1 30 29 49 5 51 7 32 33 66 11 12 13 14 64 16 17 18 19 20 24 22 23
1 30 29 49 5 51 7 32 33 66 11 12 13 14 64 62 17 18 19 20 36 46 23
1 30 29 49 5 51 7 32 33 66 11 12 13 14 64 62 17 18 19 20 36 22 23
1 30 29 49 5 51 7 32 33 66 11 12 13 14 64 62 17 18 19 20 24 46 23
1 30 29 49 5 51 7 32 33 66 11 12 13 14 64 62 17 18 19 20 24 22 23
1 30 29 49 5 51 7 32 33 66 11 12 13 14 64 63 17 18 19 20 36 46 23
1 30 29 49 5 51 7 32 33 66 11 12 13 14 64 63 17 18 19 20 36 22 23
1 30 29 49 5 51 7 32 33 66 11 12 13 14 64 63 17 18 19 20 24 46 23
1 30 29 49 5 51 7 32 33 66 11 12 13 14 64 63 17 18 19 20 24 22 23
1 30 29 49 5 51 7 32 33 66 11 12 13 14 65 16 17 18 19 20 36 46 23
1 30 29 49 5 51 7 32 33 66 11 12 13 14 65 16 17 18 19 20 36 22 23
1 30 29 49 5 51 7 32 33 66 11 12 13 14 65 16 17 18 19 20 24 46 23
1 30 29 49 5 51 7 32 33 66 11 12 13 14 65 16 17 18 19 20 24 22 23
1 30 29 49 5 51 7 32 33 66 11 12 13 14 65 62 17 18 19 20 36 46 23
1 30 29 49 5 51 7 32 33 66 11 12 13 14 65 62 17 18 19 20 36 22 23
1 30 29 49 5 51 7 32 33 66 11 12 13 14 65 62 17 18 19 20 24 46 23
1 30 29 49 5 51 7 32 33 66 11 12 13 14 65 62 17 18 19 20 24 22 23
1 30 29 49 5 51 7 32 33 66 11 12 13 14 65 63 17 18 19 20 36 46 23
1 30 29 49 5 51 7 32 33 66 11 12 13 14 65 63 17 18 19 20 36 22 23
1 30 29 49 5 51 7 32 33 66 11 12 13 14 65 63 17 18 19 20 24 46 23
1 30 29 49 5 51 7 32 33 66 11 12 13 14 65 63 17 18 19 20 24 22 23
1 30 29 49 5 51 7 32 33 26 11 12 13 14 15 16 17 18 19 20 36 46 23
1 30 29 49 5 51 7 32 33 26 11 12 13 14 15 16 17 18 19 20 36 22 23
1 30 29 49 5 51 7 32 33 26 11 12 13 14 15 16 17 18 19 20 24 46 23
1 30 29 49 5 51 7 32 33 26 11 12 13 14 15 16 17 18 19 20 24 22 23
1 30 29 49 5 51 7 32 33 26 11 12 13 14 15 62 17 18 19 20 36 46 23
1 30 29 49 5 51 7 32 33 26 11 12 13 14 15 62 17 18 19 20 36 22 23
1 30 29 49 5 51 7 32 33 26 11 12 13 14 15 62 17 18 19 20 24 46 23
1 30 29 49 5 51 7 32 33 26 11 12 13 14 15 62 17 18 19 20 24 22 23
1 30 29 49 5 51 7 32 33 26 11 12 13 14 15 63 17 18 19 20 36 46 23
1 30 29 49 5 51 7 32 33 26 11 12 13 14 15 63 17 18 19 20 36 22 23
1 30 29 49 5 51 7 32 33 26 11 12 13 14 15 63 17 18 19 20 24 46 23
1 30 29 49 5 51 7 32 33 26 11 12 13 14 15 63 17 18 19 20 24 22 23
1 30 29 49 5 51 7 32 33 26 11 12 13 14 64 16 17 18 19 20 36 46 23
1 30 29 49 5 51 7 32 33 26 11 12 13 14 64 16 17 18 19 20 36 22 23
1 30 29 49 5 51 7 32 33 26 11 12 13 14 64 16 17 18 19 20 24 46 23
1 30 29 49 5 51 7 32 33 26 11 12 13 14 64 16 17 18 19 20 24 22 23
1 30 29 49 5 51 7 32 33 26 11 12 13 14 64 62 17 18 19 20 36 46 23
1 30 29 49 5 51 7 32 33 26 11 12 13 14 64 62 17 18 19 20 36 22 23
1 30 29 49 5 51 7 32 33 26 11 12 13 14 64 62 17 18 19 20 24 46 23
1 30 29 49 5 51 7 32 33 26 11 12 13 14 64 62 17 18 19 20 24 22 23
1 30 29 49 5 51 7 32 33 26 11 12 13 14 64 63 17 18 19 20 36 46 23
1 30 29 49 5 51 7 32 33 26 11 12 13 14 64 63 17 18 19 20 36 22 23
1 30 29 49 5 51 7 32 33 26 11 12 13 14 64 63 17 18 19 20 24 46 23
1 30 29 49 5 51 7 32 33 26 11 12 13 14 64 63 17 18 19 20 24 22 23
1 30 29 49 5 51 7 32 33 26 11 12 13 14 65 16 17 18 19 20 36 46 23
1 30 29 49 5 51 7 32 33 26 11 12 13 14 65 16 17 18 19 20 36 22 23
1 30 29 49 5 51 7 32 33 26 11 12 13 14 65 16 17 18 19 20 24 46 23
1 30 29 49 5 51 7 32 33 26 11 12 13 14 65 16 17 18 19 20 24 22 23
1 30 29 49 5 51 7 32 33 26 11 12 13 14 65 62 17 18 19 20 36 46 23
1 30 29 49 5 51 7 32 33 26 11 12 13 14 65 62 17 18 19 20 36 22 23
1 30 29 49 5 51 7 32 33 26 11 12 13 14 65 62 17 18 19 20 24 46 23
1 30 29 49 5 51 7 32 33 26 11 12 13 14 65 62 17 18 19 20 24 22 23
1 30 29 49 5 51 7 32 33 26 11 12 13 14 65 63 17 18 19 20 36 46 23
1 30 29 49 5 51 7 32 33 26 11 12 13 14 65 63 17 18 19 20 36 22 23
1 30 29 49 5 51 7 32 33 26 11 12 13 14 65 63 17 18 19 20 24 46 23
1 30 29 49 5 51 7 32 33 26 11 12 13 14 65 63 17 18 19 20 24 22 23
1 30 29 67 5 51 7 32 33 10 11 12 13 14 15 16 17 18 19 20 36 46 23
1 30 29 67 5 51 7 32 33 10 11 12 13 14 15 16 17 18 19 20 36 22 23
1 30 29 67 5 51 7 32 33 10 11 12 13 14 15 16 17 18 19 20 24 46 23
1 30 29 67 5 51 7 32 33 10 11 12 13 14 15 16 17 18 19 20 24 22 23
1 30 29 67 5 51 7 32 33 10 11 12 13 14 15 62 17 18 19 20 36 46 23
1 30 29 67 5 51 7 32 33 10 11 12 13 14 15 62 17 18 19 20 36 22 23
1 30 29 67 5 51 7 32 33 10 11 12 13 14 15 62 17 18 19 20 24 46 23
1 30 29 67 5 51 7 32 33 10 11 12 13 14 15 62 17 18 19 20 24 22 23
1 30 29 67 5 51 7 32 33 10 11 12 13 14 15 63 17 18 19 20 36 46 23
1 30 29 67 5 51 7 32 33 10 11 12 13 14 15 63 17 18 19 20 36 22 23
1 30 29 67 5 51 7 32 33 10 11 12 13 14 15 63 17 18 19 20 24 46 23
1 30 29 67 5 51 7 32 33 10 11 12 13 14 15 63 17 18 19 20 24 22 23
1 30 29 67 5 51 7 32 33 10 11 12 13 14 64 16 17 18 19 20 36 46 23
1 30 29 67 5 51 7 32 33 10 11 12 13 14 64 16 17 18 19 20 36 22 23
1 30 29 67 5 51 7 32 33 10 11 12 13 14 64 16 17 18 19 20 24 46 23
1 30 29 67 5 51 7 32 33 10 11 12 13 14 64 16 17 18 19 20 24 22 23
1 30 29 67 5 51 7 32 33 10 11 12 13 14 64 62 17 18 19 20 36 46 23
1 30 29 67 5 51 7 32 33 10 11 12 13 14 64 62 17 18 19 20 36 22 23
1 30 29 67 5 51 7 32 33 10 11 12 13 14 64 62 17 18 19 20 24 46 23
1 30 29 67 5 51 7 32 33 10 11 12 13 14 64 62 17 18 19 20 24 22 23
1 30 29 67 5 51 7 32 33 10 11 12 13 14 64 63 17 18 19 20 36 46 23
1 30 29 67 5 51 7 32 33 10 11 12 13 14 64 63 17 18 19 20 36 22 23
1 30 29 67 5 51 7 32 33 10 11 12 13 14 64 63 17 18 19 20 24 46 23
1 30 29 67 5 51 7 32 33 10 11 12 13 14 64 63 17 18 19 20 24 22 23
1 30 29 67 5 51 7 32 33 10 11 12 13 14 65 16 17 18 19 20 36 46 23
1 30 29 67 5 51 7 32 33 10 11 12 13 14 65 16 17 18 19 20 36 22 23
1 30 29 67 5 51 7 32 33 10 11 12 13 14 65 16 17 18 19 20 24 46 23
1 30 29 67 5 51 7 32 33 10 11 12 13 14 65 16 17 18 19 20 24 22 23
1 30 29 67 5 51 7 32 33 10 11 12 13 14 65 62 17 18 19 20 36 46 23
1 30 29 67 5 51 7 32 33 10 11 12 13 14 65 62 17 18 19 20 36 22 23
1 30 29 67 5 51 7 32 33 10 11 12 13 14 65 62 17 18 19 20 24 46 23
1 30 29 67 5 51 7 32 33 10 11 12 13 14 65 62 17 18 19 20 24 22 23
1 30 29 67 5 51 7 32 33 10 11 12 13 14 65 63 17 18 19 20 36 46 23
1 30 29 67 5 51 7 32 33 10 11 12 13 14 65 63 17 18 19 20 36 22 23
1 30 29 67 5 51 7 32 33 10 11 12 13 14 65 63 17 18 19 20 24 46 23
1 30 29 67 5 51 7 32 33 10 11 12 13 14 65 63 17 18 19 20 24 22 23
1 30 29 67 5 51 7 32 33 25 11 12 13 14 15 16 17 18 19 20 36 46 23
1 30 29 67 5 51 7 32 33 25 11 12 13 14 15 16 17 18 19 20 36 22 23
1 30 29 67 5 51 7 32 33 25 11 12 13 14 15 16 17 18 19 20 24 46 23
1 30 29 67 5 51 7 32 33 25 11 12 13 14 15 16 17 18 19 20 24 22 23
1 30 29 67 5 51 7 32 33 25 11 12 13 14 15 62 17 18 19 20 36 46 23
1 30 29 67 5 51 7 32 33 25 11 12 13 14 15 62 17 18 19 20 36 22 23
1 30 29 67 5 51 7 32 33 25 11 12 13 14 15 62 17 18 19 20 24 46 23
1 30 29 67 5 51 7 32 33 25 11 12 13 14 15 62 17 18 19 20 24 22 23
1 30 29 67 5 51 7 32 33 25 11 12 13 14 15 63 17 18 19 20 36 46 23
1 30 29 67 5 51 7 32 33 25 11 12 13 14 15 63 17 18 19 20 36 22 23
1 30 29 67 5 51 7 32 33 25 11 12 13 14 15 63 17 18 19 20 24 46 23
1 30 29 67 5 51 7 32 33 25 11 12 13 14 15 63 17 18 19 20 24 22 23
1 30 29 67 5 51 7 32 33 25 11 12 13 14 64 16 17 18 19 20 36 46 23
1 30 29 67 5 51 7 32 33 25 11 12 13 14 64 16 17 18 19 20 36 22 23
1 30 29 67 5 51 7 32 33 25 11 12 13 14 64 16 17 18 19 20 24 46 23
1 30 29 67 5 51 7 32 33 25 11 12 13 14 64 16 17 18 19 20 24 22 23
1 30 29 67 5 51 7 32 33 25 11 12 13 14 64 62 17 18 19 20 36 46 23
1 30 29 67 5 51 7 32 33 25 11 12 13 14 64 62 17 18 19 20 36 22 23
1 30 29 67 5 51 7 32 33 25 11 12 13 14 64 62 17 18 19 20 24 46 23
1 30 29 67 5 51 7 32 33 25 11 12 13 14 64 62 17 18 19 20 24 22 23
1 30 29 67 5 51 7 32 33 25 11 12 13 14 64 63 17 18 19 20 36 46 23
1 30 29 67 5 51 7 32 33 25 11 12 13 14 64 63 17 18 19 20 36 22 23
1 30 29 67 5 51 7 32 33 25 11 12 13 14 64 63 17 18 19 20 24 46 23
1 30 29 67 5 51 7 32 33 25 11 12 13 14 64 63 17 18 19 20 24 22 23
1 30 29 67 5 51 7 32 33 25 11 12 13 14 65 16 17 18 19 20 36 46 23
1 30 29 67 5 51 7 32 33 25 11 12 13 14 65 16 17 18 19 20 36 22 23
1 30 29 67 5 51 7 32 33 25 11 12 13 14 65 16 17 18 19 20 24 46 23
1 30 29 67 5 51 7 32 33 25 11 12 13 14 65 16 17 18 19 20 24 22 23
1 30 29 67 5 51 7 32 33 25 11 12 13 14 65 62 17 18 19 20 36 46 23
1 30 29 67 5 51 7 32 33 25 11 12 13 14 65 62 17 18 19 20 36 22 23
1 30 29 67 5 51 7 32 33 25 11 12 13 14 65 62 17 18 19 20 24 46 23
1 30 29 67 5 51 7 32 33 25 11 12 13 14 65 62 17 18 19 20 24 22 23
1 30 29 67 5 51 7 32 33 25 11 12 13 14 65 63 17 18 19 20 36 46 23
1 30 29 67 5 51 7 32 33 25 11 12 13 14 65 63 17 18 19 20 36 22 23
1 30 29 67 5 51 7 32 33 25 11 12 13 14 65 63 17 18 19 20 24 46 23
1 30 29 67 5 51 7 32 33 25 11 12 13 14 65 63 17 18 19 20 24 22 23
1 30 29 67 5 51 7 32 33 66 11 12 13 14 15 16 17 18 19 20 36 46 23
1 30 29 67 5 51 7 32 33 66 11 12 13 14 15 16 17 18 19 20 36 22 23
1 30 29 67 5 51 7 32 33 66 11 12 13 14 15 16 17 18 19 20 24 46 23
1 30 29 67 5 51 7 32 33 66 11 12 13 14 15 16 17 18 19 20 24 22 23
1 30 29 67 5 51 7 32 33 66 11 12 13 14 15 62 17 18 19 20 36 46 23
1 30 29 67 5 51 7 32 33 66 11 12 13 14 15 62 17 18 19 20 36 22 23
1 30 29 67 5 51 7 32 33 66 11 12 13 14 15 62 17 18 19 20 24 46 23
1 30 29 67 5 51 7 32 33 66 11 12 13 14 15 62 17 18 19 20 24 22 23
1 30 29 67 5 51 7 32 33 66 11 12 13 14 15 63 17 18 19 20 36 46 23
1 30 29 67 5 51 7 32 33 66 11 12 13 14 15 63 17 18 19 20 36 22 23
1 30 29 67 5 51 7 32 33 66 11 12 13 14 15 63 17 18 19 20 24 46 23
1 30 29 67 5 51 7 32 33 66 11 12 13 14 15 63 17 18 19 20 24 22 23
1 30 29 67 5 51 7 32 33 66 11 12 13 14 64 16 17 18 19 20 36 46 23
1 30 29 67 5 51 7 32 33 66 11 12 13 14 64 16 17 18 19 20 36 22 23
1 30 29 67 5 51 7 32 33 66 11 12 13 14 64 16 17 18 19 20 24 46 23
1 30 29 67 5 51 7 32 33 66 11 12 13 14 64 16 17 18 19 20 24 22 23
1 30 29 67 5 51 7 32 33 66 11 12 13 14 64 62 17 18 19 20 36 46 23
1 30 29 67 5 51 7 32 33 66 11 12 13 14 64 62 17 18 19 20 36 22 23
1 30 29 67 5 51 7 32 33 66 11 12 13 14 64 62 17 18 19 20 24 46 23
1 30 29 67 5 51 7 32 33 66 11 12 13 14 64 62 17 18 19 20 24 22 23
1 30 29 67 5 51 7 32 33 66 11 12 13 14 64 63 17 18 19 20 36 46 23
1 30 29 67 5 51 7 32 33 66 11 12 13 14 64 63 17 18 19 20 36 22 23
1 30 29 67 5 51 7 32 33 66 11 12 13 14 64 63 17 18 19 20 24 46 23
1 30 29 67 5 51 7 32 33 66 11 12 13 14 64 63 17 18 19 20 24 22 23
1 30 29 67 5 51 7 32 33 66 11 12 13 14 65 16 17 18 19 20 36 46 23
1 30 29 67 5 51 7 32 33 66 11 12 13 14 65 16 17 18 19 20 36 22 23
1 30 29 67 5 51 7 32 33 66 11 12 13 14 65 16 17 18 19 20 24 46 23
1 30 29 67 5 51 7 32 33 66 11 12 13 14 65 16 17 18 19 20 24 22 23
1 30 29 67 5 51 7 32 33 66 11 12 13 14 65 62 17 18 19 20 36 46 23
1 30 29 67 5 51 7 32 33 66 11 12 13 14 65 62 17 18 19 20 36 22 23
1 30 29 67 5 51 7 32 33 66 11 12 13 14 65 62 17 18 19 20 24 46 23
1 30 29 67 5 51 7 32 33 66 11 12 13 14 65 62 17 18 19 20 24 22 23
1 30 29 67 5 51 7 32 33 66 11 12 13 14 65 63 17 18 19 20 36 46 23
1 30 29 67 5 51 7 32 33 66 11 12 13 14 65 63 17 18 19 20 36 22 23
1 30 29 67 5 51 7 32 33 66 11 12 13 14 65 63 17 18 19 20 24 46 23
1 30 29 67 5 51 7 32 33 66 11 12 13 14 65 63 17 18 19 20 24 22 23
1 30 29 67 5 51 7 32 33 26 11 12 13 14 15 16 17 18 19 20 36 46 23
1 30 29 67 5 51 7 32 33 26 11 12 13 14 15 16 17 18 19 20 36 22 23
1 30 29 67 5 51 7 32 33 26 11 12 13 14 15 16 17 18 19 20 24 46 23
1 30 29 67 5 51 7 32 33 26 11 12 13 14 15 16 17 18 19 20 24 22 23
1 30 29 67 5 51 7 32 33 26 11 12 13 14 15 62 17 18 19 20 36 46 23
1 30 29 67 5 51 7 32 33 26 11 12 13 14 15 62 17 18 19 20 36 22 23
1 30 29 67 5 51 7 32 33 26 11 12 13 14 15 62 17 18 19 20 24 46 23
1 30 29 67 5 51 7 32 33 26 11 12 13 14 15 62 17 18 19 20 24 22 23
1 30 29 67 5 51 7 32 33 26 11 12 13 14 15 63 17 18 19 20 36 46 23
1 30 29 67 5 51 7 32 33 26 11 12 13 14 15 63 17 18 19 20 36 22 23
1 30 29 67 5 51 7 32 33 26 11 12 13 14 15 63 17 18 19 20 24 46 23
1 30 29 67 5 51 7 32 33 26 11 12 13 14 15 63 17 18 19 20 24 22 23
1 30 29 67 5 51 7 32 33 26 11 12 13 14 64 16 17 18 19 20 36 46 23
1 30 29 67 5 51 7 32 33 26 11 12 13 14 64 16 17 18 19 20 36 22 23
1 30 29 67 5 51 7 32 33 26 11 12 13 14 64 16 17 18 19 20 24 46 23
1 30 29 67 5 51 7 32 33 26 11 12 13 14 64 16 17 18 19 20 24 22 23
1 30 29 67 5 51 7 32 33 26 11 12 13 14 64 62 17 18 19 20 36 46 23
1 30 29 67 5 51 7 32 33 26 11 12 13 14 64 62 17 18 19 20 36 22 23
1 30 29 67 5 51 7 32 33 26 11 12 13 14 64 62 17 18 19 20 24 46 23
1 30 29 67 5 51 7 32 33 26 11 12 13 14 64 62 17 18 19 20 24 22 23
1 30 29 67 5 51 7 32 33 26 11 12 13 14 64 63 17 18 19 20 36 46 23
1 30 29 67 5 51 7 32 33 26 11 12 13 14 64 63 17 18 19 20 36 22 23
1 30 29 67 5 51 7 32 33 26 11 12 13 14 64 63 17 18 19 20 24 46 23
1 30 29 67 5 51 7 32 33 26 11 12 13 14 64 63 17 18 19 20 24 22 23
1 30 29 67 5 51 7 32 33 26 11 12 13 14 65 16 17 18 19 20 36 46 23
1 30 29 67 5 51 7 32 33 26 11 12 13 14 65 16 17 18 19 20 36 22 23
1 30 29 67 5 51 7 32 33 26 11 12 13 14 65 16 17 18 19 20 24 46 23
1 30 29 67 5 51 7 32 33 26 11 12 13 14 65 16 17 18 19 20 24 22 23
1 30 29 67 5 51 7 32 33 26 11 12 13 14 65 62 17 18 19 20 36 46 23
1 30 29 67 5 51 7 32 33 26 11 12 13 14 65 62 17 18 19 20 36 22 23
1 30 29 67 5 51 7 32 33 26 11 12 13 14 65 62 17 18 19 20 24 46 23
1 30 29 67 5 51 7 32 33 26 11 12 13 14 65 62 17 18 19 20 24 22 23
1 30 29 67 5 51 7 32 33 26 11 12 13 14 65 63 17 18 19 20 36 46 23
1 30 29 67 5 51 7 32 33 26 11 12 13 14 65 63 17 18 19 20 36 22 23
1 30 29 67 5 51 7 32 33 26 11 12 13 14 65 63 17 18 19 20 24 46 23
1 30 29 67 5 51 7 32 33 26 11 12 13 14 65 63 17 18 19 20 24 22 23
1 30 29 48 5 51 7 32 33 10 11 12 13 14 15 16 17 18 19 20 36 46 23
1 30 29 48 5 51 7 32 33 10 11 12 13 14 15 16 17 18 19 20 36 22 23
1 30 29 48 5 51 7 32 33 10 11 12 13 14 15 16 17 18 19 20 24 46 23
1 30 29 48 5 51 7 32 33 10 11 12 13 14 15 16 17 18 19 20 24 22 23
1 30 29 48 5 51 7 32 33 10 11 12 13 14 15 62 17 18 19 20 36 46 23
1 30 29 48 5 51 7 32 33 10 11 12 13 14 15 62 17 18 19 20 36 22 23
1 30 29 48 5 51 7 32 33 10 11 12 13 14 15 62 17 18 19 20 24 46 23
1 30 29 48 5 51 7 32 33 10 11 12 13 14 15 62 17 18 19 20 24 22 23
1 30 29 48 5 51 7 32 33 10 11 12 13 14 15 63 17 18 19 20 36 46 23
1 30 29 48 5 51 7 32 33 10 11 12 13 14 15 63 17 18 19 20 36 22 23
1 30 29 48 5 51 7 32 33 10 11 12 13 14 15 63 17 18 19 20 24 46 23
1 30 29 48 5 51 7 32 33 10 11 12 13 14 15 63 17 18 19 20 24 22 23
1 30 29 48 5 51 7 32 33 10 11 12 13 14 64 16 17 18 19 20 36 46 23
1 30 29 48 5 51 7 32 33 10 11 12 13 14 64 16 17 18 19 20 36 22 23
1 30 29 48 5 51 7 32 33 10 11 12 13 14 64 16 17 18 19 20 24 46 23
1 30 29 48 5 51 7 32 33 10 11 12 13 14 64 16 17 18 19 20 24 22 23
1 30 29 48 5 51 7 32 33 10 11 12 13 14 64 62 17 18 19 20 36 46 23
1 30 29 48 5 51 7 32 33 10 11 12 13 14 64 62 17 18 19 20 36 22 23
1 30 29 48 5 51 7 32 33 10 11 12 13 14 64 62 17 18 19 20 24 46 23
1 30 29 48 5 51 7 32 33 10 11 12 13 14 64 62 17 18 19 20 24 22 23
1 30 29 48 5 51 7 32 33 10 11 12 13 14 64 63 17 18 19 20 36 46 23
1 30 29 48 5 51 7 32 33 10 11 12 13 14 64 63 17 18 19 20 36 22 23
1 30 29 48 5 51 7 32 33 10 11 12 13 14 64 63 17 18 19 20 24 46 23
1 30 29 48 5 51 7 32 33 10 11 12 13 14 64 63 17 18 19 20 24 22 23
1 30 29 48 5 51 7 32 33 10 11 12 13 14 65 16 17 18 19 20 36 46 23
1 30 29 48 5 51 7 32 33 10 11 12 13 14 65 16 17 18 19 20 36 22 23
1 30 29 48 5 51 7 32 33 10 11 12 13 14 65 16 17 18 19 20 24 46 23
1 30 29 48 5 51 7 32 33 10 11 12 13 14 65 16 17 18 19 20 24 22 23
1 30 29 48 5 51 7 32 33 10 11 12 13 14 65 62 17 18 19 20 36 46 23
1 30 29 48 5 51 7 32 33 10 11 12 13 14 65 62 17 18 19 20 36 22 23
1 30 29 48 5 51 7 32 33 10 11 12 13 14 65 62 17 18 19 20 24 46 23
1 30 29 48 5 51 7 32 33 10 11 12 13 14 65 62 17 18 19 20 24 22 23
1 30 29 48 5 51 7 32 33 10 11 12 13 14 65 63 17 18 19 20 36 46 23
1 30 29 48 5 51 7 32 33 10 11 12 13 14 65 63 17 18 19 20 36 22 23
1 30 29 48 5 51 7 32 33 10 11 12 13 14 65 63 17 18 19 20 24 46 23
1 30 29 48 5 51 7 32 33 10 11 12 13 14 65 63 17 18 19 20 24 22 23
1 30 29 48 5 51 7 32 33 25 11 12 13 14 15 16 17 18 19 20 36 46 23
1 30 29 48 5 51 7 32 33 25 11 12 13 14 15 16 17 18 19 20 36 22 23
1 30 29 48 5 51 7 32 33 25 11 12 13 14 15 16 17 18 19 20 24 46 23
1 30 29 48 5 51 7 32 33 25 11 12 13 14 15 16 17 18 19 20 24 22 23
1 30 29 48 5 51 7 32 33 25 11 12 13 14 15 62 17 18 19 20 36 46 23
1 30 29 48 5 51 7 32 33 25 11 12 13 14 15 62 17 18 19 20 36 22 23
1 30 29 48 5 51 7 32 33 25 11 12 13 14 15 62 17 18 19 20 24 46 23
1 30 29 48 5 51 7 32 33 25 11 12 13 14 15 62 17 18 19 20 24 22 23
1 30 29 48 5 51 7 32 33 25 11 12 13 14 15 63 17 18 19 20 36 46 23
1 30 29 48 5 51 7 32 33 25 11 12 13 14 15 63 17 18 19 20 36 22 23
1 30 29 48 5 51 7 32 33 25 11 12 13 14 15 63 17 18 19 20 24 46 23
1 30 29 48 5 51 7 32 33 25 11 12 13 14 15 63 17 18 19 20 24 22 23
1 30 29 48 5 51 7 32 33 25 11 12 13 14 64 16 17 18 19 20 36 46 23
1 30 29 48 5 51 7 32 33 25 11 12 13 14 64 16 17 18 19 20 36 22 23
1 30 29 48 5 51 7 32 33 25 11 12 13 14 64 16 17 18 19 20 24 46 23
1 30 29 48 5 51 7 32 33 25 11 12 13 14 64 16 17 18 19 20 24 22 23
1 30 29 48 5 51 7 32 33 25 11 12 13 14 64 62 17 18 19 20 36 46 23
1 30 29 48 5 51 7 32 33 25 11 12 13 14 64 62 17 18 19 20 36 22 23
1 30 29 48 5 51 7 32 33 25 11 12 13 14 64 62 17 18 19 20 24 46 23
1 30 29 48 5 51 7 32 33 25 11 12 13 14 64 62 17 18 19 20 24 22 23
1 30 29 48 5 51 7 32 33 25 11 12 13 14 64 63 17 18 19 20 36 46 23
1 30 29 48 5 51 7 32 33 25 11 12 13 14 64 63 17 18 19 20 36 22 23
1 30 29 48 5 51 7 32 33 25 11 12 13 14 64 63 17 18 19 20 24 46 23
1 30 29 48 5 51 7 32 33 25 11 12 13 14 64 63 17 18 19 20 24 22 23
1 30 29 48 5 51 7 32 33 25 11 12 13 14 65 16 17 18 19 20 36 46 23
1 30 29 48 5 51 7 32 33 25 11 12 13 14 65 16 17 18 19 20 36 22 23
1 30 29 48 5 51 7 32 33 25 11 12 13 14 65 16 17 18 19 20 24 46 23
1 30 29 48 5 51 7 32 33 25 11 12 13 14 65 16 17 18 19 20 24 22 23
1 30 29 48 5 51 7 32 33 25 11 12 13 14 65 62 17 18 19 20 36 46 23
1 30 29 48 5 51 7 32 33 25 11 12 13 14 65 62 17 18 19 20 36 22 23
1 30 29 48 5 51 7 32 33 25 11 12 13 14 65 62 17 18 19 20 24 46 23
1 30 29 48 5 51 7 32 33 25 11 12 13 14 65 62 17 18 19 20 24 22 23
1 30 29 48 5 51 7 32 33 25 11 12 13 14 65 63 17 18 19 20 36 46 23
1 30 29 48 5 51 7 32 33 25 11 12 13 14 65 63 17 18 19 20 36 22 23
1 30 29 48 5 51 7 32 33 25 11 12 13 14 65 63 17 18 19 20 24 46 23
1 30 29 48 5 51 7 32 33 25 11 12 13 14 65 63 17 18 19 20 24 22 23
1 30 29 48 5 51 7 32 33 66 11 12 13 14 15 16 17 18 19 20 36 46 23
1 30 29 48 5 51 7 32 33 66 11 12 13 14 15 16 17 18 19 20 36 22 23
1 30 29 48 5 51 7 32 33 66 11 12 13 14 15 16 17 18 19 20 24 46 23
1 30 29 48 5 51 7 32 33 66 11 12 13 14 15 16 17 18 19 20 24 22 23
1 30 29 48 5 51 7 32 33 66 11 12 13 14 15 62 17 18 19 20 36 46 23
1 30 29 48 5 51 7 32 33 66 11 12 13 14 15 62 17 18 19 20 36 22 23
1 30 29 48 5 51 7 32 33 66 11 12 13 14 15 62 17 18 19 20 24 46 23
1 30 29 48 5 51 7 32 33 66 11 12 13 14 15 62 17 18 19 20 24 22 23
1 30 29 48 5 51 7 32 33 66 11 12 13 14 15 63 17 18 19 20 36 46 23
1 30 29 48 5 51 7 32 33 66 11 12 13 14 15 63 17 18 19 20 36 22 23
1 30 29 48 5 51 7 32 33 66 11 12 13 14 15 63 17 18 19 20 24 46 23
1 30 29 48 5 51 7 32 33 66 11 12 13 14 15 63 17 18 19 20 24 22 23
1 30 29 48 5 51 7 32 33 66 11 12 13 14 64 16 17 18 19 20 36 46 23
1 30 29 48 5 51 7 32 33 66 11 12 13 14 64 16 17 18 19 20 36 22 23
1 30 29 48 5 51 7 32 33 66 11 12 13 14 64 16 17 18 19 20 24 46 23
1 30 29 48 5 51 7 32 33 66 11 12 13 14 64 16 17 18 19 20 24 22 23
1 30 29 48 5 51 7 32 33 66 11 12 13 14 64 62 17 18 19 20 36 46 23
1 30 29 48 5 51 7 32 33 66 11 12 13 14 64 62 17 18 19 20 36 22 23
1 30 29 48 5 51 7 32 33 66 11 12 13 14 64 62 17 18 19 20 24 46 23
1 30 29 48 5 51 7 32 33 66 11 12 13 14 64 62 17 18 19 20 24 22 23
1 30 29 48 5 51 7 32 33 66 11 12 13 14 64 63 17 18 19 20 36 46 23
1 30 29 48 5 51 7 32 33 66 11 12 13 14 64 63 17 18 19 20 36 22 23
1 30 29 48 5 51 7 32 33 66 11 12 13 14 64 63 17 18 19 20 24 46 23
1 30 29 48 5 51 7 32 33 66 11 12 13 14 64 63 17 18 19 20 24 22 23
1 30 29 48 5 51 7 32 33 66 11 12 13 14 65 16 17 18 19 20 36 46 23
1 30 29 48 5 51 7 32 33 66 11 12 13 14 65 16 17 18 19 20 36 22 23
1 30 29 48 5 51 7 32 33 66 11 12 13 14 65 16 17 18 19 20 24 46 23
1 30 29 48 5 51 7 32 33 66 11 12 13 14 65 16 17 18 19 20 24 22 23
1 30 29 48 5 51 7 32 33 66 11 12 13 14 65 62 17 18 19 20 36 46 23
1 30 29 48 5 51 7 32 33 66 11 12 13 14 65 62 17 18 19 20 36 22 23
1 30 29 48 5 51 7 32 33 66 11 12 13 14 65 62 17 18 19 20 24 46 23
1 30 29 48 5 51 7 32 33 66 11 12 13 14 65 62 17 18 19 20 24 22 23
1 30 29 48 5 51 7 32 33 66 11 12 13 14 65 63 17 18 19 20 36 46 23
1 30 29 48 5 51 7 32 33 66 11 12 13 14 65 63 17 18 19 20 36 22 23
1 30 29 48 5 51 7 32 33 66 11 12 13 14 65 63 17 18 19 20 24 46 23
1 30 29 48 5 51 7 32 33 66 11 12 13 14 65 63 17 18 19 20 24 22 23
1 30 29 48 5 51 7 32 33 26 11 12 13 14 15 16 17 18 19 20 36 46 23
1 30 29 48 5 51 7 32 33 26 11 12 13 14 15 16 17 18 19 20 36 22 23
1 30 29 48 5 51 7 32 33 26 11 12 13 14 15 16 17 18 19 20 24 46 23
1 30 29 48 5 51 7 32 33 26 11 12 13 14 15 16 17 18 19 20 24 22 23
1 30 29 48 5 51 7 32 33 26 11 12 13 14 15 62 17 18 19 20 36 46 23
1 30 29 48 5 51 7 32 33 26 11 12 13 14 15 62 17 18 19 20 36 22 23
1 30 29 48 5 51 7 32 33 26 11 12 13 14 15 62 17 18 19 20 24 46 23
1 30 29 48 5 51 7 32 33 26 11 12 13 14 15 62 17 18 19 20 24 22 23
1 30 29 48 5 51 7 32 33 26 11 12 13 14 15 63 17 18 19 20 36 46 23
1 30 29 48 5 51 7 32 33 26 11 12 13 14 15 63 17 18 19 20 36 22 23
1 30 29 48 5 51 7 32 33 26 11 12 13 14 15 63 17 18 19 20 24 46 23
1 30 29 48 5 51 7 32 33 26 11 12 13 14 15 63 17 18 19 20 24 22 23
1 30 29 48 5 51 7 32 33 26 11 12 13 14 64 16 17 18 19 20 36 46 23
1 30 29 48 5 51 7 32 33 26 11 12 13 14 64 16 17 18 19 20 36 22 23
1 30 29 48 5 51 7 32 33 26 11 12 13 14 64 16 17 18 19 20 24 46 23
1 30 29 48 5 51 7 32 33 26 11 12 13 14 64 16 17 18 19 20 24 22 23
1 30 29 48 5 51 7 32 33 26 11 12 13 14 64 62 17 18 19 20 36 46 23
1 30 29 48 5 51 7 32 33 26 11 12 13 14 64 62 17 18 19 20 36 22 23
1 30 29 48 5 51 7 32 33 26 11 12 13 14 64 62 17 18 19 20 24 46 23
1 30 29 48 5 51 7 32 33 26 11 12 13 14 64 62 17 18 19 20 24 22 23
1 30 29 48 5 51 7 32 33 26 11 12 13 14 64 63 17 18 19 20 36 46 23
1 30 29 48 5 51 7 32 33 26 11 12 13 14 64 63 17 18 19 20 36 22 23
1 30 29 48 5 51 7 32 33 26 11 12 13 14 64 63 17 18 19 20 24 46 23
1 30 29 48 5 51 7 32 33 26 11 12 13 14 64 63 17 18 19 20 24 22 23
1 30 29 48 5 51 7 32 33 26 11 12 13 14 65 16 17 18 19 20 36 46 23
1 30 29 48 5 51 7 32 33 26 11 12 13 14 65 16 17 18 19 20 36 22 23
1 30 29 48 5 51 7 32 33 26 11 12 13 14 65 16 17 18 19 20 24 46 23
1 30 29 48 5 51 7 32 33 26 11 12 13 14 65 16 17 18 19 20 24 22 23
1 30 29 48 5 51 7 32 33 26 11 12 13 14 65 62 17 18 19 20 36 46 23
1 30 29 48 5 51 7 32 33 26 11 12 13 14 65 62 17 18 19 20 36 22 23
1 30 29 48 5 51 7 32 33 26 11 12 13 14 65 62 17 18 19 20 24 46 23
1 30 29 48 5 51 7 32 33 26 11 12 13 14 65 62 17 18 19 20 24 22 23
1 30 29 48 5 51 7 32 33 26 11 12 13 14 65 63 17 18 19 20 36 46 23
1 30 29 48 5 51 7 32 33 26 11 12 13 14 65 63 17 18 19 20 36 22 23
1 30 29 48 5 51 7 32 33 26 11 12 13 14 65 63 17 18 19 20 24 46 23
1 30 29 48 5 51 7 32 33 26 11 12 13 14 65 63 17 18 19 20 24 22 23
1 30 43 49 5 51 7 32 33 10 11 12 13 14 15 16 17 18 19 20 36 46 23
1 30 43 49 5 51 7 32 33 10 11 12 13 14 15 16 17 18 19 20 36 22 23
1 30 43 49 5 51 7 32 33 10 11 12 13 14 15 16 17 18 19 20 24 46 23
1 30 43 49 5 51 7 32 33 10 11 12 13 14 15 16 17 18 19 20 24 22 23
1 30 43 49 5 51 7 32 33 10 11 12 13 14 15 62 17 18 19 20 36 46 23
1 30 43 49 5 51 7 32 33 10 11 12 13 14 15 62 17 18 19 20 36 22 23
1 30 43 49 5 51 7 32 33 10 11 12 13 14 15 62 17 18 19 20 24 46 23
1 30 43 49 5 51 7 32 33 10 11 12 13 14 15 62 17 18 19 20 24 22 23
1 30 43 49 5 51 7 32 33 10 11 12 13 14 15 63 17 18 19 20 36 46 23
1 30 43 49 5 51 7 32 33 10 11 12 13 14 15 63 17 18 19 20 36 22 23
1 30 43 49 5 51 7 32 33 10 11 12 13 14 15 63 17 18 19 20 24 46 23
1 30 43 49 5 51 7 32 33 10 11 12 13 14 15 63 17 18 19 20 24 22 23
1 30 43 49 5 51 7 32 33 10 11 12 13 14 64 16 17 18 19 20 36 46 23
1 30 43 49 5 51 7 32 33 10 11 12 13 14 64 16 17 18 19 20 36 22 23
1 30 43 49 5 51 7 32 33 10 11 12 13 14 64 16 17 18 19 20 24 46 23
1 30 43 49 5 51 7 32 33 10 11 12 13 14 64 16 17 18 19 20 24 22 23
1 30 43 49 5 51 7 32 33 10 11 12 13 14 64 62 17 18 19 20 36 46 23
1 30 43 49 5 51 7 32 33 10 11 12 13 14 64 62 17 18 19 20 36 22 23
1 30 43 49 5 51 7 32 33 10 11 12 13 14 64 62 17 18 19 20 24 46 23
1 30 43 49 5 51 7 32 33 10 11 12 13 14 64 62 17 18 19 20 24 22 23
1 30 43 49 5 51 7 32 33 10 11 12 13 14 64 63 17 18 19 20 36 46 23
1 30 43 49 5 51 7 32 33 10 11 12 13 14 64 63 17 18 19 20 36 22 23
1 30 43 49 5 51 7 32 33 10 11 12 13 14 64 63 17 18 19 20 24 46 23
1 30 43 49 5 51 7 32 33 10 11 12 13 14 64 63 17 18 19 20 24 22 23
1 30 43 49 5 51 7 32 33 10 11 12 13 14 65 16 17 18 19 20 36 46 23
1 30 43 49 5 51 7 32 33 10 11 12 13 14 65 16 17 18 19 20 36 22 23
1 30 43 49 5 51 7 32 33 10 11 12 13 14 65 16 17 18 19 20 24 46 23
1 30 43 49 5 51 7 32 33 10 11 12 13 14 65 16 17 18 19 20 24 22 23
1 30 43 49 5 51 7 32 33 10 11 12 13 14 65 62 17 18 19 20 36 46 23
1 30 43 49 5 51 7 32 33 10 11 12 13 14 65 62 17 18 19 20 36 22 23
1 30 43 49 5 51 7 32 33 10 11 12 13 14 65 62 17 18 19 20 24 46 23
1 30 43 49 5 51 7 32 33 10 11 12 13 14 65 62 17 18 19 20 24 22 23
1 30 43 49 5 51 7 32 33 10 11 12 13 14 65 63 17 18 19 20 36 46 23
1 30 43 49 5 51 7 32 33 10 11 12 13 14 65 63 17 18 19 20 36 22 23
1 30 43 49 5 51 7 32 33 10 11 12 13 14 65 63 17 18 19 20 24 46 23
1 30 43 49 5 51 7 32 33 10 11 12 13 14 65 63 17 18 19 20 24 22 23
1 30 43 49 5 51 7 32 33 25 11 12 13 14 15 16 17 18 19 20 36 46 23
1 30 43 49 5 51 7 32 33 25 11 12 13 14 15 16 17 18 19 20 36 22 23
1 30 43 49 5 51 7 32 33 25 11 12 13 14 15 16 17 18 19 20 24 46 23
1 30 43 49 5 51 7 32 33 25 11 12 13 14 15 16 17 18 19 20 24 22 23
1 30 43 49 5 51 7 32 33 25 11 12 13 14 15 62 17 18 19 20 36 46 23
1 30 43 49 5 51 7 32 33 25 11 12 13 14 15 62 17 18 19 20 36 22 23
1 30 43 49 5 51 7 32 33 25 11 12 13 14 15 62 17 18 19 20 24 46 23
1 30 43 49 5 51 7 32 33 25 11 12 13 14 15 62 17 18 19 20 24 22 23
1 30 43 49 5 51 7 32 33 25 11 12 13 14 15 63 17 18 19 20 36 46 23
1 30 43 49 5 51 7 32 33 25 11 12 13 14 15 63 17 18 19 20 36 22 23
1 30 43 49 5 51 7 32 33 25 11 12 13 14 15 63 17 18 19 20 24 46 23
1 30 43 49 5 51 7 32 33 25 11 12 13 14 15 63 17 18 19 20 24 22 23
1 30 43 49 5 51 7 32 33 25 11 12 13 14 64 16 17 18 19 20 36 46 23
1 30 43 49 5 51 7 32 33 25 11 12 13 14 64 16 17 18 19 20 36 22 23
1 30 43 49 5 51 7 32 33 25 11 12 13 14 64 16 17 18 19 20 24 46 23
1 30 43 49 5 51 7 32 33 25 11 12 13 14 64 16 17 18 19 20 24 22 23
1 30 43 49 5 51 7 32 33 25 11 12 13 14 64 62 17 18 19 20 36 46 23
1 30 43 49 5 51 7 32 33 25 11 12 13 14 64 62 17 18 19 20 36 22 23
1 30 43 49 5 51 7 32 33 25 11 12 13 14 64 62 17 18 19 20 24 46 23
1 30 43 49 5 51 7 32 33 25 11 12 13 14 64 62 17 18 19 20 24 22 23
1 30 43 49 5 51 7 32 33 25 11 12 13 14 64 63 17 18 19 20 36 46 23
1 30 43 49 5 51 7 32 33 25 11 12 13 14 64 63 17 18 19 20 36 22 23
1 30 43 49 5 51 7 32 33 25 11 12 13 14 64 63 17 18 19 20 24 46 23
1 30 43 49 5 51 7 32 33 25 11 12 13 14 64 63 17 18 19 20 24 22 23
1 30 43 49 5 51 7 32 33 25 11 12 13 14 65 16 17 18 19 20 36 46 23
1 30 43 49 5 51 7 32 33 25 11 12 13 14 65 16 17 18 19 20 36 22 23
1 30 43 49 5 51 7 32 33 25 11 12 13 14 65 16 17 18 19 20 24 46 23
1 30 43 49 5 51 7 32 33 25 11 12 13 14 65 16 17 18 19 20 24 22 23
1 30 43 49 5 51 7 32 33 25 11 12 13 14 65 62 17 18 19 20 36 46 23
1 30 43 49 5 51 7 32 33 25 11 12 13 14 65 62 17 18 19 20 36 22 23
1 30 43 49 5 51 7 32 33 25 11 12 13 14 65 62 17 18 19 20 24 46 23
1 30 43 49 5 51 7 32 33 25 11 12 13 14 65 62 17 18 19 20 24 22 23
1 30 43 49 5 51 7 32 33 25 11 12 13 14 65 63 17 18 19 20 36 46 23
1 30 43 49 5 51 7 32 33 25 11 12 13 14 65 63 17 18 19 20 36 22 23
1 30 43 49 5 51 7 32 33 25 11 12 13 14 65 63 17 18 19 20 24 46 23
1 30 43 49 5 51 7 32 33 25 11 12 13 14 65 63 17 18 19 20 24 22 23
1 30 43 49 5 51 7 32 33 66 11 12 13 14 15 16 17 18 19 20 36 46 23
1 30 43 49 5 51 7 32 33 66 11 12 13 14 15 16 17 18 19 20 36 22 23
1 30 43 49 5 51 7 32 33 66 11 12 13 14 15 16 17 18 19 20 24 46 23
1 30 43 49 5 51 7 32 33 66 11 12 13 14 15 16 17 18 19 20 24 22 23
1 30 43 49 5 51 7 32 33 66 11 12 13 14 15 62 17 18 19 20 36 46 23
1 30 43 49 5 51 7 32 33 66 11 12 13 14 15 62 17 18 19 20 36 22 23
1 30 43 49 5 51 7 32 33 66 11 12 13 14 15 62 17 18 19 20 24 46 23
1 30 43 49 5 51 7 32 33 66 11 12 13 14 15 62 17 18 19 20 24 22 23
1 30 43 49 5 51 7 32 33 66 11 12 13 14 15 63 17 18 19 20 36 46 23
1 30 43 49 5 51 7 32 33 66 11 12 13 14 15 63 17 18 19 20 36 22 23
1 30 43 49 5 51 7 32 33 66 11 12 13 14 15 63 17 18 19 20 24 46 23
1 30 43 49 5 51 7 32 33 66 11 12 13 14 15 63 17 18 19 20 24 22 23
1 30 43 49 5 51 7 32 33 66 11 12 13 14 64 16 17 18 19 20 36 46 23
1 30 43 49 5 51 7 32 33 66 11 12 13 14 64 16 17 18 19 20 36 22 23
1 30 43 49 5 51 7 32 33 66 11 12 13 14 64 16 17 18 19 20 24 46 23
1 30 43 49 5 51 7 32 33 66 11 12 13 14 64 16 17 18 19 20 24 22 23
1 30 43 49 5 51 7 32 33 66 11 12 13 14 64 62 17 18 19 20 36 46 23
1 30 43 49 5 51 7 32 33 66 11 12 13 14 64 62 17 18 19 20 36 22 23
1 30 43 49 5 51 7 32 33 66 11 12 13 14 64 62 17 18 19 20 24 46 23
1 30 43 49 5 51 7 32 33 66 11 12 13 14 64 62 17 18 19 20 24 22 23
1 30 43 49 5 51 7 32 33 66 11 12 13 14 64 63 17 18 19 20 36 46 23
1 30 43 49 5 51 7 32 33 66 11 12 13 14 64 63 17 18 19 20 36 22 23
1 30 43 49 5 51 7 32 33 66 11 12 13 14 64 63 17 18 19 20 24 46 23
1 30 43 49 5 51 7 32 33 66 11 12 13 14 64 63 17 18 19 20 24 22 23
1 30 43 49 5 51 7 32 33 66 11 12 13 14 65 16 17 18 19 20 36 46 23
1 30 43 49 5 51 7 32 33 66 11 12 13 14 65 16 17 18 19 20 36 22 23
1 30 43 49 5 51 7 32 33 66 11 12 13 14 65 16 17 18 19 20 24 46 23
1 30 43 49 5 51 7 32 33 66 11 12 13 14 65 16 17 18 19 20 24 22 23
1 30 43 49 5 51 7 32 33 66 11 12 13 14 65 62 17 18 19 20 36 46 23
1 30 43 49 5 51 7 32 33 66 11 12 13 14 65 62 17 18 19 20 36 22 23
1 30 43 49 5 51 7 32 33 66 11 12 13 14 65 62 17 18 19 20 24 46 23
1 30 43 49 5 51 7 32 33 66 11 12 13 14 65 62 17 18 19 20 24 22 23
1 30 43 49 5 51 7 32 33 66 11 12 13 14 65 63 17 18 19 20 36 46 23
1 30 43 49 5 51 7 32 33 66 11 12 13 14 65 63 17 18 19 20 36 22 23
1 30 43 49 5 51 7 32 33 66 11 12 13 14 65 63 17 18 19 20 24 46 23
1 30 43 49 5 51 7 32 33 66 11 12 13 14 65 63 17 18 19 20 24 22 23
1 30 43 49 5 51 7 32 33 26 11 12 13 14 15 16 17 18 19 20 36 46 23
1 30 43 49 5 51 7 32 33 26 11 12 13 14 15 16 17 18 19 20 36 22 23
1 30 43 49 5 51 7 32 33 26 11 12 13 14 15 16 17 18 19 20 24 46 23
1 30 43 49 5 51 7 32 33 26 11 12 13 14 15 16 17 18 19 20 24 22 23
1 30 43 49 5 51 7 32 33 26 11 12 13 14 15 62 17 18 19 20 36 46 23
1 30 43 49 5 51 7 32 33 26 11 12 13 14 15 62 17 18 19 20 36 22 23
1 30 43 49 5 51 7 32 33 26 11 12 13 14 15 62 17 18 19 20 24 46 23
1 30 43 49 5 51 7 32 33 26 11 12 13 14 15 62 17 18 19 20 24 22 23
1 30 43 49 5 51 7 32 33 26 11 12 13 14 15 63 17 18 19 20 36 46 23
1 30 43 49 5 51 7 32 33 26 11 12 13 14 15 63 17 18 19 20 36 22 23
1 30 43 49 5 51 7 32 33 26 11 12 13 14 15 63 17 18 19 20 24 46 23
1 30 43 49 5 51 7 32 33 26 11 12 13 14 15 63 17 18 19 20 24 22 23
1 30 43 49 5 51 7 32 33 26 11 12 13 14 64 16 17 18 19 20 36 46 23
1 30 43 49 5 51 7 32 33 26 11 12 13 14 64 16 17 18 19 20 36 22 23
1 30 43 49 5 51 7 32 33 26 11 12 13 14 64 16 17 18 19 20 24 46 23
1 30 43 49 5 51 7 32 33 26 11 12 13 14 64 16 17 18 19 20 24 22 23
1 30 43 49 5 51 7 32 33 26 11 12 13 14 64 62 17 18 19 20 36 46 23
1 30 43 49 5 51 7 32 33 26 11 12 13 14 64 62 17 18 19 20 36 22 23
1 30 43 49 5 51 7 32 33 26 11 12 13 14 64 62 17 18 19 20 24 46 23
1 30 43 49 5 51 7 32 33 26 11 12 13 14 64 62 17 18 19 20 24 22 23
1 30 43 49 5 51 7 32 33 26 11 12 13 14 64 63 17 18 19 20 36 46 23
1 30 43 49 5 51 7 32 33 26 11 12 13 14 64 63 17 18 19 20 36 22 23
1 30 43 49 5 51 7 32 33 26 11 12 13 14 64 63 17 18 19 20 24 46 23
1 30 43 49 5 51 7 32 33 26 11 12 13 14 64 63 17 18 19 20 24 22 23
1 30 43 49 5 51 7 32 33 26 11 12 13 14 65 16 17 18 19 20 36 46 23
1 30 43 49 5 51 7 32 33 26 11 12 13 14 65 16 17 18 19 20 36 22 23
1 30 43 49 5 51 7 32 33 26 11 12 13 14 65 16 17 18 19 20 24 46 23
1 30 43 49 5 51 7 32 33 26 11 12 13 14 65 16 17 18 19 20 24 22 23
1 30 43 49 5 51 7 32 33 26 11 12 13 14 65 62 17 18 19 20 36 46 23
1 30 43 49 5 51 7 32 33 26 11 12 13 14 65 62 17 18 19 20 36 22 23
1 30 43 49 5 51 7 32 33 26 11 12 13 14 65 62 17 18 19 20 24 46 23
1 30 43 49 5 51 7 32 33 26 11 12 13 14 65 62 17 18 19 20 24 22 23
1 30 43 49 5 51 7 32 33 26 11 12 13 14 65 63 17 18 19 20 36 46 23
1 30 43 49 5 51 7 32 33 26 11 12 13 14 65 63 17 18 19 20 36 22 23
1 30 43 49 5 51 7 32 33 26 11 12 13 14 65 63 17 18 19 20 24 46 23
1 30 43 49 5 51 7 32 33 26 11 12 13 14 65 63 17 18 19 20 24 22 23
1 30 43 67 5 51 7 32 33 10 11 12 13 14 15 16 17 18 19 20 36 46 23
1 30 43 67 5 51 7 32 33 10 11 12 13 14 15 16 17 18 19 20 36 22 23
1 30 43 67 5 51 7 32 33 10 11 12 13 14 15 16 17 18 19 20 24 46 23
1 30 43 67 5 51 7 32 33 10 11 12 13 14 15 16 17 18 19 20 24 22 23
1 30 43 67 5 51 7 32 33 10 11 12 13 14 15 62 17 18 19 20 36 46 23
1 30 43 67 5 51 7 32 33 10 11 12 13 14 15 62 17 18 19 20 36 22 23
1 30 43 67 5 51 7 32 33 10 11 12 13 14 15 62 17 18 19 20 24 46 23
1 30 43 67 5 51 7 32 33 10 11 12 13 14 15 62 17 18 19 20 24 22 23
1 30 43 67 5 51 7 32 33 10 11 12 13 14 15 63 17 18 19 20 36 46 23
1 30 43 67 5 51 7 32 33 10 11 12 13 14 15 63 17 18 19 20 36 22 23
1 30 43 67 5 51 7 32 33 10 11 12 13 14 15 63 17 18 19 20 24 46 23
1 30 43 67 5 51 7 32 33 10 11 12 13 14 15 63 17 18 19 20 24 22 23
1 30 43 67 5 51 7 32 33 10 11 12 13 14 64 16 17 18 19 20 36 46 23
1 30 43 67 5 51 7 32 33 10 11 12 13 14 64 16 17 18 19 20 36 22 23
1 30 43 67 5 51 7 32 33 10 11 12 13 14 64 16 17 18 19 20 24 46 23
1 30 43 67 5 51 7 32 33 10 11 12 13 14 64 16 17 18 19 20 24 22 23
1 30 43 67 5 51 7 32 33 10 11 12 13 14 64 62 17 18 19 20 36 46 23
1 30 43 67 5 51 7 32 33 10 11 12 13 14 64 62 17 18 19 20 36 22 23
1 30 43 67 5 51 7 32 33 10 11 12 13 14 64 62 17 18 19 20 24 46 23
1 30 43 67 5 51 7 32 33 10 11 12 13 14 64 62 17 18 19 20 24 22 23
1 30 43 67 5 51 7 32 33 10 11 12 13 14 64 63 17 18 19 20 36 46 23
1 30 43 67 5 51 7 32 33 10 11 12 13 14 64 63 17 18 19 20 36 22 23
1 30 43 67 5 51 7 32 33 10 11 12 13 14 64 63 17 18 19 20 24 46 23
1 30 43 67 5 51 7 32 33 10 11 12 13 14 64 63 17 18 19 20 24 22 23
1 30 43 67 5 51 7 32 33 10 11 12 13 14 65 16 17 18 19 20 36 46 23
1 30 43 67 5 51 7 32 33 10 11 12 13 14 65 16 17 18 19 20 36 22 23
1 30 43 67 5 51 7 32 33 10 11 12 13 14 65 16 17 18 19 20 24 46 23
1 30 43 67 5 51 7 32 33 10 11 12 13 14 65 16 17 18 19 20 24 22 23
1 30 43 67 5 51 7 32 33 10 11 12 13 14 65 62 17 18 19 20 36 46 23
1 30 43 67 5 51 7 32 33 10 11 12 13 14 65 62 17 18 19 20 36 22 23
1 30 43 67 5 51 7 32 33 10 11 12 13 14 65 62 17 18 19 20 24 46 23
1 30 43 67 5 51 7 32 33 10 11 12 13 14 65 62 17 18 19 20 24 22 23
1 30 43 67 5 51 7 32 33 10 11 12 13 14 65 63 17 18 19 20 36 46 23
1 30 43 67 5 51 7 32 33 10 11 12 13 14 65 63 17 18 19 20 36 22 23
1 30 43 67 5 51 7 32 33 10 11 12 13 14 65 63 17 18 19 20 24 46 23
1 30 43 67 5 51 7 32 33 10 11 12 13 14 65 63 17 18 19 20 24 22 23
1 30 43 67 5 51 7 32 33 25 11 12 13 14 15 16 17 18 19 20 36 46 23
1 30 43 67 5 51 7 32 33 25 11 12 13 14 15 16 17 18 19 20 36 22 23
1 30 43 67 5 51 7 32 33 25 11 12 13 14 15 16 17 18 19 20 24 46 23
1 30 43 67 5 51 7 32 33 25 11 12 13 14 15 16 17 18 19 20 24 22 23
1 30 43 67 5 51 7 32 33 25 11 12 13 14 15 62 17 18 19 20 36 46 23
1 30 43 67 5 51 7 32 33 25 11 12 13 14 15 62 17 18 19 20 36 22 23
1 30 43 67 5 51 7 32 33 25 11 12 13 14 15 62 17 18 19 20 24 46 23
1 30 43 67 5 51 7 32 33 25 11 12 13 14 15 62 17 18 19 20 24 22 23
1 30 43 67 5 51 7 32 33 25 11 12 13 14 15 63 17 18 19 20 36 46 23
1 30 43 67 5 51 7 32 33 25 11 12 13 14 15 63 17 18 19 20 36 22 23
1 30 43 67 5 51 7 32 33 25 11 12 13 14 15 63 17 18 19 20 24 46 23
1 30 43 67 5 51 7 32 33 25 11 12 13 14 15 63 17 18 19 20 24 22 23
1 30 43 67 5 51 7 32 33 25 11 12 13 14 64 16 17 18 19 20 36 46 23
1 30 43 67 5 51 7 32 33 25 11 12 13 14 64 16 17 18 19 20 36 22 23
1 30 43 67 5 51 7 32 33 25 11 12 13 14 64 16 17 18 19 20 24 46 23
1 30 43 67 5 51 7 32 33 25 11 12 13 14 64 16 17 18 19 20 24 22 23
1 30 43 67 5 51 7 32 33 25 11 12 13 14 64 62 17 18 19 20 36 46 23
1 30 43 67 5 51 7 32 33 25 11 12 13 14 64 62 17 18 19 20 36 22 23
1 30 43 67 5 51 7 32 33 25 11 12 13 14 64 62 17 18 19 20 24 46 23
1 30 43 67 5 51 7 32 33 25 11 12 13 14 64 62 17 18 19 20 24 22 23
1 30 43 67 5 51 7 32 33 25 11 12 13 14 64 63 17 18 19 20 36 46 23
1 30 43 67 5 51 7 32 33 25 11 12 13 14 64 63 17 18 19 20 36 22 23
1 30 43 67 5 51 7 32 33 25 11 12 13 14 64 63 17 18 19 20 24 46 23
1 30 43 67 5 51 7 32 33 25 11 12 13 14 64 63 17 18 19 20 24 22 23
1 30 43 67 5 51 7 32 33 25 11 12 13 14 65 16 17 18 19 20 36 46 23
1 30 43 67 5 51 7 32 33 25 11 12 13 14 65 16 17 18 19 20 36 22 23
1 30 43 67 5 51 7 32 33 25 11 12 13 14 65 16 17 18 19 20 24 46 23
1 30 43 67 5 51 7 32 33 25 11 12 13 14 65 16 17 18 19 20 24 22 23
1 30 43 67 5 51 7 32 33 25 11 12 13 14 65 62 17 18 19 20 36 46 23
1 30 43 67 5 51 7 32 33 25 11 12 13 14 65 62 17 18 19 20 36 22 23
1 30 43 67 5 51 7 32 33 25 11 12 13 14 65 62 17 18 19 20 24 46 23
1 30 43 67 5 51 7 32 33 25 11 12 13 14 65 62 17 18 19 20 24 22 23
1 30 43 67 5 51 7 32 33 25 11 12 13 14 65 63 17 18 19 20 36 46 23
1 30 43 67 5 51 7 32 33 25 11 12 13 14 65 63 17 18 19 20 36 22 23
1 30 43 67 5 51 7 32 33 25 11 12 13 14 65 63 17 18 19 20 24 46 23
1 30 43 67 5 51 7 32 33 25 11 12 13 14 65 63 17 18 19 20 24 22 23
1 30 43 67 5 51 7 32 33 66 11 12 13 14 15 16 17 18 19 20 36 46 23
1 30 43 67 5 51 7 32 33 66 11 12 13 14 15 16 17 18 19 20 36 22 23
1 30 43 67 5 51 7 32 33 66 11 12 13 14 15 16 17 18 19 20 24 46 23
1 30 43 67 5 51 7 32 33 66 11 12 13 14 15 16 17 18 19 20 24 22 23
1 30 43 67 5 51 7 32 33 66 11 12 13 14 15 62 17 18 19 20 36 46 23
1 30 43 67 5 51 7 32 33 66 11 12 13 14 15 62 17 18 19 20 36 22 23
1 30 43 67 5 51 7 32 33 66 11 12 13 14 15 62 17 18 19 20 24 46 23
1 30 43 67 5 51 7 32 33 66 11 12 13 14 15 62 17 18 19 20 24 22 23
1 30 43 67 5 51 7 32 33 66 11 12 13 14 15 63 17 18 19 20 36 46 23
1 30 43 67 5 51 7 32 33 66 11 12 13 14 15 63 17 18 19 20 36 22 23
1 30 43 67 5 51 7 32 33 66 11 12 13 14 15 63 17 18 19 20 24 46 23
1 30 43 67 5 51 7 32 33 66 11 12 13 14 15 63 17 18 19 20 24 22 23
1 30 43 67 5 51 7 32 33 66 11 12 13 14 64 16 17 18 19 20 36 46 23
1 30 43 67 5 51 7 32 33 66 11 12 13 14 64 16 17 18 19 20 36 22 23
1 30 43 67 5 51 7 32 33 66 11 12 13 14 64 16 17 18 19 20 24 46 23
1 30 43 67 5 51 7 32 33 66 11 12 13 14 64 16 17 18 19 20 24 22 23
1 30 43 67 5 51 7 32 33 66 11 12 13 14 64 62 17 18 19 20 36 46 23
1 30 43 67 5 51 7 32 33 66 11 12 13 14 64 62 17 18 19 20 36 22 23
1 30 43 67 5 51 7 32 33 66 11 12 13 14 64 62 17 18 19 20 24 46 23
1 30 43 67 5 51 7 32 33 66 11 12 13 14 64 62 17 18 19 20 24 22 23
1 30 43 67 5 51 7 32 33 66 11 12 13 14 64 63 17 18 19 20 36 46 23
1 30 43 67 5 51 7 32 33 66 11 12 13 14 64 63 17 18 19 20 36 22 23
1 30 43 67 5 51 7 32 33 66 11 12 13 14 64 63 17 18 19 20 24 46 23
1 30 43 67 5 51 7 32 33 66 11 12 13 14 64 63 17 18 19 20 24 22 23
1 30 43 67 5 51 7 32 33 66 11 12 13 14 65 16 17 18 19 20 36 46 23
1 30 43 67 5 51 7 32 33 66 11 12 13 14 65 16 17 18 19 20 36 22 23
1 30 43 67 5 51 7 32 33 66 11 12 13 14 65 16 17 18 19 20 24 46 23
1 30 43 67 5 51 7 32 33 66 11 12 13 14 65 16 17 18 19 20 24 22 23
1 30 43 67 5 51 7 32 33 66 11 12 13 14 65 62 17 18 19 20 36 46 23
1 30 43 67 5 51 7 32 33 66 11 12 13 14 65 62 17 18 19 20 36 22 23
1 30 43 67 5 51 7 32 33 66 11 12 13 14 65 62 17 18 19 20 24 46 23
1 30 43 67 5 51 7 32 33 66 11 12 13 14 65 62 17 18 19 20 24 22 23
1 30 43 67 5 51 7 32 33 66 11 12 13 14 65 63 17 18 19 20 36 46 23
1 30 43 67 5 51 7 32 33 66 11 12 13 14 65 63 17 18 19 20 36 22 23
1 30 43 67 5 51 7 32 33 66 11 12 13 14 65 63 17 18 19 20 24 46 23
1 30 43 67 5 51 7 32 33 66 11 12 13 14 65 63 17 18 19 20 24 22 23
1 30 43 67 5 51 7 32 33 26 11 12 13 14 15 16 17 18 19 20 36 46 23
1 30 43 67 5 51 7 32 33 26 11 12 13 14 15 16 17 18 19 20 36 22 23
1 30 43 67 5 51 7 32 33 26 11 12 13 14 15 16 17 18 19 20 24 46 23
1 30 43 67 5 51 7 32 33 26 11 12 13 14 15 16 17 18 19 20 24 22 23
1 30 43 67 5 51 7 32 33 26 11 12 13 14 15 62 17 18 19 20 36 46 23
1 30 43 67 5 51 7 32 33 26 11 12 13 14 15 62 17 18 19 20 36 22 23
1 30 43 67 5 51 7 32 33 26 11 12 13 14 15 62 17 18 19 20 24 46 23
1 30 43 67 5 51 7 32 33 26 11 12 13 14 15 62 17 18 19 20 24 22 23
1 30 43 67 5 51 7 32 33 26 11 12 13 14 15 63 17 18 19 20 36 46 23
1 30 43 67 5 51 7 32 33 26 11 12 13 14 15 63 17 18 19 20 36 22 23
1 30 43 67 5 51 7 32 33 26 11 12 13 14 15 63 17 18 19 20 24 46 23
1 30 43 67 5 51 7 32 33 26 11 12 13 14 15 63 17 18 19 20 24 22 23
1 30 43 67 5 51 7 32 33 26 11 12 13 14 64 16 17 18 19 20 36 46 23
1 30 43 67 5 51 7 32 33 26 11 12 13 14 64 16 17 18 19 20 36 22 23
1 30 43 67 5 51 7 32 33 26 11 12 13 14 64 16 17 18 19 20 24 46 23
1 30 43 67 5 51 7 32 33 26 11 12 13 14 64 16 17 18 19 20 24 22 23
1 30 43 67 5 51 7 32 33 26 11 12 13 14 64 62 17 18 19 20 36 46 23
1 30 43 67 5 51 7 32 33 26 11 12 13 14 64 62 17 18 19 20 36 22 23
1 30 43 67 5 51 7 32 33 26 11 12 13 14 64 62 17 18 19 20 24 46 23
1 30 43 67 5 51 7 32 33 26 11 12 13 14 64 62 17 18 19 20 24 22 23
1 30 43 67 5 51 7 32 33 26 11 12 13 14 64 63 17 18 19 20 36 46 23
1 30 43 67 5 51 7 32 33 26 11 12 13 14 64 63 17 18 19 20 36 22 23
1 30 43 67 5 51 7 32 33 26 11 12 13 14 64 63 17 18 19 20 24 46 23
1 30 43 67 5 51 7 32 33 26 11 12 13 14 64 63 17 18 19 20 24 22 23
1 30 43 67 5 51 7 32 33 26 11 12 13 14 65 16 17 18 19 20 36 46 23
1 30 43 67 5 51 7 32 33 26 11 12 13 14 65 16 17 18 19 20 36 22 23
1 30 43 67 5 51 7 32 33 26 11 12 13 14 65 16 17 18 19 20 24 46 23
1 30 43 67 5 51 7 32 33 26 11 12 13 14 65 16 17 18 19 20 24 22 23
1 30 43 67 5 51 7 32 33 26 11 12 13 14 65 62 17 18 19 20 36 46 23
1 30 43 67 5 51 7 32 33 26 11 12 13 14 65 62 17 18 19 20 36 22 23
1 30 43 67 5 51 7 32 33 26 11 12 13 14 65 62 17 18 19 20 24 46 23
1 30 43 67 5 51 7 32 33 26 11 12 13 14 65 62 17 18 19 20 24 22 23
1 30 43 67 5 51 7 32 33 26 11 12 13 14 65 63 17 18 19 20 36 46 23
1 30 43 67 5 51 7 32 33 26 11 12 13 14 65 63 17 18 19 20 36 22 23
1 30 43 67 5 51 7 32 33 26 11 12 13 14 65 63 17 18 19 20 24 46 23
1 30 43 67 5 51 7 32 33 26 11 12 13 14 65 63 17 18 19 20 24 22 23
1 30 43 48 5 51 7 32 33 10 11 12 13 14 15 16 17 18 19 20 36 46 23
1 30 43 48 5 51 7 32 33 10 11 12 13 14 15 16 17 18 19 20 36 22 23
1 30 43 48 5 51 7 32 33 10 11 12 13 14 15 16 17 18 19 20 24 46 23
1 30 43 48 5 51 7 32 33 10 11 12 13 14 15 16 17 18 19 20 24 22 23
1 30 43 48 5 51 7 32 33 10 11 12 13 14 15 62 17 18 19 20 36 46 23
1 30 43 48 5 51 7 32 33 10 11 12 13 14 15 62 17 18 19 20 36 22 23
1 30 43 48 5 51 7 32 33 10 11 12 13 14 15 62 17 18 19 20 24 46 23
1 30 43 48 5 51 7 32 33 10 11 12 13 14 15 62 17 18 19 20 24 22 23
1 30 43 48 5 51 7 32 33 10 11 12 13 14 15 63 17 18 19 20 36 46 23
1 30 43 48 5 51 7 32 33 10 11 12 13 14 15 63 17 18 19 20 36 22 23
1 30 43 48 5 51 7 32 33 10 11 12 13 14 15 63 17 18 19 20 24 46 23
1 30 43 48 5 51 7 32 33 10 11 12 13 14 15 63 17 18 19 20 24 22 23
1 30 43 48 5 51 7 32 33 10 11 12 13 14 64 16 17 18 19 20 36 46 23
1 30 43 48 5 51 7 32 33 10 11 12 13 14 64 16 17 18 19 20 36 22 23
1 30 43 48 5 51 7 32 33 10 11 12 13 14 64 16 17 18 19 20 24 46 23
1 30 43 48 5 51 7 32 33 10 11 12 13 14 64 16 17 18 19 20 24 22 23
1 30 43 48 5 51 7 32 33 10 11 12 13 14 64 62 17 18 19 20 36 46 23
1 30 43 48 5 51 7 32 33 10 11 12 13 14 64 62 17 18 19 20 36 22 23
1 30 43 48 5 51 7 32 33 10 11 12 13 14 64 62 17 18 19 20 24 46 23
1 30 43 48 5 51 7 32 33 10 11 12 13 14 64 62 17 18 19 20 24 22 23
1 30 43 48 5 51 7 32 33 10 11 12 13 14 64 63 17 18 19 20 36 46 23
1 30 43 48 5 51 7 32 33 10 11 12 13 14 64 63 17 18 19 20 36 22 23
1 30 43 48 5 51 7 32 33 10 11 12 13 14 64 63 17 18 19 20 24 46 23
1 30 43 48 5 51 7 32 33 10 11 12 13 14 64 63 17 18 19 20 24 22 23
1 30 43 48 5 51 7 32 33 10 11 12 13 14 65 16 17 18 19 20 36 46 23
1 30 43 48 5 51 7 32 33 10 11 12 13 14 65 16 17 18 19 20 36 22 23
1 30 43 48 5 51 7 32 33 10 11 12 13 14 65 16 17 18 19 20 24 46 23
1 30 43 48 5 51 7 32 33 10 11 12 13 14 65 16 17 18 19 20 24 22 23
1 30 43 48 5 51 7 32 33 10 11 12 13 14 65 62 17 18 19 20 36 46 23
1 30 43 48 5 51 7 32 33 10 11 12 13 14 65 62 17 18 19 20 36 22 23
1 30 43 48 5 51 7 32 33 10 11 12 13 14 65 62 17 18 19 20 24 46 23
1 30 43 48 5 51 7 32 33 10 11 12 13 14 65 62 17 18 19 20 24 22 23
1 30 43 48 5 51 7 32 33 10 11 12 13 14 65 63 17 18 19 20 36 46 23
1 30 43 48 5 51 7 32 33 10 11 12 13 14 65 63 17 18 19 20 36 22 23
1 30 43 48 5 51 7 32 33 10 11 12 13 14 65 63 17 18 19 20 24 46 23
1 30 43 48 5 51 7 32 33 10 11 12 13 14 65 63 17 18 19 20 24 22 23
1 30 43 48 5 51 7 32 33 25 11 12 13 14 15 16 17 18 19 20 36 46 23
1 30 43 48 5 51 7 32 33 25 11 12 13 14 15 16 17 18 19 20 36 22 23
1 30 43 48 5 51 7 32 33 25 11 12 13 14 15 16 17 18 19 20 24 46 23
1 30 43 48 5 51 7 32 33 25 11 12 13 14 15 16 17 18 19 20 24 22 23
1 30 43 48 5 51 7 32 33 25 11 12 13 14 15 62 17 18 19 20 36 46 23
1 30 43 48 5 51 7 32 33 25 11 12 13 14 15 62 17 18 19 20 36 22 23
1 30 43 48 5 51 7 32 33 25 11 12 13 14 15 62 17 18 19 20 24 46 23
1 30 43 48 5 51 7 32 33 25 11 12 13 14 15 62 17 18 19 20 24 22 23
1 30 43 48 5 51 7 32 33 25 11 12 13 14 15 63 17 18 19 20 36 46 23
1 30 43 48 5 51 7 32 33 25 11 12 13 14 15 63 17 18 19 20 36 22 23
1 30 43 48 5 51 7 32 33 25 11 12 13 14 15 63 17 18 19 20 24 46 23
1 30 43 48 5 51 7 32 33 25 11 12 13 14 15 63 17 18 19 20 24 22 23
1 30 43 48 5 51 7 32 33 25 11 12 13 14 64 16 17 18 19 20 36 46 23
1 30 43 48 5 51 7 32 33 25 11 12 13 14 64 16 17 18 19 20 36 22 23
1 30 43 48 5 51 7 32 33 25 11 12 13 14 64 16 17 18 19 20 24 46 23
1 30 43 48 5 51 7 32 33 25 11 12 13 14 64 16 17 18 19 20 24 22 23
1 30 43 48 5 51 7 32 33 25 11 12 13 14 64 62 17 18 19 20 36 46 23
1 30 43 48 5 51 7 32 33 25 11 12 13 14 64 62 17 18 19 20 36 22 23
1 30 43 48 5 51 7 32 33 25 11 12 13 14 64 62 17 18 19 20 24 46 23
1 30 43 48 5 51 7 32 33 25 11 12 13 14 64 62 17 18 19 20 24 22 23
1 30 43 48 5 51 7 32 33 25 11 12 13 14 64 63 17 18 19 20 36 46 23
1 30 43 48 5 51 7 32 33 25 11 12 13 14 64 63 17 18 19 20 36 22 23
1 30 43 48 5 51 7 32 33 25 11 12 13 14 64 63 17 18 19 20 24 46 23
1 30 43 48 5 51 7 32 33 25 11 12 13 14 64 63 17 18 19 20 24 22 23
1 30 43 48 5 51 7 32 33 25 11 12 13 14 65 16 17 18 19 20 36 46 23
1 30 43 48 5 51 7 32 33 25 11 12 13 14 65 16 17 18 19 20 36 22 23
1 30 43 48 5 51 7 32 33 25 11 12 13 14 65 16 17 18 19 20 24 46 23
1 30 43 48 5 51 7 32 33 25 11 12 13 14 65 16 17 18 19 20 24 22 23
1 30 43 48 5 51 7 32 33 25 11 12 13 14 65 62 17 18 19 20 36 46 23
1 30 43 48 5 51 7 32 33 25 11 12 13 14 65 62 17 18 19 20 36 22 23
1 30 43 48 5 51 7 32 33 25 11 12 13 14 65 62 17 18 19 20 24 46 23
1 30 43 48 5 51 7 32 33 25 11 12 13 14 65 62 17 18 19 20 24 22 23
1 30 43 48 5 51 7 32 33 25 11 12 13 14 65 63 17 18 19 20 36 46 23
1 30 43 48 5 51 7 32 33 25 11 12 13 14 65 63 17 18 19 20 36 22 23
1 30 43 48 5 51 7 32 33 25 11 12 13 14 65 63 17 18 19 20 24 46 23
1 30 43 48 5 51 7 32 33 25 11 12 13 14 65 63 17 18 19 20 24 22 23
1 30 43 48 5 51 7 32 33 66 11 12 13 14 15 16 17 18 19 20 36 46 23
1 30 43 48 5 51 7 32 33 66 11 12 13 14 15 16 17 18 19 20 36 22 23
1 30 43 48 5 51 7 32 33 66 11 12 13 14 15 16 17 18 19 20 24 46 23
1 30 43 48 5 51 7 32 33 66 11 12 13 14 15 16 17 18 19 20 24 22 23
1 30 43 48 5 51 7 32 33 66 11 12 13 14 15 62 17 18 19 20 36 46 23
1 30 43 48 5 51 7 32 33 66 11 12 13 14 15 62 17 18 19 20 36 22 23
1 30 43 48 5 51 7 32 33 66 11 12 13 14 15 62 17 18 19 20 24 46 23
1 30 43 48 5 51 7 32 33 66 11 12 13 14 15 62 17 18 19 20 24 22 23
1 30 43 48 5 51 7 32 33 66 11 12 13 14 15 63 17 18 19 20 36 46 23
1 30 43 48 5 51 7 32 33 66 11 12 13 14 15 63 17 18 19 20 36 22 23
1 30 43 48 5 51 7 32 33 66 11 12 13 14 15 63 17 18 19 20 24 46 23
1 30 43 48 5 51 7 32 33 66 11 12 13 14 15 63 17 18 19 20 24 22 23
1 30 43 48 5 51 7 32 33 66 11 12 13 14 64 16 17 18 19 20 36 46 23
1 30 43 48 5 51 7 32 33 66 11 12 13 14 64 16 17 18 19 20 36 22 23
1 30 43 48 5 51 7 32 33 66 11 12 13 14 64 16 17 18 19 20 24 46 23
1 30 43 48 5 51 7 32 33 66 11 12 13 14 64 16 17 18 19 20 24 22 23
1 30 43 48 5 51 7 32 33 66 11 12 13 14 64 62 17 18 19 20 36 46 23
1 30 43 48 5 51 7 32 33 66 11 12 13 14 64 62 17 18 19 20 36 22 23
1 30 43 48 5 51 7 32 33 66 11 12 13 14 64 62 17 18 19 20 24 46 23
1 30 43 48 5 51 7 32 33 66 11 12 13 14 64 62 17 18 19 20 24 22 23
1 30 43 48 5 51 7 32 33 66 11 12 13 14 64 63 17 18 19 20 36 46 23
1 30 43 48 5 51 7 32 33 66 11 12 13 14 64 63 17 18 19 20 36 22 23
1 30 43 48 5 51 7 32 33 66 11 12 13 14 64 63 17 18 19 20 24 46 23
1 30 43 48 5 51 7 32 33 66 11 12 13 14 64 63 17 18 19 20 24 22 23
1 30 43 48 5 51 7 32 33 66 11 12 13 14 65 16 17 18 19 20 36 46 23
1 30 43 48 5 51 7 32 33 66 11 12 13 14 65 16 17 18 19 20 36 22 23
1 30 43 48 5 51 7 32 33 66 11 12 13 14 65 16 17 18 19 20 24 46 23
1 30 43 48 5 51 7 32 33 66 11 12 13 14 65 16 17 18 19 20 24 22 23
1 30 43 48 5 51 7 32 33 66 11 12 13 14 65 62 17 18 19 20 36 46 23
1 30 43 48 5 51 7 32 33 66 11 12 13 14 65 62 17 18 19 20 36 22 23
1 30 43 48 5 51 7 32 33 66 11 12 13 14 65 62 17 18 19 20 24 46 23
1 30 43 48 5 51 7 32 33 66 11 12 13 14 65 62 17 18 19 20 24 22 23
1 30 43 48 5 51 7 32 33 66 11 12 13 14 65 63 17 18 19 20 36 46 23
1 30 43 48 5 51 7 32 33 66 11 12 13 14 65 63 17 18 19 20 36 22 23
1 30 43 48 5 51 7 32 33 66 11 12 13 14 65 63 17 18 19 20 24 46 23
1 30 43 48 5 51 7 32 33 66 11 12 13 14 65 63 17 18 19 20 24 22 23
1 30 43 48 5 51 7 32 33 26 11 12 13 14 15 16 17 18 19 20 36 46 23
1 30 43 48 5 51 7 32 33 26 11 12 13 14 15 16 17 18 19 20 36 22 23
1 30 43 48 5 51 7 32 33 26 11 12 13 14 15 16 17 18 19 20 24 46 23
1 30 43 48 5 51 7 32 33 26 11 12 13 14 15 16 17 18 19 20 24 22 23
1 30 43 48 5 51 7 32 33 26 11 12 13 14 15 62 17 18 19 20 36 46 23
1 30 43 48 5 51 7 32 33 26 11 12 13 14 15 62 17 18 19 20 36 22 23
1 30 43 48 5 51 7 32 33 26 11 12 13 14 15 62 17 18 19 20 24 46 23
1 30 43 48 5 51 7 32 33 26 11 12 13 14 15 62 17 18 19 20 24 22 23
1 30 43 48 5 51 7 32 33 26 11 12 13 14 15 63 17 18 19 20 36 46 23
1 30 43 48 5 51 7 32 33 26 11 12 13 14 15 63 17 18 19 20 36 22 23
1 30 43 48 5 51 7 32 33 26 11 12 13 14 15 63 17 18 19 20 24 46 23
1 30 43 48 5 51 7 32 33 26 11 12 13 14 15 63 17 18 19 20 24 22 23
1 30 43 48 5 51 7 32 33 26 11 12 13 14 64 16 17 18 19 20 36 46 23
1 30 43 48 5 51 7 32 33 26 11 12 13 14 64 16 17 18 19 20 36 22 23
1 30 43 48 5 51 7 32 33 26 11 12 13 14 64 16 17 18 19 20 24 46 23
1 30 43 48 5 51 7 32 33 26 11 12 13 14 64 16 17 18 19 20 24 22 23
1 30 43 48 5 51 7 32 33 26 11 12 13 14 64 62 17 18 19 20 36 46 23
1 30 43 48 5 51 7 32 33 26 11 12 13 14 64 62 17 18 19 20 36 22 23
1 30 43 48 5 51 7 32 33 26 11 12 13 14 64 62 17 18 19 20 24 46 23
1 30 43 48 5 51 7 32 33 26 11 12 13 14 64 62 17 18 19 20 24 22 23
1 30 43 48 5 51 7 32 33 26 11 12 13 14 64 63 17 18 19 20 36 46 23
1 30 43 48 5 51 7 32 33 26 11 12 13 14 64 63 17 18 19 20 36 22 23
1 30 43 48 5 51 7 32 33 26 11 12 13 14 64 63 17 18 19 20 24 46 23
1 30 43 48 5 51 7 32 33 26 11 12 13 14 64 63 17 18 19 20 24 22 23
1 30 43 48 5 51 7 32 33 26 11 12 13 14 65 16 17 18 19 20 36 46 23
1 30 43 48 5 51 7 32 33 26 11 12 13 14 65 16 17 18 19 20 36 22 23
1 30 43 48 5 51 7 32 33 26 11 12 13 14 65 16 17 18 19 20 24 46 23
1 30 43 48 5 51 7 32 33 26 11 12 13 14 65 16 17 18 19 20 24 22 23
1 30 43 48 5 51 7 32 33 26 11 12 13 14 65 62 17 18 19 20 36 46 23
1 30 43 48 5 51 7 32 33 26 11 12 13 14 65 62 17 18 19 20 36 22 23
1 30 43 48 5 51 7 32 33 26 11 12 13 14 65 62 17 18 19 20 24 46 23
1 30 43 48 5 51 7 32 33 26 11 12 13 14 65 62 17 18 19 20 24 22 23
1 30 43 48 5 51 7 32 33 26 11 12 13 14 65 63 17 18 19 20 36 46 23
1 30 43 48 5 51 7 32 33 26 11 12 13 14 65 63 17 18 19 20 36 22 23
1 30 43 48 5 51 7 32 33 26 11 12 13 14 65 63 17 18 19 20 24 46 23
1 30 43 48 5 51 7 32 33 26 11 12 13 14 65 63 17 18 19 20 24 22 23
55 2 3 4 50 68 7 32 9 41 34 12 13 14 15 16 17 18 19 20 36 37 23
55 2 3 4 50 68 7 32 9 41 34 12 13 14 15 16 17 18 19 20 36 22 23
55 2 3 4 50 68 7 32 9 41 34 12 13 14 15 16 17 18 19 20 24 37 23
55 2 3 4 50 68 7 32 9 41 34 12 13 14 15 16 17 18 19 20 24 22 23
55 2 3 4 50 68 7 32 9 25 34 12 13 14 15 16 17 18 19 20 36 37 23
55 2 3 4 50 68 7 32 9 25 34 12 13 14 15 16 17 18 19 20 36 22 23
55 2 3 4 50 68 7 32 9 25 34 12 13 14 15 16 17 18 19 20 24 37 23
55 2 3 4 50 68 7 32 9 25 34 12 13 14 15 16 17 18 19 20 24 22 23
55 2 3 4 50 68 7 32 9 66 34 12 13 14 15 16 17 18 19 20 36 37 23
55 2 3 4 50 68 7 32 9 66 34 12 13 14 15 16 17 18 19 20 36 22 23
55 2 3 4 50 68 7 32 9 66 34 12 13 14 15 16 17 18 19 20 24 37 23
55 2 3 4 50 68 7 32 9 66 34 12 13 14 15 16 17 18 19 20 24 22 23
55 2 3 4 50 68 7 32 9 26 34 12 13 14 15 16 17 18 19 20 36 37 23
55 2 3 4 50 68 7 32 9 26 34 12 13 14 15 16 17 18 19 20 36 22 23
55 2 3 4 50 68 7 32 9 26 34 12 13 14 15 16 17 18 19 20 24 37 23
55 2 3 4 50 68 7 32 9 26 34 12 13 14 15 16 17 18 19 20 24 22 23
55 2 3 4 50 68 7 8 9 41 34 12 13 14 15 16 17 18 19 20 36 37 23
55 2 3 4 50 68 7 8 9 41 34 12 13 14 15 16 17 18 19 20 36 22 23
55 2 3 4 50 68 7 8 9 41 34 12 13 14 15 16 17 18 19 20 24 37 23
55 2 3 4 50 68 7 8 9 41 34 12 13 14 15 16 17 18 19 20 24 22 23
55 2 3 4 50 68 7 8 9 25 34 12 13 14 15 16 17 18 19 20 36 37 23
55 2 3 4 50 68 7 8 9 25 34 12 13 14 15 16 17 18 19 20 36 22 23
55 2 3 4 50 68 7 8 9 25 34 12 13 14 15 16 17 18 19 20 24 37 23
55 2 3 4 50 68 7 8 9 25 34 12 13 14 15 16 17 18 19 20 24 22 23
55 2 3 4 50 68 7 8 9 66 34 12 13 14 15 16 17 18 19 20 36 37 23
55 2 3 4 50 68 7 8 9 66 34 12 13 14 15 16 17 18 19 20 36 22 23
55 2 3 4 50 68 7 8 9 66 34 12 13 14 15 16 17 18 19 20 24 37 23
55 2 3 4 50 68 7 8 9 66 34 12 13 14 15 16 17 18 19 20 24 22 23
55 2 3 4 50 68 7 8 9 26 34 12 13 14 15 16 17 18 19 20 36 37 23
55 2 3 4 50 68 7 8 9 26 34 12 13 14 15 16 17 18 19 20 36 22 23
55 2 3 4 50 68 7 8 9 26 34 12 13 14 15 16 17 18 19 20 24 37 23
55 2 3 4 50 68 7 8 9 26 34 12 13 14 15 16 17 18 19 20 24 22 23
55 2 3 69 50 68 7 32 9 41 34 12 13 14 15 16 17 18 19 20 36 37 23
55 2 3 69 50 68 7 32 9 41 34 12 13 14 15 16 17 18 19 20 36 22 23
55 2 3 69 50 68 7 32 9 41 34 12 13 14 15 16 17 18 19 20 24 37 23
55 2 3 69 50 68 7 32 9 41 34 12 13 14 15 16 17 18 19 20 24 22 23
55 2 3 69 50 68 7 32 9 25 34 12 13 14 15 16 17 18 19 20 36 37 23
55 2 3 69 50 68 7 32 9 25 34 12 13 14 15 16 17 18 19 20 36 22 23
55 2 3 69 50 68 7 32 9 25 34 12 13 14 15 16 17 18 19 20 24 37 23
55 2 3 69 50 68 7 32 9 25 34 12 13 14 15 16 17 18 19 20 24 22 23
55 2 3 69 50 68 7 32 9 66 34 12 13 14 15 16 17 18 19 20 36 37 23
55 2 3 69 50 68 7 32 9 66 34 12 13 14 15 16 17 18 19 20 36 22 23
55 2 3 69 50 68 7 32 9 66 34 12 13 14 15 16 17 18 19 20 24 37 23
55 2 3 69 50 68 7 32 9 66 34 12 13 14 15 16 17 18 19 20 24 22 23
55 2 3 69 50 68 7 32 9 26 34 12 13 14 15 16 17 18 19 20 36 37 23
55 2 3 69 50 68 7 32 9 26 34 12 13 14 15 16 17 18 19 20 36 22 23
55 2 3 69 50 68 7 32 9 26 34 12 13 14 15 16 17 18 19 20 24 37 23
55 2 3 69 50 68 7 32 9 26 34 12 13 14 15 16 17 18 19 20 24 22 23
55 2 3 69 50 68 7 8 9 41 34 12 13 14 15 16 17 18 19 20 36 37 23
55 2 3 69 50 68 7 8 9 41 34 12 13 14 15 16 17 18 19 20 36 22 23
55 2 3 69 50 68 7 8 9 41 34 12 13 14 15 16 17 18 19 20 24 37 23
55 2 3 69 50 68 7 8 9 41 34 12 13 14 15 16 17 18 19 20 24 22 23
55 2 3 69 50 68 7 8 9 25 34 12 13 14 15 16 17 18 19 20 36 37 23
55 2 3 69 50 68 7 8 9 25 34 12 13 14 15 16 17 18 19 20 36 22 23
55 2 3 69 50 68 7 8 9 25 34 12 13 14 15 16 17 18 19 20 24 37 23
55 2 3 69 50 68 7 8 9 25 34 12 13 14 15 16 17 18 19 20 24 22 23
55 2 3 69 50 68 7 8 9 66 34 12 13 14 15 16 17 18 19 20 36 37 23
55 2 3 69 50 68 7 8 9 66 34 12 13 14 15 16 17 18 19 20 36 22 23
55 2 3 69 50 68 7 8 9 66 34 12 13 14 15 16 17 18 19 20 24 37 23
55 2 3 69 50 68 7 8 9 66 34 12 13 14 15 16 17 18 19 20 24 22 23
55 2 3 69 50 68 7 8 9 26 34 12 13 14 15 16 17 18 19 20 36 37 23
55 2 3 69 50 68 7 8 9 26 34 12 13 14 15 16 17 18 19 20 36 22 23
55 2 3 69 50 68 7 8 9 26 34 12 13 14 15 16 17 18 19 20 24 37 23
55 2 3 69 50 68 7 8 9 26 34 12 13 14 15 16 17 18 19 20 24 22 23
55 2 3 49 50 68 7 32 9 41 34 12 13 14 15 16 17 18 19 20 36 37 23
55 2 3 49 50 68 7 32 9 41 34 12 13 14 15 16 17 18 19 20 36 22 23
55 2 3 49 50 68 7 32 9 41 34 12 13 14 15 16 17 18 19 20 24 37 23
55 2 3 49 50 68 7 32 9 41 34 12 13 14 15 16 17 18 19 20 24 22 23
55 2 3 49 50 68 7 32 9 25 34 12 13 14 15 16 17 18 19 20 36 37 23
55 2 3 49 50 68 7 32 9 25 34 12 13 14 15 16 17 18 19 20 36 22 23
55 2 3 49 50 68 7 32 9 25 34 12 13 14 15 16 17 18 19 20 24 37 23
55 2 3 49 50 68 7 32 9 25 34 12 13 14 15 16 17 18 19 20 24 22 23
55 2 3 49 50 68 7 32 9 66 34 12 13 14 15 16 17 18 19 20 36 37 23
55 2 3 49 50 68 7 32 9 66 34 12 13 14 15 16 17 18 19 20 36 22 23
55 2 3 49 50 68 7 32 9 66 34 12 13 14 15 16 17 18 19 20 24 37 23
55 2 3 49 50 68 7 32 9 66 34 12 13 14 15 16 17 18 19 20 24 22 23
55 2 3 49 50 68 7 32 9 26 34 12 13 14 15 16 17 18 19 20 36 37 23
55 2 3 49 50 68 7 32 9 26 34 12 13 14 15 16 17 18 19 20 36 22 23
55 2 3 49 50 68 7 32 9 26 34 12 13 14 15 16 17 18 19 20 24 37 23
55 2 3 49 50 68 7 32 9 26 34 12 13 14 15 16 17 18 19 20 24 22 23
55 2 3 49 50 68 7 8 9 41 34 12 13 14 15 16 17 18 19 20 36 37 23
55 2 3 49 50 68 7 8 9 41 34 12 13 14 15 16 17 18 19 20 36 22 23
55 2 3 49 50 68 7 8 9 41 34 12 13 14 15 16 17 18 19 20 24 37 23
55 2 3 49 50 68 7 8 9 41 34 12 13 14 15 16 17 18 19 20 24 22 23
55 2 3 49 50 68 7 8 9 25 34 12 13 14 15 16 17 18 19 20 36 37 23
55 2 3 49 50 68 7 8 9 25 34 12 13 14 15 16 17 18 19 20 36 22 23
55 2 3 49 50 68 7 8 9 25 34 12 13 14 15 16 17 18 19 20 24 37 23
55 2 3 49 50 68 7 8 9 25 34 12 13 14 15 16 17 18 19 20 24 22 23
55 2 3 49 50 68 7 8 9 66 34 12 13 14 15 16 17 18 19 20 36 37 23
55 2 3 49 50 68 7 8 9 66 34 12 13 14 15 16 17 18 19 20 36 22 23
55 2 3 49 50 68 7 8 9 66 34 12 13 14 15 16 17 18 19 20 24 37 23
55 2 3 49 50 68 7 8 9 66 34 12 13 14 15 16 17 18 19 20 24 22 23
55 2 3 49 50 68 7 8 9 26 34 12 13 14 15 16 17 18 19 20 36 37 23
55 2 3 49 50 68 7 8 9 26 34 12 13 14 15 16 17 18 19 20 36 22 23
55 2 3 49 50 68 7 8 9 26 34 12 13 14 15 16 17 18 19 20 24 37 23
55 2 3 49 50 68 7 8 9 26 34 12 13 14 15 16 17 18 19 20 24 22 23
55 2 29 4 50 68 7 32 9 41 34 12 13 14 15 16 17 18 19 20 36 37 23
55 2 29 4 50 68 7 32 9 41 34 12 13 14 15 16 17 18 19 20 36 22 23
55 2 29 4 50 68 7 32 9 41 34 12 13 14 15 16 17 18 19 20 24 37 23
55 2 29 4 50 68 7 32 9 41 34 12 13 14 15 16 17 18 19 20 24 22 23
55 2 29 4 50 68 7 32 9 25 34 12 13 14 15 16 17 18 19 20 36 37 23
55 2 29 4 50 68 7 32 9 25 34 12 13 14 15 16 17 18 19 20 36 22 23
55 2 29 4 50 68 7 32 9 25 34 12 13 14 15 16 17 18 19 20 24 37 23
55 2 29 4 50 68 7 32 9 25 34 12 13 14 15 16 17 18 19 20 24 22 23
55 2 29 4 50 68 7 32 9 66 34 12 13 14 15 16 17 18 19 20 36 37 23
55 2 29 4 50 68 7 32 9 66 34 12 13 14 15 16 17 18 19 20 36 22 23
55 2 29 4 50 68 7 32 9 66 34 12 13 14 15 16 17 18 19 20 24 37 23
55 2 29 4 50 68 7 32 9 66 34 12 13 14 15 16 17 18 19 20 24 22 23
55 2 29 4 50 68 7 32 9 26 34 12 13 14 15 16 17 18 19 20 36 37 23
55 2 29 4 50 68 7 32 9 26 34 12 13 14 15 16 17 18 19 20 36 22 23
55 2 29 4 50 68 7 32 9 26 34 12 13 14 15 16 17 18 19 20 24 37 23
55 2 29 4 50 68 7 32 9 26 34 12 13 14 15 16 17 18 19 20 24 22 23
55 2 29 4 50 68 7 8 9 41 34 12 13 14 15 16 17 18 19 20 36 37 23
55 2 29 4 50 68 7 8 9 41 34 12 13 14 15 16 17 18 19 20 36 22 23
55 2 29 4 50 68 7 8 9 41 34 12 13 14 15 16 17 18 19 20 24 37 23
55 2 29 4 50 68 7 8 9 41 34 12 13 14 15 16 17 18 19 20 24 22 23
55 2 29 4 50 68 7 8 9 25 34 12 13 14 15 16 17 18 19 20 36 37 23
55 2 29 4 50 68 7 8 9 25 34 12 13 14 15 16 17 18 19 20 36 22 23
55 2 29 4 50 68 7 8 9 25 34 12 13 14 15 16 17 18 19 20 24 37 23
55 2 29 4 50 68 7 8 9 25 34 12 13 14 15 16 17 18 19 20 24 22 23
55 2 29 4 50 68 7 8 9 66 34 12 13 14 15 16 17 18 19 20 36 37 23
55 2 29 4 50 68 7 8 9 66 34 12 13 14 15 16 17 18 19 20 36 22 23
55 2 29 4 50 68 7 8 9 66 34 12 13 14 15 16 17 18 19 20 24 37 23
55 2 29 4 50 68 7 8 9 66 34 12 13 14 15 16 17 18 19 20 24 22 23
55 2 29 4 50 68 7 8 9 26 34 12 13 14 15 16 17 18 19 20 36 37 23
55 2 29 4 50 68 7 8 9 26 34 12 13 14 15 16 17 18 19 20 36 22 23
55 2 29 4 50 68 7 8 9 26 34 12 13 14 15 16 17 18 19 20 24 37 23
55 2 29 4 50 68 7 8 9 26 34 12 13 14 15 16 17 18 19 20 24 22 23
55 2 29 69 50 68 7 32 9 41 34 12 13 14 15 16 17 18 19 20 36 37 23
55 2 29 69 50 68 7 32 9 41 34 12 13 14 15 16 17 18 19 20 36 22 23
55 2 29 69 50 68 7 32 9 41 34 12 13 14 15 16 17 18 19 20 24 37 23
55 2 29 69 50 68 7 32 9 41 34 12 13 14 15 16 17 18 19 20 24 22 23
55 2 29 69 50 68 7 32 9 25 34 12 13 14 15 16 17 18 19 20 36 37 23
55 2 29 69 50 68 7 32 9 25 34 12 13 14 15 16 17 18 19 20 36 22 23
55 2 29 69 50 68 7 32 9 25 34 12 13 14 15 16 17 18 19 20 24 37 23
55 2 29 69 50 68 7 32 9 25 34 12 13 14 15 16 17 18 19 20 24 22 23
55 2 29 69 50 68 7 32 9 66 34 12 13 14 15 16 17 18 19 20 36 37 23
55 2 29 69 50 68 7 32 9 66 34 12 13 14 15 16 17 18 19 20 36 22 23
55 2 29 69 50 68 7 32 9 66 34 12 13 14 15 16 17 18 19 20 24 37 23
55 2 29 69 50 68 7 32 9 66 34 12 13 14 15 16 17 18 19 20 24 22 23
55 2 29 69 50 68 7 32 9 26 34 12 13 14 15 16 17 18 19 20 36 37 23
55 2 29 69 50 68 7 32 9 26 34 12 13 14 15 16 17 18 19 20 36 22 23
55 2 29 69 50 68 7 32 9 26 34 12 13 14 15 16 17 18 19 20 24 37 23
55 2 29 69 50 68 7 32 9 26 34 12 13 14 15 16 17 18 19 20 24 22 23
55 2 29 69 50 68 7 8 9 41 34 12 13 14 15 16 17 18 19 20 36 37 23
55 2 29 69 50 68 7 8 9 41 34 12 13 14 15 16 17 18 19 20 36 22 23
55 2 29 69 50 68 7 8 9 41 34 12 13 14 15 16 17 18 19 20 24 37 23
55 2 29 69 50 68 7 8 9 41 34 12 13 14 15 16 17 18 19 20 24 22 23
55 2 29 69 50 68 7 8 9 25 34 12 13 14 15 16 17 18 19 20 36 37 23
55 2 29 69 50 68 7 8 9 25 34 12 13 14 15 16 17 18 19 20 36 22 23
55 2 29 69 50 68 7 8 9 25 34 12 13 14 15 16 17 18 19 20 24 37 23
55 2 29 69 50 68 7 8 9 25 34 12 13 14 15 16 17 18 19 20 24 22 23
55 2 29 69 50 68 7 8 9 66 34 12 13 14 15 16 17 18 19 20 36 37 23
55 2 29 69 50 68 7 8 9 66 34 12 13 14 15 16 17 18 19 20 36 22 23
55 2 29 69 50 68 7 8 9 66 34 12 13 14 15 16 17 18 19 20 24 37 23
55 2 29 69 50 68 7 8 9 66 34 12 13 14 15 16 17 18 19 20 24 22 23
55 2 29 69 50 68 7 8 9 26 34 12 13 14 15 16 17 18 19 20 36 37 23
55 2 29 69 50 68 7 8 9 26 34 12 13 14 15 16 17 18 19 20 36 22 23
55 2 29 69 50 68 7 8 9 26 34 12 13 14 15 16 17 18 19 20 24 37 23
55 2 29 69 50 68 7 8 9 26 34 12 13 14 15 16 17 18 19 20 24 22 23
55 2 29 49 50 68 7 32 9 41 34 12 13 14 15 16 17 18 19 20 36 37 23
55 2 29 49 50 68 7 32 9 41 34 12 13 14 15 16 17 18 19 20 36 22 23
55 2 29 49 50 68 7 32 9 41 34 12 13 14 15 16 17 18 19 20 24 37 23
55 2 29 49 50 68 7 32 9 41 34 12 13 14 15 16 17 18 19 20 24 22 23
55 2 29 49 50 68 7 32 9 25 34 12 13 14 15 16 17 18 19 20 36 37 23
55 2 29 49 50 68 7 32 9 25 34 12 13 14 15 16 17 18 19 20 36 22 23
55 2 29 49 50 68 7 32 9 25 34 12 13 14 15 16 17 18 19 20 24 37 23
55 2 29 49 50 68 7 32 9 25 34 12 13 14 15 16 17 18 19 20 24 22 23
55 2 29 49 50 68 7 32 9 66 34 12 13 14 15 16 17 18 19 20 36 37 23
55 2 29 49 50 68 7 32 9 66 34 12 13 14 15 16 17 18 19 20 36 22 23
55 2 29 49 50 68 7 32 9 66 34 12 13 14 15 16 17 18 19 20 24 37 23
55 2 29 49 50 68 7 32 9 66 34 12 13 14 15 16 17 18 19 20 24 22 23
55 2 29 49 50 68 7 32 9 26 34 12 13 14 15 16 17 18 19 20 36 37 23
55 2 29 49 50 68 7 32 9 26 34 12 13 14 15 16 17 18 19 20 36 22 23
55 2 29 49 50 68 7 32 9 26 34 12 13 14 15 16 17 18 19 20 24 37 23
55 2 29 49 50 68 7 32 9 26 34 12 13 14 15 16 17 18 19 20 24 22 23
55 2 29 49 50 68 7 8 9 41 34 12 13 14 15 16 17 18 19 20 36 37 23
55 2 29 49 50 68 7 8 9 41 34 12 13 14 15 16 17 18 19 20 36 22 23
55 2 29 49 50 68 7 8 9 41 34 12 13 14 15 16 17 18 19 20 24 37 23
55 2 29 49 50 68 7 8 9 41 34 12 13 14 15 16 17 18 19 20 24 22 23
55 2 29 49 50 68 7 8 9 25 34 12 13 14 15 16 17 18 19 20 36 37 23
55 2 29 49 50 68 7 8 9 25 34 12 13 14 15 16 17 18 19 20 36 22 23
55 2 29 49 50 68 7 8 9 25 34 12 13 14 15 16 17 18 19 20 24 37 23
55 2 29 49 50 68 7 8 9 25 34 12 13 14 15 16 17 18 19 20 24 22 23
55 2 29 49 50 68 7 8 9 66 34 12 13 14 15 16 17 18 19 20 36 37 23
55 2 29 49 50 68 7 8 9 66 34 12 13 14 15 16 17 18 19 20 36 22 23
55 2 29 49 50 68 7 8 9 66 34 12 13 14 15 16 17 18 19 20 24 37 23
55 2 29 49 50 68 7 8 9 66 34 12 13 14 15 16 17 18 19 20 24 22 23
55 2 29 49 50 68 7 8 9 26 34 12 13 14 15 16 17 18 19 20 36 37 23
55 2 29 49 50 68 7 8 9 26 34 12 13 14 15 16 17 18 19 20 36 22 23
55 2 29 49 50 68 7 8 9 26 34 12 13 14 15 16 17 18 19 20 24 37 23
55 2 29 49 50 68 7 8 9 26 34 12 13 14 15 16 17 18 19 20 24 22 23
55 2 29 49 50 70 7 32 33 41 34 12 71 72 73 74 17 18 19 75 76 46 39
55 2 29 49 50 70 7 32 33 41 34 12 71 72 73 74 17 18 19 75 76 46 47
55 2 29 49 50 70 7 32 33 41 34 12 71 72 73 74 17 18 19 75 76 46 23
55 2 29 49 50 70 7 32 33 41 34 12 71 72 73 74 17 18 19 75 76 22 39
55 2 29 49 50 70 7 32 33 41 34 12 71 72 73 74 17 18 19 75 76 22 47
55 2 29 49 50 70 7 32 33 41 34 12 71 72 73 74 17 18 19 75 76 22 23
55 2 29 49 50 70 7 32 33 41 34 12 71 72 73 62 17 18 19 75 76 46 39
55 2 29 49 50 70 7 32 33 41 34 12 71 72 73 62 17 18 19 75 76 46 47
55 2 29 49 50 70 7 32 33 41 34 12 71 72 73 62 17 18 19 75 76 46 23
55 2 29 49 50 70 7 32 33 41 34 12 71 72 73 62 17 18 19 75 76 22 39
55 2 29 49 50 70 7 32 33 41 34 12 71 72 73 62 17 18 19 75 76 22 47
55 2 29 49 50 70 7 32 33 41 34 12 71 72 73 62 17 18 19 75 76 22 23
55 2 29 49 50 70 7 32 33 41 34 12 71 72 73 77 17 18 19 75 76 46 39
55 2 29 49 50 70 7 32 33 41 34 12 71 72 73 77 17 18 19 75 76 46 47
55 2 29 49 50 70 7 32 33 41 34 12 71 72 73 77 17 18 19 75 76 46 23
55 2 29 49 50 70 7 32 33 41 34 12 71 72 73 77 17 18 19 75 76 22 39
55 2 29 49 50 70 7 32 33 41 34 12 71 72 73 77 17 18 19 75 76 22 47
55 2 29 49 50 70 7 32 33 41 34 12 71 72 73 77 17 18 19 75 76 22 23
55 2 29 49 50 70 7 32 33 41 34 12 71 72 64 74 17 18 19 75 76 46 39
55 2 29 49 50 70 7 32 33 41 34 12 71 72 64 74 17 18 19 75 76 46 47
55 2 29 49 50 70 7 32 33 41 34 12 71 72 64 74 17 18 19 75 76 46 23
55 2 29 49 50 70 7 32 33 41 34 12 71 72 64 74 17 18 19 75 76 22 39
55 2 29 49 50 70 7 32 33 41 34 12 71 72 64 74 17 18 19 75 76 22 47
55 2 29 49 50 70 7 32 33 41 34 12 71 72 64 74 17 18 19 75 76 22 23
55 2 29 49 50 70 7 32 33 41 34 12 71 72 64 62 17 18 19 75 76 46 39
55 2 29 49 50 70 7 32 33 41 34 12 71 72 64 62 17 18 19 75 76 46 47
55 2 29 49 50 70 7 32 33 41 34 12 71 72 64 62 17 18 19 75 76 46 23
55 2 29 49 50 70 7 32 33 41 34 12 71 72 64 62 17 18 19 75 76 22 39
55 2 29 49 50 70 7 32 33 41 34 12 71 72 64 62 17 18 19 75 76 22 47
55 2 29 49 50 70 7 32 33 41 34 12 71 72 64 62 17 18 19 75 76 22 23
55 2 29 49 50 70 7 32 33 41 34 12 71 72 64 77 17 18 19 75 76 46 39
55 2 29 49 50 70 7 32 33 41 34 12 71 72 64 77 17 18 19 75 76 46 47
55 2 29 49 50 70 7 32 33 41 34 12 71 72 64 77 17 18 19 75 76 46 23
55 2 29 49 50 70 7 32 33 41 34 12 71 72 64 77 17 18 19 75 76 22 39
55 2 29 49 50 70 7 32 33 41 34 12 71 72 64 77 17 18 19 75 76 22 47
55 2 29 49 50 70 7 32 33 41 34 12 71 72 64 77 17 18 19 75 76 22 23
55 2 29 49 50 70 7 32 33 41 34 12 71 72 78 74 17 18 19 75 76 46 39
55 2 29 49 50 70 7 32 33 41 34 12 71 72 78 74 17 18 19 75 76 46 47
55 2 29 49 50 70 7 32 33 41 34 12 71 72 78 74 17 18 19 75 76 46 23
55 2 29 49 50 70 7 32 33 41 34 12 71 72 78 74 17 18 19 75 76 22 39
55 2 29 49 50 70 7 32 33 41 34 12 71 72 78 74 17 18 19 75 76 22 47
55 2 29 49 50 70 7 32 33 41 34 12 71 72 78 74 17 18 19 75 76 22 23
55 2 29 49 50 70 7 32 33 41 34 12 71 72 78 62 17 18 19 75 76 46 39
55 2 29 49 50 70 7 32 33 41 34 12 71 72 78 62 17 18 19 75 76 46 47
55 2 29 49 50 70 7 32 33 41 34 12 71 72 78 62 17 18 19 75 76 46 23
55 2 29 49 50 70 7 32 33 41 34 12 71 72 78 62 17 18 19 75 76 22 39
55 2 29 49 50 70 7 32 33 41 34 12 71 72 78 62 17 18 19 75 76 22 47
55 2 29 49 50 70 7 32 33 41 34 12 71 72 78 62 17 18 19 75 76 22 23
55 2 29 49 50 70 7 32 33 41 34 12 71 72 78 77 17 18 19 75 76 46 39
55 2 29 49 50 70 7 32 33 41 34 12 71 72 78 77 17 18 19 75 76 46 47
55 2 29 49 50 70 7 32 33 41 34 12 71 72 78 77 17 18 19 75 76 46 23
55 2 29 49 50 70 7 32 33 41 34 12 71 72 78 77 17 18 19 75 76 22 39
55 2 29 49 50 70 7 32 33 41 34 12 71 72 78 77 17 18 19 75 76 22 47
55 2 29 49 50 70 7 32 33 41 34 12 71 72 78 77 17 18 19 75 76 22 23
55 2 29 49 50 70 7 32 33 25 34 12 71 72 73 74 17 18 19 75 76 46 39
55 2 29 49 50 70 7 32 33 25 34 12 71 72 73 74 17 18 19 75 76 46 47
55 2 29 49 50 70 7 32 33 25 34 12 71 72 73 74 17 18 19 75 76 46 23
55 2 29 49 50 70 7 32 33 25 34 12 71 72 73 74 17 18 19 75 76 22 39
55 2 29 49 50 70 7 32 33 25 34 12 71 72 73 74 17 18 19 75 76 22 47
55 2 29 49 50 70 7 32 33 25 34 12 71 72 73 74 17 18 19 75 76 22 23
55 2 29 49 50 70 7 32 33 25 34 12 71 72 73 62 17 18 19 75 76 46 39
55 2 29 49 50 70 7 32 33 25 34 12 71 72 73 62 17 18 19 75 76 46 47
55 2 29 49 50 70 7 32 33 25 34 12 71 72 73 62 17 18 19 75 76 46 23
55 2 29 49 50 70 7 32 33 25 34 12 71 72 73 62 17 18 19 75 76 22 39
55 2 29 49 50 70 7 32 33 25 34 12 71 72 73 62 17 18 19 75 76 22 47
55 2 29 49 50 70 7 32 33 25 34 12 71 72 73 62 17 18 19 75 76 22 23
55 2 29 49 50 70 7 32 33 25 34 12 71 72 73 77 17 18 19 75 76 46 39
55 2 29 49 50 70 7 32 33 25 34 12 71 72 73 77 17 18 19 75 76 46 47
55 2 29 49 50 70 7 32 33 25 34 12 71 72 73 77 17 18 19 75 76 46 23
55 2 29 49 50 70 7 32 33 25 34 12 71 72 73 77 17 18 19 75 76 22 39
55 2 29 49 50 70 7 32 33 25 34 12 71 72 73 77 17 18 19 75 76 22 47
55 2 29 49 50 70 7 32 33 25 34 12 71 72 73 77 17 18 19 75 76 22 23
55 2 29 49 50 70 7 32 33 25 34 12 71 72 64 74 17 18 19 75 76 46 39
55 2 29 49 50 70 7 32 33 25 34 12 71 72 64 74 17 18 19 75 76 46 47
55 2 29 49 50 70 7 32 33 25 34 12 71 72 64 74 17 18 19 75 76 46 23
55 2 29 49 50 70 7 32 33 25 34 12 71 72 64 74 17 18 19 75 76 22 39
55 2 29 49 50 70 7 32 33 25 34 12 71 72 64 74 17 18 19 75 76 22 47
55 2 29 49 50 70 7 32 33 25 34 12 71 72 64 74 17 18 19 75 76 22 23
55 2 29 49 50 70 7 32 33 25 34 12 71 72 64 62 17 18 19 75 76 46 39
55 2 29 49 50 70 7 32 33 25 34 12 71 72 64 62 17 18 19 75 76 46 47
55 2 29 49 50 70 7 32 33 25 34 12 71 72 64 62 17 18 19 75 76 46 23
55 2 29 49 50 70 7 32 33 25 34 12 71 72 64 62 17 18 19 75 76 22 39
55 2 29 49 50 70 7 32 33 25 34 12 71 72 64 62 17 18 19 75 76 22 47
55 2 29 49 50 70 7 32 33 25 34 12 71 72 64 62 17 18 19 75 76 22 23
55 2 29 49 50 70 7 32 33 25 34 12 71 72 64 77 17 18 19 75 76 46 39
55 2 29 49 50 70 7 32 33 25 34 12 71 72 64 77 17 18 19 75 76 46 47
55 2 29 49 50 70 7 32 33 25 34 12 71 72 64 77 17 18 19 75 76 46 23
55 2 29 49 50 70 7 32 33 25 34 12 71 72 64 77 17 18 19 75 76 22 39
55 2 29 49 50 70 7 32 33 25 34 12 71 72 64 77 17 18 19 75 76 22 47
55 2 29 49 50 70 7 32 33 25 34 12 71 72 64 77 17 18 19 75 76 22 23
55 2 29 49 50 70 7 32 33 25 34 12 71 72 78 74 17 18 19 75 76 46 39
55 2 29 49 50 70 7 32 33 25 34 12 71 72 78 74 17 18 19 75 76 46 47
55 2 29 49 50 70 7 32 33 25 34 12 71 72 78 74 17 18 19 75 76 46 23
55 2 29 49 50 70 7 32 33 25 34 12 71 72 78 74 17 18 19 75 76 22 39
55 2 29 49 50 70 7 32 33 25 34 12 71 72 78 74 17 18 19 75 76 22 47
55 2 29 49 50 70 7 32 33 25 34 12 71 72 78 74 17 18 19 75 76 22 23
55 2 29 49 50 70 7 32 33 25 34 12 71 72 78 62 17 18 19 75 76 46 39
55 2 29 49 50 70 7 32 33 25 34 12 71 72 78 62 17 18 19 75 76 46 47
55 2 29 49 50 70 7 32 33 25 34 12 71 72 78 62 17 18 19 75 76 46 23
55 2 29 49 50 70 7 32 33 25 34 12 71 72 78 62 17 18 19 75 76 22 39
55 2 29 49 50 70 7 32 33 25 34 12 71 72 78 62 17 18 19 75 76 22 47
55 2 29 49 50 70 7 32 33 25 34 12 71 72 78 62 17 18 19 75 76 22 23
55 2 29 49 50 70 7 32 33 25 34 12 71 72 78 77 17 18 19 75 76 46 39
55 2 29 49 50 70 7 32 33 25 34 12 71 72 78 77 17 18 19 75 76 46 47
55 2 29 49 50 70 7 32 33 25 34 12 71 72 78 77 17 18 19 75 76 46 23
55 2 29 49 50 70 7 32 33 25 34 12 71 72 78 77 17 18 19 75 76 22 39
55 2 29 49 50 70 7 32 33 25 34 12 71 72 78 77 17 18 19 75 76 22 47
55 2 29 49 50 70 7 32 33 25 34 12 71 72 78 77 17 18 19 75 76 22 23
55 2 29 49 50 70 7 32 33 61 34 12 71 72 73 74 17 18 19 75 76 46 39
55 2 29 49 50 70 7 32 33 61 34 12 71 72 73 74 17 18 19 75 76 46 47
55 2 29 49 50 70 7 32 33 61 34 12 71 72 73 74 17 18 19 75 76 46 23
55 2 29 49 50 70 7 32 33 61 34 12 71 72 73 74 17 18 19 75 76 22 39
55 2 29 49 50 70 7 32 33 61 34 12 71 72 73 74 17 18 19 75 76 22 47
55 2 29 49 50 70 7 32 33 61 34 12 71 72 73 74 17 18 19 75 76 22 23
55 2 29 49 50 70 7 32 33 61 34 12 71 72 73 62 17 18 19 75 76 46 39
55 2 29 49 50 70 7 32 33 61 34 12 71 72 73 62 17 18 19 75 76 46 47
55 2 29 49 50 70 7 32 33 61 34 12 71 72 73 62 17 18 19 75 76 46 23
55 2 29 49 50 70 7 32 33 61 34 12 71 72 73 62 17 18 19 75 76 22 39
55 2 29 49 50 70 7 32 33 61 34 12 71 72 73 62 17 18 19 75 76 22 47
55 2 29 49 50 70 7 32 33 61 34 12 71 72 73 62 17 18 19 75 76 22 23
55 2 29 49 50 70 7 32 33 61 34 12 71 72 73 77 17 18 19 75 76 46 39
55 2 29 49 50 70 7 32 33 61 34 12 71 72 73 77 17 18 19 75 76 46 47
55 2 29 49 50 70 7 32 33 61 34 12 71 72 73 77 17 18 19 75 76 46 23
55 2 29 49 50 70 7 32 33 61 34 12 71 72 73 77 17 18 19 75 76 22 39
55 2 29 49 50 70 7 32 33 61 34 12 71 72 73 77 17 18 19 75 76 22 47
55 2 29 49 50 70 7 32 33 61 34 12 71 72 73 77 17 18 19 75 76 22 23
55 2 29 49 50 70 7 32 33 61 34 12 71 72 64 74 17 18 19 75 76 46 39
55 2 29 49 50 70 7 32 33 61 34 12 71 72 64 74 17 18 19 75 76 46 47
55 2 29 49 50 70 7 32 33 61 34 12 71 72 64 74 17 18 19 75 76 46 23
55 2 29 49 50 70 7 32 33 61 34 12 71 72 64 74 17 18 19 75 76 22 39
55 2 29 49 50 70 7 32 33 61 34 12 71 72 64 74 17 18 19 75 76 22 47
55 2 29 49 50 70 7 32 33 61 34 12 71 72 64 74 17 18 19 75 76 22 23
55 2 29 49 50 70 7 32 33 61 34 12 71 72 64 62 17 18 19 75 76 46 39
55 2 29 49 50 70 7 32 33 61 34 12 71 72 64 62 17 18 19 75 76 46 47
55 2 29 49 50 70 7 32 33 61 34 12 71 72 64 62 17 18 19 75 76 46 23
55 2 29 49 50 70 7 32 33 61 34 12 71 72 64 62 17 18 19 75 76 22 39
55 2 29 49 50 70 7 32 33 61 34 12 71 72 64 62 17 18 19 75 76 22 47
55 2 29 49 50 70 7 32 33 61 34 12 71 72 64 62 17 18 19 75 76 22 23
55 2 29 49 50 70 7 32 33 61 34 12 71 72 64 77 17 18 19 75 76 46 39
55 2 29 49 50 70 7 32 33 61 34 12 71 72 64 77 17 18 19 75 76 46 47
55 2 29 49 50 70 7 32 33 61 34 12 71 72 64 77 17 18 19 75 76 46 23
55 2 29 49 50 70 7 32 33 61 34 12 71 72 64 77 17 18 19 75 76 22 39
55 2 29 49 50 70 7 32 33 61 34 12 71 72 64 77 17 18 19 75 76 22 47
55 2 29 49 50 70 7 32 33 61 34 12 71 72 64 77 17 18 19 75 76 22 23
55 2 29 49 50 70 7 32 33 61 34 12 71 72 78 74 17 18 19 75 76 46 39
55 2 29 49 50 70 7 32 33 61 34 12 71 72 78 74 17 18 19 75 76 46 47
55 2 29 49 50 70 7 32 33 61 34 12 71 72 78 74 17 18 19 75 76 46 23
55 2 29 49 50 70 7 32 33 61 34 12 71 72 78 74 17 18 19 75 76 22 39
55 2 29 49 50 70 7 32 33 61 34 12 71 72 78 74 17 18 19 75 76 22 47
55 2 29 49 50 70 7 32 33 61 34 12 71 72 78 74 17 18 19 75 76 22 23
55 2 29 49 50 70 7 32 33 61 34 12 71 72 78 62 17 18 19 75 76 46 39
55 2 29 49 50 70 7 32 33 61 34 12 71 72 78 62 17 18 19 75 76 46 47
55 2 29 49 50 70 7 32 33 61 34 12 71 72 78 62 17 18 19 75 76 46 23
55 2 29 49 50 70 7 32 33 61 34 12 71 72 78 62 17 18 19 75 76 22 39
55 2 29 49 50 70 7 32 33 61 34 12 71 72 78 62 17 18 19 75 76 22 47
55 2 29 49 50 70 7 32 33 61 34 12 71 72 78 62 17 18 19 75 76 22 23
55 2 29 49 50 70 7 32 33 61 34 12 71 72 78 77 17 18 19 75 76 46 39
55 2 29 49 50 70 7 32 33 61 34 12 71 72 78 77 17 18 19 75 76 46 47
55 2 29 49 50 70 7 32 33 61 34 12 71 72 78 77 17 18 19 75 76 46 23
55 2 29 49 50 70 7 32 33 61 34 12 71 72 78 77 17 18 19 75 76 22 39
55 2 29 49 50 70 7 32 33 61 34 12 71 72 78 77 17 18 19 75 76 22 47
55 2 29 49 50 70 7 32 33 61 34 12 71 72 78 77 17 18 19 75 76 22 23
55 2 29 28 50 70 7 32 33 41 34 12 71 72 73 74 17 18 19 75 76 46 39
55 2 29 28 50 70 7 32 33 41 34 12 71 72 73 74 17 18 19 75 76 46 47
55 2 29 28 50 70 7 32 33 41 34 12 71 72 73 74 17 18 19 75 76 46 23
55 2 29 28 50 70 7 32 33 41 34 12 71 72 73 74 17 18 19 75 76 22 39
55 2 29 28 50 70 7 32 33 41 34 12 71 72 73 74 17 18 19 75 76 22 47
55 2 29 28 50 70 7 32 33 41 34 12 71 72 73 74 17 18 19 75 76 22 23
55 2 29 28 50 70 7 32 33 41 34 12 71 72 73 62 17 18 19 75 76 46 39
55 2 29 28 50 70 7 32 33 41 34 12 71 72 73 62 17 18 19 75 76 46 47
55 2 29 28 50 70 7 32 33 41 34 12 71 72 73 62 17 18 19 75 76 46 23
55 2 29 28 50 70 7 32 33 41 34 12 71 72 73 62 17 18 19 75 76 22 39
55 2 29 28 50 70 7 32 33 41 34 12 71 72 73 62 17 18 19 75 76 22 47
55 2 29 28 50 70 7 32 33 41 34 12 71 72 73 62 17 18 19 75 76 22 23
55 2 29 28 50 70 7 32 33 41 34 12 71 72 73 77 17 18 19 75 76 46 39
55 2 29 28 50 70 7 32 33 41 34 12 71 72 73 77 17 18 19 75 76 46 47
55 2 29 28 50 70 7 32 33 41 34 12 71 72 73 77 17 18 19 75 76 46 23
55 2 29 28 50 70 7 32 33 41 34 12 71 72 73 77 17 18 19 75 76 22 39
55 2 29 28 50 70 7 32 33 41 34 12 71 72 73 77 17 18 19 75 76 22 47
55 2 29 28 50 70 7 32 33 41 34 12 71 72 73 77 17 18 19 75 76 22 23
55 2 29 28 50 70 7 32 33 41 34 12 71 72 64 74 17 18 19 75 76 46 39
55 2 29 28 50 70 7 32 33 41 34 12 71 72 64 74 17 18 19 75 76 46 47
55 2 29 28 50 70 7 32 33 41 34 12 71 72 64 74 17 18 19 75 76 46 23
55 2 29 28 50 70 7 32 33 41 34 12 71 72 64 74 17 18 19 75 76 22 39
55 2 29 28 50 70 7 32 33 41 34 12 71 72 64 74 17 18 19 75 76 22 47
55 2 29 28 50 70 7 32 33 41 34 12 71 72 64 74 17 18 19 75 76 22 23
55 2 29 28 50 70 7 32 33 41 34 12 71 72 64 62 17 18 19 75 76 46 39
55 2 29 28 50 70 7 32 33 41 34 12 71 72 64 62 17 18 19 75 76 46 47
55 2 29 28 50 70 7 32 33 41 34 12 71 72 64 62 17 18 19 75 76 46 23
55 2 29 28 50 70 7 32 33 41 34 12 71 72 64 62 17 18 19 75 76 22 39
55 2 29 28 50 70 7 32 33 41 34 12 71 72 64 62 17 18 19 75 76 22 47
55 2 29 28 50 70 7 32 33 41 34 12 71 72 64 62 17 18 19 75 76 22 23
55 2 29 28 50 70 7 32 33 41 34 12 71 72 64 77 17 18 19 75 76 46 39
55 2 29 28 50 70 7 32 33 41 34 12 71 72 64 77 17 18 19 75 76 46 47
55 2 29 28 50 70 7 32 33 41 34 12 71 72 64 77 17 18 19 75 76 46 23
55 2 29 28 50 70 7 32 33 41 34 12 71 72 64 77 17 18 19 75 76 22 39
55 2 29 28 50 70 7 32 33 41 34 12 71 72 64 77 17 18 19 75 76 22 47
55 2 29 28 50 70 7 32 33 41 34 12 71 72 64 77 17 18 19 75 76 22 23
55 2 29 28 50 70 7 32 33 41 34 12 71 72 78 74 17 18 19 75 76 46 39
55 2 29 28 50 70 7 32 33 41 34 12 71 72 78 74 17 18 19 75 76 46 47
55 2 29 28 50 70 7 32 33 41 34 12 71 72 78 74 17 18 19 75 76 46 23
55 2 29 28 50 70 7 32 33 41 34 12 71 72 78 74 17 18 19 75 76 22 39
55 2 29 28 50 70 7 32 33 41 34 12 71 72 78 74 17 18 19 75 76 22 47
55 2 29 28 50 70 7 32 33 41 34 12 71 72 78 74 17 18 19 75 76 22 23
55 2 29 28 50 70 7 32 33 41 34 12 71 72 78 62 17 18 19 75 76 46 39
55 2 29 28 50 70 7 32 33 41 34 12 71 72 78 62 17 18 19 75 76 46 47
55 2 29 28 50 70 7 32 33 41 34 12 71 72 78 62 17 18 19 75 76 46 23
55 2 29 28 50 70 7 32 33 41 34 12 71 72 78 62 17 18 19 75 76 22 39
55 2 29 28 50 70 7 32 33 41 34 12 71 72 78 62 17 18 19 75 76 22 47
55 2 29 28 50 70 7 32 33 41 34 12 71 72 78 62 17 18 19 75 76 22 23
55 2 29 28 50 70 7 32 33 41 34 12 71 72 78 77 17 18 19 75 76 46 39
55 2 29 28 50 70 7 32 33 41 34 12 71 72 78 77 17 18 19 75 76 46 47
55 2 29 28 50 70 7 32 33 41 34 12 71 72 78 77 17 18 19 75 76 46 23
55 2 29 28 50 70 7 32 33 41 34 12 71 72 78 77 17 18 19 75 76 22 39
55 2 29 28 50 70 7 32 33 41 34 12 71 72 78 77 17 18 19 75 76 22 47
55 2 29 28 50 70 7 32 33 41 34 12 71 72 78 77 17 18 19 75 76 22 23
55 2 29 28 50 70 7 32 33 25 34 12 71 72 73 74 17 18 19 75 76 46 39
55 2 29 28 50 70 7 32 33 25 34 12 71 72 73 74 17 18 19 75 76 46 47
55 2 29 28 50 70 7 32 33 25 34 12 71 72 73 74 17 18 19 75 76 46 23
55 2 29 28 50 70 7 32 33 25 34 12 71 72 73 74 17 18 19 75 76 22 39
55 2 29 28 50 70 7 32 33 25 34 12 71 72 73 74 17 18 19 75 76 22 47
55 2 29 28 50 70 7 32 33 25 34 12 71 72 73 74 17 18 19 75 76 22 23
55 2 29 28 50 70 7 32 33 25 34 12 71 72 73 62 17 18 19 75 76 46 39
55 2 29 28 50 70 7 32 33 25 34 12 71 72 73 62 17 18 19 75 76 46 47
55 2 29 28 50 70 7 32 33 25 34 12 71 72 73 62 17 18 19 75 76 46 23
55 2 29 28 50 70 7 32 33 25 34 12 71 72 73 62 17 18 19 75 76 22 39
55 2 29 28 50 70 7 32 33 25 34 12 71 72 73 62 17 18 19 75 76 22 47
55 2 29 28 50 70 7 32 33 25 34 12 71 72 73 62 17 18 19 75 76 22 23
55 2 29 28 50 70 7 32 33 25 34 12 71 72 73 77 17 18 19 75 76 46 39
55 2 29 28 50 70 7 32 33 25 34 12 71 72 73 77 17 18 19 75 76 46 47
55 2 29 28 50 70 7 32 33 25 34 12 71 72 73 77 17 18 19 75 76 46 23
55 2 29 28 50 70 7 32 33 25 34 12 71 72 73 77 17 18 19 75 76 22 39
55 2 29 28 50 70 7 32 33 25 34 12 71 72 73 77 17 18 19 75 76 22 47
55 2 29 28 50 70 7 32 33 25 34 12 71 72 73 77 17 18 19 75 76 22 23
55 2 29 28 50 70 7 32 33 25 34 12 71 72 64 74 17 18 19 75 76 46 39
55 2 29 28 50 70 7 32 33 25 34 12 71 72 64 74 17 18 19 75 76 46 47
55 2 29 28 50 70 7 32 33 25 34 12 71 72 64 74 17 18 19 75 76 46 23
55 2 29 28 50 70 7 32 33 25 34 12 71 72 64 74 17 18 19 75 76 22 39
55 2 29 28 50 70 7 32 33 25 34 12 71 72 64 74 17 18 19 75 76 22 47
55 2 29 28 50 70 7 32 33 25 34 12 71 72 64 74 17 18 19 75 76 22 23
55 2 29 28 50 70 7 32 33 25 34 12 71 72 64 62 17 18 19 75 76 46 39
55 2 29 28 50 70 7 32 33 25 34 12 71 72 64 62 17 18 19 75 76 46 47
55 2 29 28 50 70 7 32 33 25 34 12 71 72 64 62 17 18 19 75 76 46 23
55 2 29 28 50 70 7 32 33 25 34 12 71 72 64 62 17 18 19 75 76 22 39
55 2 29 28 50 70 7 32 33 25 34 12 71 72 64 62 17 18 19 75 76 22 47
55 2 29 28 50 70 7 32 33 25 34 12 71 72 64 62 17 18 19 75 76 22 23
55 2 29 28 50 70 7 32 33 25 34 12 71 72 64 77 17 18 19 75 76 46 39
55 2 29 28 50 70 7 32 33 25 34 12 71 72 64 77 17 18 19 75 76 46 47
55 2 29 28 50 70 7 32 33 25 34 12 71 72 64 77 17 18 19 75 76 46 23
55 2 29 28 50 70 7 32 33 25 34 12 71 72 64 77 17 18 19 75 76 22 39
55 2 29 28 50 70 7 32 33 25 34 12 71 72 64 77 17 18 19 75 76 22 47
55 2 29 28 50 70 7 32 33 25 34 12 71 72 64 77 17 18 19 75 76 22 23
55 2 29 28 50 70 7 32 33 25 34 12 71 72 78 74 17 18 19 75 76 46 39
55 2 29 28 50 70 7 32 33 25 34 12 71 72 78 74 17 18 19 75 76 46 47
55 2 29 28 50 70 7 32 33 25 34 12 71 72 78 74 17 18 19 75 76 46 23
55 2 29 28 50 70 7 32 33 25 34 12 71 72 78 74 17 18 19 75 76 22 39
55 2 29 28 50 70 7 32 33 25 34 12 71 72 78 74 17 18 19 75 76 22 47
55 2 29 28 50 70 7 32 33 25 34 12 71 72 78 74 17 18 19 75 76 22 23
55 2 29 28 50 70 7 32 33 25 34 12 71 72 78 62 17 18 19 75 76 46 39
55 2 29 28 50 70 7 32 33 25 34 12 71 72 78 62 17 18 19 75 76 46 47
55 2 29 28 50 70 7 32 33 25 34 12 71 72 78 62 17 18 19 75 76 46 23
55 2 29 28 50 70 7 32 33 25 34 12 71 72 78 62 17 18 19 75 76 22 39
55 2 29 28 50 70 7 32 33 25 34 12 71 72 78 62 17 18 19 75 76 22 47
55 2 29 28 50 70 7 32 33 25 34 12 71 72 78 62 17 18 19 75 76 22 23
55 2 29 28 50 70 7 32 33 25 34 12 71 72 78 77 17 18 19 75 76 46 39
55 2 29 28 50 70 7 32 33 25 34 12 71 72 78 77 17 18 19 75 76 46 47
55 2 29 28 50 70 7 32 33 25 34 12 71 72 78 77 17 18 19 75 76 46 23
55 2 29 28 50 70 7 32 33 25 34 12 71 72 78 77 17 18 19 75 76 22 39
55 2 29 28 50 70 7 32 33 25 34 12 71 72 78 77 17 18 19 75 76 22 47
55 2 29 28 50 70 7 32 33 25 34 12 71 72 78 77 17 18 19 75 76 22 23
55 2 29 28 50 70 7 32 33 61 34 12 71 72 73 74 17 18 19 75 76 46 39
55 2 29 28 50 70 7 32 33 61 34 12 71 72 73 74 17 18 19 75 76 46 47
55 2 29 28 50 70 7 32 33 61 34 12 71 72 73 74 17 18 19 75 76 46 23
55 2 29 28 50 70 7 32 33 61 34 12 71 72 73 74 17 18 19 75 76 22 39
55 2 29 28 50 70 7 32 33 61 34 12 71 72 73 74 17 18 19 75 76 22 47
55 2 29 28 50 70 7 32 33 61 34 12 71 72 73 74 17 18 19 75 76 22 23
55 2 29 28 50 70 7 32 33 61 34 12 71 72 73 62 17 18 19 75 76 46 39
55 2 29 28 50 70 7 32 33 61 34 12 71 72 73 62 17 18 19 75 76 46 47
55 2 29 28 50 70 7 32 33 61 34 12 71 72 73 62 17 18 19 75 76 46 23
55 2 29 28 50 70 7 32 33 61 34 12 71 72 73 62 17 18 19 75 76 22 39
55 2 29 28 50 70 7 32 33 61 34 12 71 72 73 62 17 18 19 75 76 22 47
55 2 29 28 50 70 7 32 33 61 34 12 71 72 73 62 17 18 19 75 76 22 23
55 2 29 28 50 70 7 32 33 61 34 12 71 72 73 77 17 18 19 75 76 46 39
55 2 29 28 50 70 7 32 33 61 34 12 71 72 73 77 17 18 19 75 76 46 47
55 2 29 28 50 70 7 32 33 61 34 12 71 72 73 77 17 18 19 75 76 46 23
55 2 29 28 50 70 7 32 33 61 34 12 71 72 73 77 17 18 19 75 76 22 39
55 2 29 28 50 70 7 32 33 61 34 12 71 72 73 77 17 18 19 75 76 22 47
55 2 29 28 50 70 7 32 33 61 34 12 71 72 73 77 17 18 19 75 76 22 23
55 2 29 28 50 70 7 32 33 61 34 12 71 72 64 74 17 18 19 75 76 46 39
55 2 29 28 50 70 7 32 33 61 34 12 71 72 64 74 17 18 19 75 76 46 47
55 2 29 28 50 70 7 32 33 61 34 12 71 72 64 74 17 18 19 75 76 46 23
55 2 29 28 50 70 7 32 33 61 34 12 71 72 64 74 17 18 19 75 76 22 39
55 2 29 28 50 70 7 32 33 61 34 12 71 72 64 74 17 18 19 75 76 22 47
55 2 29 28 50 70 7 32 33 61 34 12 71 72 64 74 17 18 19 75 76 22 23
55 2 29 28 50 70 7 32 33 61 34 12 71 72 64 62 17 18 19 75 76 46 39
55 2 29 28 50 70 7 32 33 61 34 12 71 72 64 62 17 18 19 75 76 46 47
55 2 29 28 50 70 7 32 33 61 34 12 71 72 64 62 17 18 19 75 76 46 23
55 2 29 28 50 70 7 32 33 61 34 12 71 72 64 62 17 18 19 75 76 22 39
55 2 29 28 50 70 7 32 33 61 34 12 71 72 64 62 17 18 19 75 76 22 47
55 2 29 28 50 70 7 32 33 61 34 12 71 72 64 62 17 18 19 75 76 22 23
55 2 29 28 50 70 7 32 33 61 34 12 71 72 64 77 17 18 19 75 76 46 39
55 2 29 28 50 70 7 32 33 61 34 12 71 72 64 77 17 18 19 75 76 46 47
55 2 29 28 50 70 7 32 33 61 34 12 71 72 64 77 17 18 19 75 76 46 23
55 2 29 28 50 70 7 32 33 61 34 12 71 72 64 77 17 18 19 75 76 22 39
55 2 29 28 50 70 7 32 33 61 34 12 71 72 64 77 17 18 19 75 76 22 47
55 2 29 28 50 70 7 32 33 61 34 12 71 72 64 77 17 18 19 75 76 22 23
55 2 29 28 50 70 7 32 33 61 34 12 71 72 78 74 17 18 19 75 76 46 39
55 2 29 28 50 70 7 32 33 61 34 12 71 72 78 74 17 18 19 75 76 46 47
55 2 29 28 50 70 7 32 33 61 34 12 71 72 78 74 17 18 19 75 76 46 23
55 2 29 28 50 70 7 32 33 61 34 12 71 72 78 74 17 18 19 75 76 22 39
55 2 29 28 50 70 7 32 33 61 34 12 71 72 78 74 17 18 19 75 76 22 47
55 2 29 28 50 70 7 32 33 61 34 12 71 72 78 74 17 18 19 75 76 22 23
55 2 29 28 50 70 7 32 33 61 34 12 71 72 78 62 17 18 19 75 76 46 39
55 2 29 28 50 70 7 32 33 61 34 12 71 72 78 62 17 18 19 75 76 46 47
55 2 29 28 50 70 7 32 33 61 34 12 71 72 78 62 17 18 19 75 76 46 23
55 2 29 28 50 70 7 32 33 61 34 12 71 72 78 62 17 18 19 75 76 22 39
55 2 29 28 50 70 7 32 33 61 34 12 71 72 78 62 17 18 19 75 76 22 47
55 2 29 28 50 70 7 32 33 61 34 12 71 72 78 62 17 18 19 75 76 22 23
55 2 29 28 50 70 7 32 33 61 34 12 71 72 78 77 17 18 19 75 76 46 39
55 2 29 28 50 70 7 32 33 61 34 12 71 72 78 77 17 18 19 75 76 46 47
55 2 29 28 50 70 7 32 33 61 34 12 71 72 78 77 17 18 19 75 76 46 23
55 2 29 28 50 70 7 32 33 61 34 12 71 72 78 77 17 18 19 75 76 22 39
55 2 29 28 50 70 7 32 33 61 34 12 71 72 78 77 17 18 19 75 76 22 47
55 2 29 28 50 70 7 32 33 61 34 12 71 72 78 77 17 18 19 75 76 22 23
55 2 43 49 50 70 7 32 33 41 34 12 71 72 73 74 17 18 19 75 76 46 39
55 2 43 49 50 70 7 32 33 41 34 12 71 72 73 74 17 18 19 75 76 46 47
55 2 43 49 50 70 7 32 33 41 34 12 71 72 73 74 17 18 19 75 76 46 23
55 2 43 49 50 70 7 32 33 41 34 12 71 72 73 74 17 18 19 75 76 22 39
55 2 43 49 50 70 7 32 33 41 34 12 71 72 73 74 17 18 19 75 76 22 47
55 2 43 49 50 70 7 32 33 41 34 12 71 72 73 74 17 18 19 75 76 22 23
55 2 43 49 50 70 7 32 33 41 34 12 71 72 73 62 17 18 19 75 76 46 39
55 2 43 49 50 70 7 32 33 41 34 12 71 72 73 62 17 18 19 75 76 46 47
55 2 43 49 50 70 7 32 33 41 34 12 71 72 73 62 17 18 19 75 76 46 23
55 2 43 49 50 70 7 32 33 41 34 12 71 72 73 62 17 18 19 75 76 22 39
55 2 43 49 50 70 7 32 33 41 34 12 71 72 73 62 17 18 19 75 76 22 47
55 2 43 49 50 70 7 32 33 41 34 12 71 72 73 62 17 18 19 75 76 22 23
55 2 43 49 50 70 7 32 33 41 34 12 71 72 73 77 17 18 19 75 76 46 39
55 2 43 49 50 70 7 32 33 41 34 12 71 72 73 77 17 18 19 75 76 46 47
55 2 43 49 50 70 7 32 33 41 34 12 71 72 73 77 17 18 19 75 76 46 23
55 2 43 49 50 70 7 32 33 41 34 12 71 72 73 77 17 18 19 75 76 22 39
55 2 43 49 50 70 7 32 33 41 34 12 71 72 73 77 17 18 19 75 76 22 47
55 2 43 49 50 70 7 32 33 41 34 12 71 72 73 77 17 18 19 75 76 22 23
55 2 43 49 50 70 7 32 33 41 34 12 71 72 64 74 17 18 19 75 76 46 39
55 2 43 49 50 70 7 32 33 41 34 12 71 72 64 74 17 18 19 75 76 46 47
55 2 43 49 50 70 7 32 33 41 34 12 71 72 64 74 17 18 19 75 76 46 23
55 2 43 49 50 70 7 32 33 41 34 12 71 72 64 74 17 18 19 75 76 22 39
55 2 43 49 50 70 7 32 33 41 34 12 71 72 64 74 17 18 19 75 76 22 47
55 2 43 49 50 70 7 32 33 41 34 12 71 72 64 74 17 18 19 75 76 22 23
55 2 43 49 50 70 7 32 33 41 34 12 71 72 64 62 17 18 19 75 76 46 39
55 2 43 49 50 70 7 32 33 41 34 12 71 72 64 62 17 18 19 75 76 46 47
55 2 43 49 50 70 7 32 33 41 34 12 71 72 64 62 17 18 19 75 76 46 23
55 2 43 49 50 70 7 32 33 41 34 12 71 72 64 62 17 18 19 75 76 22 39
55 2 43 49 50 70 7 32 33 41 34 12 71 72 64 62 17 18 19 75 76 22 47
55 2 43 49 50 70 7 32 33 41 34 12 71 72 64 62 17 18 19 75 76 22 23
55 2 43 49 50 70 7 32 33 41 34 12 71 72 64 77 17 18 19 75 76 46 39
55 2 43 49 50 70 7 32 33 41 34 12 71 72 64 77 17 18 19 75 76 46 47
55 2 43 49 50 70 7 32 33 41 34 12 71 72 64 77 17 18 19 75 76 46 23
55 2 43 49 50 70 7 32 33 41 34 12 71 72 64 77 17 18 19 75 76 22 39
55 2 43 49 50 70 7 32 33 41 34 12 71 72 64 77 17 18 19 75 76 22 47
55 2 43 49 50 70 7 32 33 41 34 12 71 72 64 77 17 18 19 75 76 22 23
55 2 43 49 50 70 7 32 33 41 34 12 71 72 78 74 17 18 19 75 76 46 39
55 2 43 49 50 70 7 32 33 41 34 12 71 72 78 74 17 18 19 75 76 46 47
55 2 43 49 50 70 7 32 33 41 34 12 71 72 78 74 17 18 19 75 76 46 23
55 2 43 49 50 70 7 32 33 41 34 12 71 72 78 74 17 18 19 75 76 22 39
55 2 43 49 50 70 7 32 33 41 34 12 71 72 78 74 17 18 19 75 76 22 47
55 2 43 49 50 70 7 32 33 41 34 12 71 72 78 74 17 18 19 75 76 22 23
55 2 43 49 50 70 7 32 33 41 34 12 71 72 78 62 17 18 19 75 76 46 39
55 2 43 49 50 70 7 32 33 41 34 12 71 72 78 62 17 18 19 75 76 46 47
55 2 43 49 50 70 7 32 33 41 34 12 71 72 78 62 17 18 19 75 76 46 23
55 2 43 49 50 70 7 32 33 41 34 12 71 72 78 62 17 18 19 75 76 22 39
55 2 43 49 50 70 7 32 33 41 34 12 71 72 78 62 17 18 19 75 76 22 47
55 2 43 49 50 70 7 32 33 41 34 12 71 72 78 62 17 18 19 75 76 22 23
55 2 43 49 50 70 7 32 33 41 34 12 71 72 78 77 17 18 19 75 76 46 39
55 2 43 49 50 70 7 32 33 41 34 12 71 72 78 77 17 18 19 75 76 46 47
55 2 43 49 50 70 7 32 33 41 34 12 71 72 78 77 17 18 19 75 76 46 23
55 2 43 49 50 70 7 32 33 41 34 12 71 72 78 77 17 18 19 75 76 22 39
55 2 43 49 50 70 7 32 33 41 34 12 71 72 78 77 17 18 19 75 76 22 47
55 2 43 49 50 70 7 32 33 41 34 12 71 72 78 77 17 18 19 75 76 22 23
55 2 43 49 50 70 7 32 33 25 34 12 71 72 73 74 17 18 19 75 76 46 39
55 2 43 49 50 70 7 32 33 25 34 12 71 72 73 74 17 18 19 75 76 46 47
55 2 43 49 50 70 7 32 33 25 34 12 71 72 73 74 17 18 19 75 76 46 23
55 2 43 49 50 70 7 32 33 25 34 12 71 72 73 74 17 18 19 75 76 22 39
55 2 43 49 50 70 7 32 33 25 34 12 71 72 73 74 17 18 19 75 76 22 47
55 2 43 49 50 70 7 32 33 25 34 12 71 72 73 74 17 18 19 75 76 22 23
55 2 43 49 50 70 7 32 33 25 34 12 71 72 73 62 17 18 19 75 76 46 39
55 2 43 49 50 70 7 32 33 25 34 12 71 72 73 62 17 18 19 75 76 46 47
55 2 43 49 50 70 7 32 33 25 34 12 71 72 73 62 17 18 19 75 76 46 23
55 2 43 49 50 70 7 32 33 25 34 12 71 72 73 62 17 18 19 75 76 22 39
55 2 43 49 50 70 7 32 33 25 34 12 71 72 73 62 17 18 19 75 76 22 47
55 2 43 49 50 70 7 32 33 25 34 12 71 72 73 62 17 18 19 75 76 22 23
55 2 43 49 50 70 7 32 33 25 34 12 71 72 73 77 17 18 19 75 76 46 39
55 2 43 49 50 70 7 32 33 25 34 12 71 72 73 77 17 18 19 75 76 46 47
55 2 43 49 50 70 7 32 33 25 34 12 71 72 73 77 17 18 19 75 76 46 23
55 2 43 49 50 70 7 32 33 25 34 12 71 72 73 77 17 18 19 75 76 22 39
55 2 43 49 50 70 7 32 33 25 34 12 71 72 73 77 17 18 19 75 76 22 47
55 2 43 49 50 70 7 32 33 25 34 12 71 72 73 77 17 18 19 75 76 22 23
55 2 43 49 50 70 7 32 33 25 34 12 71 72 64 74 17 18 19 75 76 46 39
55 2 43 49 50 70 7 32 33 25 34 12 71 72 64 74 17 18 19 75 76 46 47
55 2 43 49 50 70 7 32 33 25 34 12 71 72 64 74 17 18 19 75 76 46 23
55 2 43 49 50 70 7 32 33 25 34 12 71 72 64 74 17 18 19 75 76 22 39
55 2 43 49 50 70 7 32 33 25 34 12 71 72 64 74 17 18 19 75 76 22 47
55 2 43 49 50 70 7 32 33 25 34 12 71 72 64 74 17 18 19 75 76 22 23
55 2 43 49 50 70 7 32 33 25 34 12 71 72 64 62 17 18 19 75 76 46 39
55 2 43 49 50 70 7 32 33 25 34 12 71 72 64 62 17 18 19 75 76 46 47
55 2 43 49 50 70 7 32 33 25 34 12 71 72 64 62 17 18 19 75 76 46 23
55 2 43 49 50 70 7 32 33 25 34 12 71 72 64 62 17 18 19 75 76 22 39
55 2 43 49 50 70 7 32 33 25 34 12 71 72 64 62 17 18 19 75 76 22 47
55 2 43 49 50 70 7 32 33 25 34 12 71 72 64 62 17 18 19 75 76 22 23
55 2 43 49 50 70 7 32 33 25 34 12 71 72 64 77 17 18 19 75 76 46 39
55 2 43 49 50 70 7 32 33 25 34 12 71 72 64 77 17 18 19 75 76 46 47
55 2 43 49 50 70 7 32 33 25 34 12 71 72 64 77 17 18 19 75 76 46 23
55 2 43 49 50 70 7 32 33 25 34 12 71 72 64 77 17 18 19 75 76 22 39
55 2 43 49 50 70 7 32 33 25 34 12 71 72 64 77 17 18 19 75 76 22 47
55 2 43 49 50 70 7 32 33 25 34 12 71 72 64 77 17 18 19 75 76 22 23
55 2 43 49 50 70 7 32 33 25 34 12 71 72 78 74 17 18 19 75 76 46 39
55 2 43 49 50 70 7 32 33 25 34 12 71 72 78 74 17 18 19 75 76 46 47
55 2 43 49 50 70 7 32 33 25 34 12 71 72 78 74 17 18 19 75 76 46 23
55 2 43 49 50 70 7 32 33 25 34 12 71 72 78 74 17 18 19 75 76 22 39
55 2 43 49 50 70 7 32 33 25 34 12 71 72 78 74 17 18 19 75 76 22 47
55 2 43 49 50 70 7 32 33 25 34 12 71 72 78 74 17 18 19 75 76 22 23
55 2 43 49 50 70 7 32 33 25 34 12 71 72 78 62 17 18 19 75 76 46 39
55 2 43 49 50 70 7 32 33 25 34 12 71 72 78 62 17 18 19 75 76 46 47
55 2 43 49 50 70 7 32 33 25 34 12 71 72 78 62 17 18 19 75 76 46 23
55 2 43 49 50 70 7 32 33 25 34 12 71 72 78 62 17 18 19 75 76 22 39
55 2 43 49 50 70 7 32 33 25 34 12 71 72 78 62 17 18 19 75 76 22 47
55 2 43 49 50 70 7 32 33 25 34 12 71 72 78 62 17 18 19 75 76 22 23
55 2 43 49 50 70 7 32 33 25 34 12 71 72 78 77 17 18 19 75 76 46 39
55 2 43 49 50 70 7 32 33 25 34 12 71 72 78 77 17 18 19 75 76 46 47
55 2 43 49 50 70 7 32 33 25 34 12 71 72 78 77 17 18 19 75 76 46 23
55 2 43 49 50 70 7 32 33 25 34 12 71 72 78 77 17 18 19 75 76 22 39
55 2 43 49 50 70 7 32 33 25 34 12 71 72 78 77 17 18 19 75 76 22 47
55 2 43 49 50 70 7 32 33 25 34 12 71 72 78 77 17 18 19 75 76 22 23
55 2 43 49 50 70 7 32 33 61 34 12 71 72 73 74 17 18 19 75 76 46 39
55 2 43 49 50 70 7 32 33 61 34 12 71 72 73 74 17 18 19 75 76 46 47
55 2 43 49 50 70 7 32 33 61 34 12 71 72 73 74 17 18 19 75 76 46 23
55 2 43 49 50 70 7 32 33 61 34 12 71 72 73 74 17 18 19 75 76 22 39
55 2 43 49 50 70 7 32 33 61 34 12 71 72 73 74 17 18 19 75 76 22 47
55 2 43 49 50 70 7 32 33 61 34 12 71 72 73 74 17 18 19 75 76 22 23
55 2 43 49 50 70 7 32 33 61 34 12 71 72 73 62 17 18 19 75 76 46 39
55 2 43 49 50 70 7 32 33 61 34 12 71 72 73 62 17 18 19 75 76 46 47
55 2 43 49 50 70 7 32 33 61 34 12 71 72 73 62 17 18 19 75 76 46 23
55 2 43 49 50 70 7 32 33 61 34 12 71 72 73 62 17 18 19 75 76 22 39
55 2 43 49 50 70 7 32 33 61 34 12 71 72 73 62 17 18 19 75 76 22 47
55 2 43 49 50 70 7 32 33 61 34 12 71 72 73 62 17 18 19 75 76 22 23
55 2 43 49 50 70 7 32 33 61 34 12 71 72 73 77 17 18 19 75 76 46 39
55 2 43 49 50 70 7 32 33 61 34 12 71 72 73 77 17 18 19 75 76 46 47
55 2 43 49 50 70 7 32 33 61 34 12 71 72 73 77 17 18 19 75 76 46 23
55 2 43 49 50 70 7 32 33 61 34 12 71 72 73 77 17 18 19 75 76 22 39
55 2 43 49 50 70 7 32 33 61 34 12 71 72 73 77 17 18 19 75 76 22 47
55 2 43 49 50 70 7 32 33 61 34 12 71 72 73 77 17 18 19 75 76 22 23
55 2 43 49 50 70 7 32 33 61 34 12 71 72 64 74 17 18 19 75 76 46 39
55 2 43 49 50 70 7 32 33 61 34 12 71 72 64 74 17 18 19 75 76 46 47
55 2 43 49 50 70 7 32 33 61 34 12 71 72 64 74 17 18 19 75 76 46 23
55 2 43 49 50 70 7 32 33 61 34 12 71 72 64 74 17 18 19 75 76 22 39
55 2 43 49 50 70 7 32 33 61 34 12 71 72 64 74 17 18 19 75 76 22 47
55 2 43 49 50 70 7 32 33 61 34 12 71 72 64 74 17 18 19 75 76 22 23
55 2 43 49 50 70 7 32 33 61 34 12 71 72 64 62 17 18 19 75 76 46 39
55 2 43 49 50 70 7 32 33 61 34 12 71 72 64 62 17 18 19 75 76 46 47
55 2 43 49 50 70 7 32 33 61 34 12 71 72 64 62 17 18 19 75 76 46 23
55 2 43 49 50 70 7 32 33 61 34 12 71 72 64 62 17 18 19 75 76 22 39
55 2 43 49 50 70 7 32 33 61 34 12 71 72 64 62 17 18 19 75 76 22 47
55 2 43 49 50 70 7 32 33 61 34 12 71 72 64 62 17 18 19 75 76 22 23
55 2 43 49 50 70 7 32 33 61 34 12 71 72 64 77 17 18 19 75 76 46 39
55 2 43 49 50 70 7 32 33 61 34 12 71 72 64 77 17 18 19 75 76 46 47
55 2 43 49 50 70 7 32 33 61 34 12 71 72 64 77 17 18 19 75 76 46 23
55 2 43 49 50 70 7 32 33 61 34 12 71 72 64 77 17 18 19 75 76 22 39
55 2 43 49 50 70 7 32 33 61 34 12 71 72 64 77 17 18 19 75 76 22 47
55 2 43 49 50 70 7 32 33 61 34 12 71 72 64 77 17 18 19 75 76 22 23
55 2 43 49 50 70 7 32 33 61 34 12 71 72 78 74 17 18 19 75 76 46 39
55 2 43 49 50 70 7 32 33 61 34 12 71 72 78 74 17 18 19 75 76 46 47
55 2 43 49 50 70 7 32 33 61 34 12 71 72 78 74 17 18 19 75 76 46 23
55 2 43 49 50 70 7 32 33 61 34 12 71 72 78 74 17 18 19 75 76 22 39
55 2 43 49 50 70 7 32 33 61 34 12 71 72 78 74 17 18 19 75 76 22 47
55 2 43 49 50 70 7 32 33 61 34 12 71 72 78 74 17 18 19 75 76 22 23
55 2 43 49 50 70 7 32 33 61 34 12 71 72 78 62 17 18 19 75 76 46 39
55 2 43 49 50 70 7 32 33 61 34 12 71 72 78 62 17 18 19 75 76 46 47
55 2 43 49 50 70 7 32 33 61 34 12 71 72 78 62 17 18 19 75 76 46 23
55 2 43 49 50 70 7 32 33 61 34 12 71 72 78 62 17 18 19 75 76 22 39
55 2 43 49 50 70 7 32 33 61 34 12 71 72 78 62 17 18 19 75 76 22 47
55 2 43 49 50 70 7 32 33 61 34 12 71 72 78 62 17 18 19 75 76 22 23
55 2 43 49 50 70 7 32 33 61 34 12 71 72 78 77 17 18 19 75 76 46 39
55 2 43 49 50 70 7 32 33 61 34 12 71 72 78 77 17 18 19 75 76 46 47
55 2 43 49 50 70 7 32 33 61 34 12 71 72 78 77 17 18 19 75 76 46 23
55 2 43 49 50 70 7 32 33 61 34 12 71 72 78 77 17 18 19 75 76 22 39
55 2 43 49 50 70 7 32 33 61 34 12 71 72 78 77 17 18 19 75 76 22 47
55 2 43 49 50 70 7 32 33 61 34 12 71 72 78 77 17 18 19 75 76 22 23
55 2 43 28 50 70 7 32 33 41 34 12 71 72 73 74 17 18 19 75 76 46 39
55 2 43 28 50 70 7 32 33 41 34 12 71 72 73 74 17 18 19 75 76 46 47
55 2 43 28 50 70 7 32 33 41 34 12 71 72 73 74 17 18 19 75 76 46 23
55 2 43 28 50 70 7 32 33 41 34 12 71 72 73 74 17 18 19 75 76 22 39
55 2 43 28 50 70 7 32 33 41 34 12 71 72 73 74 17 18 19 75 76 22 47
55 2 43 28 50 70 7 32 33 41 34 12 71 72 73 74 17 18 19 75 76 22 23
55 2 43 28 50 70 7 32 33 41 34 12 71 72 73 62 17 18 19 75 76 46 39
55 2 43 28 50 70 7 32 33 41 34 12 71 72 73 62 17 18 19 75 76 46 47
55 2 43 28 50 70 7 32 33 41 34 12 71 72 73 62 17 18 19 75 76 46 23
55 2 43 28 50 70 7 32 33 41 34 12 71 72 73 62 17 18 19 75 76 22 39
55 2 43 28 50 70 7 32 33 41 34 12 71 72 73 62 17 18 19 75 76 22 47
55 2 43 28 50 70 7 32 33 41 34 12 71 72 73 62 17 18 19 75 76 22 23
55 2 43 28 50 70 7 32 33 41 34 12 71 72 73 77 17 18 19 75 76 46 39
55 2 43 28 50 70 7 32 33 41 34 12 71 72 73 77 17 18 19 75 76 46 47
55 2 43 28 50 70 7 32 33 41 34 12 71 72 73 77 17 18 19 75 76 46 23
55 2 43 28 50 70 7 32 33 41 34 12 71 72 73 77 17 18 19 75 76 22 39
55 2 43 28 50 70 7 32 33 41 34 12 71 72 73 77 17 18 19 75 76 22 47
55 2 43 28 50 70 7 32 33 41 34 12 71 72 73 77 17 18 19 75 76 22 23
55 2 43 28 50 70 7 32 33 41 34 12 71 72 64 74 17 18 19 75 76 46 39
55 2 43 28 50 70 7 32 33 41 34 12 71 72 64 74 17 18 19 75 76 46 47
55 2 43 28 50 70 7 32 33 41 34 12 71 72 64 74 17 18 19 75 76 46 23
55 2 43 28 50 70 7 32 33 41 34 12 71 72 64 74 17 18 19 75 76 22 39
55 2 43 28 50 70 7 32 33 41 34 12 71 72 64 74 17 18 19 75 76 22 47
55 2 43 28 50 70 7 32 33 41 34 12 71 72 64 74 17 18 19 75 76 22 23
55 2 43 28 50 70 7 32 33 41 34 12 71 72 64 62 17 18 19 75 76 46 39
55 2 43 28 50 70 7 32 33 41 34 12 71 72 64 62 17 18 19 75 76 46 47
55 2 43 28 50 70 7 32 33 41 34 12 71 72 64 62 17 18 19 75 76 46 23
55 2 43 28 50 70 7 32 33 41 34 12 71 72 64 62 17 18 19 75 76 22 39
55 2 43 28 50 70 7 32 33 41 34 12 71 72 64 62 17 18 19 75 76 22 47
55 2 43 28 50 70 7 32 33 41 34 12 71 72 64 62 17 18 19 75 76 22 23
55 2 43 28 50 70 7 32 33 41 34 12 71 72 64 77 17 18 19 75 76 46 39
55 2 43 28 50 70 7 32 33 41 34 12 71 72 64 77 17 18 19 75 76 46 47
55 2 43 28 50 70 7 32 33 41 34 12 71 72 64 77 17 18 19 75 76 46 23
55 2 43 28 50 70 7 32 33 41 34 12 71 72 64 77 17 18 19 75 76 22 39
55 2 43 28 50 70 7 32 33 41 34 12 71 72 64 77 17 18 19 75 76 22 47
55 2 43 28 50 70 7 32 33 41 34 12 71 72 64 77 17 18 19 75 76 22 23
55 2 43 28 50 70 7 32 33 41 34 12 71 72 78 74 17 18 19 75 76 46 39
55 2 43 28 50 70 7 32 33 41 34 12 71 72 78 74 17 18 19 75 76 46 47
55 2 43 28 50 70 7 32 33 41 34 12 71 72 78 74 17 18 19 75 76 46 23
55 2 43 28 50 70 7 32 33 41 34 12 71 72 78 74 17 18 19 75 76 22 39
55 2 43 28 50 70 7 32 33 41 34 12 71 72 78 74 17 18 19 75 76 22 47
55 2 43 28 50 70 7 32 33 41 34 12 71 72 78 74 17 18 19 75 76 22 23
55 2 43 28 50 70 7 32 33 41 34 12 71 72 78 62 17 18 19 75 76 46 39
55 2 43 28 50 70 7 32 33 41 34 12 71 72 78 62 17 18 19 75 76 46 47
55 2 43 28 50 70 7 32 33 41 34 12 71 72 78 62 17 18 19 75 76 46 23
55 2 43 28 50 70 7 32 33 41 34 12 71 72 78 62 17 18 19 75 76 22 39
55 2 43 28 50 70 7 32 33 41 34 12 71 72 78 62 17 18 19 75 76 22 47
55 2 43 28 50 70 7 32 33 41 34 12 71 72 78 62 17 18 19 75 76 22 23
55 2 43 28 50 70 7 32 33 41 34 12 71 72 78 77 17 18 19 75 76 46 39
55 2 43 28 50 70 7 32 33 41 34 12 71 72 78 77 17 18 19 75 76 46 47
55 2 43 28 50 70 7 32 33 41 34 12 71 72 78 77 17 18 19 75 76 46 23
55 2 43 28 50 70 7 32 33 41 34 12 71 72 78 77 17 18 19 75 76 22 39
55 2 43 28 50 70 7 32 33 41 34 12 71 72 78 77 17 18 19 75 76 22 47
55 2 43 28 50 70 7 32 33 41 34 12 71 72 78 77 17 18 19 75 76 22 23
55 2 43 28 50 70 7 32 33 25 34 12 71 72 73 74 17 18 19 75 76 46 39
55 2 43 28 50 70 7 32 33 25 34 12 71 72 73 74 17 18 19 75 76 46 47
55 2 43 28 50 70 7 32 33 25 34 12 71 72 73 74 17 18 19 75 76 46 23
55 2 43 28 50 70 7 32 33 25 34 12 71 72 73 74 17 18 19 75 76 22 39
55 2 43 28 50 70 7 32 33 25 34 12 71 72 73 74 17 18 19 75 76 22 47
55 2 43 28 50 70 7 32 33 25 34 12 71 72 73 74 17 18 19 75 76 22 23
55 2 43 28 50 70 7 32 33 25 34 12 71 72 73 62 17 18 19 75 76 46 39
55 2 43 28 50 70 7 32 33 25 34 12 71 72 73 62 17 18 19 75 76 46 47
55 2 43 28 50 70 7 32 33 25 34 12 71 72 73 62 17 18 19 75 76 46 23
55 2 43 28 50 70 7 32 33 25 34 12 71 72 73 62 17 18 19 75 76 22 39
55 2 43 28 50 70 7 32 33 25 34 12 71 72 73 62 17 18 19 75 76 22 47
55 2 43 28 50 70 7 32 33 25 34 12 71 72 73 62 17 18 19 75 76 22 23
55 2 43 28 50 70 7 32 33 25 34 12 71 72 73 77 17 18 19 75 76 46 39
55 2 43 28 50 70 7 32 33 25 34 12 71 72 73 77 17 18 19 75 76 46 47
55 2 43 28 50 70 7 32 33 25 34 12 71 72 73 77 17 18 19 75 76 46 23
55 2 43 28 50 70 7 32 33 25 34 12 71 72 73 77 17 18 19 75 76 22 39
55 2 43 28 50 70 7 32 33 25 34 12 71 72 73 77 17 18 19 75 76 22 47
55 2 43 28 50 70 7 32 33 25 34 12 71 72 73 77 17 18 19 75 76 22 23
55 2 43 28 50 70 7 32 33 25 34 12 71 72 64 74 17 18 19 75 76 46 39
55 2 43 28 50 70 7 32 33 25 34 12 71 72 64 74 17 18 19 75 76 46 47
55 2 43 28 50 70 7 32 33 25 34 12 71 72 64 74 17 18 19 75 76 46 23
55 2 43 28 50 70 7 32 33 25 34 12 71 72 64 74 17 18 19 75 76 22 39
55 2 43 28 50 70 7 32 33 25 34 12 71 72 64 74 17 18 19 75 76 22 47
55 2 43 28 50 70 7 32 33 25 34 12 71 72 64 74 17 18 19 75 76 22 23
55 2 43 28 50 70 7 32 33 25 34 12 71 72 64 62 17 18 19 75 76 46 39
55 2 43 28 50 70 7 32 33 25 34 12 71 72 64 62 17 18 19 75 76 46 47
55 2 43 28 50 70 7 32 33 25 34 12 71 72 64 62 17 18 19 75 76 46 23
55 2 43 28 50 70 7 32 33 25 34 12 71 72 64 62 17 18 19 75 76 22 39
55 2 43 28 50 70 7 32 33 25 34 12 71 72 64 62 17 18 19 75 76 22 47
55 2 43 28 50 70 7 32 33 25 34 12 71 72 64 62 17 18 19 75 76 22 23
55 2 43 28 50 70 7 32 33 25 34 12 71 72 64 77 17 18 19 75 76 46 39
55 2 43 28 50 70 7 32 33 25 34 12 71 72 64 77 17 18 19 75 76 46 47
55 2 43 28 50 70 7 32 33 25 34 12 71 72 64 77 17 18 19 75 76 46 23
55 2 43 28 50 70 7 32 33 25 34 12 71 72 64 77 17 18 19 75 76 22 39
55 2 43 28 50 70 7 32 33 25 34 12 71 72 64 77 17 18 19 75 76 22 47
55 2 43 28 50 70 7 32 33 25 34 12 71 72 64 77 17 18 19 75 76 22 23
55 2 43 28 50 70 7 32 33 25 34 12 71 72 78 74 17 18 19 75 76 46 39
55 2 43 28 50 70 7 32 33 25 34 12 71 72 78 74 17 18 19 75 76 46 47
55 2 43 28 50 70 7 32 33 25 34 12 71 72 78 74 17 18 19 75 76 46 23
55 2 43 28 50 70 7 32 33 25 34 12 71 72 78 74 17 18 19 75 76 22 39
55 2 43 28 50 70 7 32 33 25 34 12 71 72 78 74 17 18 19 75 76 22 47
55 2 43 28 50 70 7 32 33 25 34 12 71 72 78 74 17 18 19 75 76 22 23
55 2 43 28 50 70 7 32 33 25 34 12 71 72 78 62 17 18 19 75 76 46 39
55 2 43 28 50 70 7 32 33 25 34 12 71 72 78 62 17 18 19 75 76 46 47
55 2 43 28 50 70 7 32 33 25 34 12 71 72 78 62 17 18 19 75 76 46 23
55 2 43 28 50 70 7 32 33 25 34 12 71 72 78 62 17 18 19 75 76 22 39
55 2 43 28 50 70 7 32 33 25 34 12 71 72 78 62 17 18 19 75 76 22 47
55 2 43 28 50 70 7 32 33 25 34 12 71 72 78 62 17 18 19 75 76 22 23
55 2 43 28 50 70 7 32 33 25 34 12 71 72 78 77 17 18 19 75 76 46 39
55 2 43 28 50 70 7 32 33 25 34 12 71 72 78 77 17 18 19 75 76 46 47
55 2 43 28 50 70 7 32 33 25 34 12 71 72 78 77 17 18 19 75 76 46 23
55 2 43 28 50 70 7 32 33 25 34 12 71 72 78 77 17 18 19 75 76 22 39
55 2 43 28 50 70 7 32 33 25 34 12 71 72 78 77 17 18 19 75 76 22 47
55 2 43 28 50 70 7 32 33 25 34 12 71 72 78 77 17 18 19 75 76 22 23
55 2 43 28 50 70 7 32 33 61 34 12 71 72 73 74 17 18 19 75 76 46 39
55 2 43 28 50 70 7 32 33 61 34 12 71 72 73 74 17 18 19 75 76 46 47
55 2 43 28 50 70 7 32 33 61 34 12 71 72 73 74 17 18 19 75 76 46 23
55 2 43 28 50 70 7 32 33 61 34 12 71 72 73 74 17 18 19 75 76 22 39
55 2 43 28 50 70 7 32 33 61 34 12 71 72 73 74 17 18 19 75 76 22 47
55 2 43 28 50 70 7 32 33 61 34 12 71 72 73 74 17 18 19 75 76 22 23
55 2 43 28 50 70 7 32 33 61 34 12 71 72 73 62 17 18 19 75 76 46 39
55 2 43 28 50 70 7 32 33 61 34 12 71 72 73 62 17 18 19 75 76 46 47
55 2 43 28 50 70 7 32 33 61 34 12 71 72 73 62 17 18 19 75 76 46 23
55 2 43 28 50 70 7 32 33 61 34 12 71 72 73 62 17 18 19 75 76 22 39
55 2 43 28 50 70 7 32 33 61 34 12 71 72 73 62 17 18 19 75 76 22 47
55 2 43 28 50 70 7 32 33 61 34 12 71 72 73 62 17 18 19 75 76 22 23
55 2 43 28 50 70 7 32 33 61 34 12 71 72 73 77 17 18 19 75 76 46 39
55 2 43 28 50 70 7 32 33 61 34 12 71 72 73 77 17 18 19 75 76 46 47
55 2 43 28 50 70 7 32 33 61 34 12 71 72 73 77 17 18 19 75 76 46 23
55 2 43 28 50 70 7 32 33 61 34 12 71 72 73 77 17 18 19 75 76 22 39
55 2 43 28 50 70 7 32 33 61 34 12 71 72 73 77 17 18 19 75 76 22 47
55 2 43 28 50 70 7 32 33 61 34 12 71 72 73 77 17 18 19 75 76 22 23
55 2 43 28 50 70 7 32 33 61 34 12 71 72 64 74 17 18 19 75 76 46 39
55 2 43 28 50 70 7 32 33 61 34 12 71 72 64 74 17 18 19 75 76 46 47
55 2 43 28 50 70 7 32 33 61 34 12 71 72 64 74 17 18 19 75 76 46 23
55 2 43 28 50 70 7 32 33 61 34 12 71 72 64 74 17 18 19 75 76 22 39
55 2 43 28 50 70 7 32 33 61 34 12 71 72 64 74 17 18 19 75 76 22 47
55 2 43 28 50 70 7 32 33 61 34 12 71 72 64 74 17 18 19 75 76 22 23
55 2 43 28 50 70 7 32 33 61 34 12 71 72 64 62 17 18 19 75 76 46 39
55 2 43 28 50 70 7 32 33 61 34 12 71 72 64 62 17 18 19 75 76 46 47
55 2 43 28 50 70 7 32 33 61 34 12 71 72 64 62 17 18 19 75 76 46 23
55 2 43 28 50 70 7 32 33 61 34 12 71 72 64 62 17 18 19 75 76 22 39
55 2 43 28 50 70 7 32 33 61 34 12 71 72 64 62 17 18 19 75 76 22 47
55 2 43 28 50 70 7 32 33 61 34 12 71 72 64 62 17 18 19 75 76 22 23
55 2 43 28 50 70 7 32 33 61 34 12 71 72 64 77 17 18 19 75 76 46 39
55 2 43 28 50 70 7 32 33 61 34 12 71 72 64 77 17 18 19 75 76 46 47
55 2 43 28 50 70 7 32 33 61 34 12 71 72 64 77 17 18 19 75 76 46 23
55 2 43 28 50 70 7 32 33 61 34 12 71 72 64 77 17 18 19 75 76 22 39
55 2 43 28 50 70 7 32 33 61 34 12 71 72 64 77 17 18 19 75 76 22 47
55 2 43 28 50 70 7 32 33 61 34 12 71 72 64 77 17 18 19 75 76 22 23
55 2 43 28 50 70 7 32 33 61 34 12 71 72 78 74 17 18 19 75 76 46 39
55 2 43 28 50 70 7 32 33 61 34 12 71 72 78 74 17 18 19 75 76 46 47
55 2 43 28 50 70 7 32 33 61 34 12 71 72 78 74 17 18 19 75 76 46 23
55 2 43 28 50 70 7 32 33 61 34 12 71 72 78 74 17 18 19 75 76 22 39
55 2 43 28 50 70 7 32 33 61 34 12 71 72 78 74 17 18 19 75 76 22 47
55 2 43 28 50 70 7 32 33 61 34 12 71 72 78 74 17 18 19 75 76 22 23
55 2 43 28 50 70 7 32 33 61 34 12 71 72 78 62 17 18 19 75 76 46 39
55 2 43 28 50 70 7 32 33 61 34 12 71 72 78 62 17 18 19 75 76 46 47
55 2 43 28 50 70 7 32 33 61 34 12 71 72 78 62 17 18 19 75 76 46 23
55 2 43 28 50 70 7 32 33 61 34 12 71 72 78 62 17 18 19 75 76 22 39
55 2 43 28 50 70 7 32 33 61 34 12 71 72 78 62 17 18 19 75 76 22 47
55 2 43 28 50 70 7 32 33 61 34 12 71 72 78 62 17 18 19 75 76 22 23
55 2 43 28 50 70 7 32 33 61 34 12 71 72 78 77 17 18 19 75 76 46 39
55 2 43 28 50 70 7 32 33 61 34 12 71 72 78 77 17 18 19 75 76 46 47
55 2 43 28 50 70 7 32 33 61 34 12 71 72 78 77 17 18 19 75 76 46 23
55 2 43 28 50 70 7 32 33 61 34 12 71 72 78 77 17 18 19 75 76 22 39
55 2 43 28 50 70 7 32 33 61 34 12 71 72 78 77 17 18 19 75 76 22 47
55 2 43 28 50 70 7 32 33 61 34 12 71 72 78 77 17 18 19 75 76 22 23
55 30 29 49 50 70 7 32 33 41 34 12 71 72 73 74 17 18 19 75 76 46 39
55 30 29 49 50 70 7 32 33 41 34 12 71 72 73 74 17 18 19 75 76 46 47
55 30 29 49 50 70 7 32 33 41 34 12 71 72 73 74 17 18 19 75 76 46 23
55 30 29 49 50 70 7 32 33 41 34 12 71 72 73 74 17 18 19 75 76 22 39
55 30 29 49 50 70 7 32 33 41 34 12 71 72 73 74 17 18 19 75 76 22 47
55 30 29 49 50 70 7 32 33 41 34 12 71 72 73 74 17 18 19 75 76 22 23
55 30 29 49 50 70 7 32 33 41 34 12 71 72 73 62 17 18 19 75 76 46 39
55 30 29 49 50 70 7 32 33 41 34 12 71 72 73 62 17 18 19 75 76 46 47
55 30 29 49 50 70 7 32 33 41 34 12 71 72 73 62 17 18 19 75 76 46 23
55 30 29 49 50 70 7 32 33 41 34 12 71 72 73 62 17 18 19 75 76 22 39
55 30 29 49 50 70 7 32 33 41 34 12 71 72 73 62 17 18 19 75 76 22 47
55 30 29 49 50 70 7 32 33 41 34 12 71 72 73 62 17 18 19 75 76 22 23
55 30 29 49 50 70 7 32 33 41 34 12 71 72 73 77 17 18 19 75 76 46 39
55 30 29 49 50 70 7 32 33 41 34 12 71 72 73 77 17 18 19 75 76 46 47
55 30 29 49 50 70 7 32 33 41 34 12 71 72 73 77 17 18 19 75 76 46 23
55 30 29 49 50 70 7 32 33 41 34 12 71 72 73 77 17 18 19 75 76 22 39
55 30 29 49 50 70 7 32 33 41 34 12 71 72 73 77 17 18 19 75 76 22 47
55 30 29 49 50 70 7 32 33 41 34 12 71 72 73 77 17 18 19 75 76 22 23
55 30 29 49 50 70 7 32 33 41 34 12 71 72 64 74 17 18 19 75 76 46 39
55 30 29 49 50 70 7 32 33 41 34 12 71 72 64 74 17 18 19 75 76 46 47
55 30 29 49 50 70 7 32 33 41 34 12 71 72 64 74 17 18 19 75 76 46 23
55 30 29 49 50 70 7 32 33 41 34 12 71 72 64 74 17 18 19 75 76 22 39
55 30 29 49 50 70 7 32 33 41 34 12 71 72 64 74 17 18 19 75 76 22 47
55 30 29 49 50 70 7 32 33 41 34 12 71 72 64 74 17 18 19 75 76 22 23
55 30 29 49 50 70 7 32 33 41 34 12 71 72 64 62 17 18 19 75 76 46 39
55 30 29 49 50 70 7 32 33 41 34 12 71 72 64 62 17 18 19 75 76 46 47
55 30 29 49 50 70 7 32 33 41 34 12 71 72 64 62 17 18 19 75 76 46 23
55 30 29 49 50 70 7 32 33 41 34 12 71 72 64 62 17 18 19 75 76 22 39
55 30 29 49 50 70 7 32 33 41 34 12 71 72 64 62 17 18 19 75 76 22 47
55 30 29 49 50 70 7 32 33 41 34 12 71 72 64 62 17 18 19 75 76 22 23
55 30 29 49 50 70 7 32 33 41 34 12 71 72 64 77 17 18 19 75 76 46 39
55 30 29 49 50 70 7 32 33 41 34 12 71 72 64 77 17 18 19 75 76 46 47
55 30 29 49 50 70 7 32 33 41 34 12 71 72 64 77 17 18 19 75 76 46 23
55 30 29 49 50 70 7 32 33 41 34 12 71 72 64 77 17 18 19 75 76 22 39
55 30 29 49 50 70 7 32 33 41 34 12 71 72 64 77 17 18 19 75 76 22 47
55 30 29 49 50 70 7 32 33 41 34 12 71 72 64 77 17 18 19 75 76 22 23
55 30 29 49 50 70 7 32 33 41 34 12 71 72 78 74 17 18 19 75 76 46 39
55 30 29 49 50 70 7 32 33 41 34 12 71 72 78 74 17 18 19 75 76 46 47
55 30 29 49 50 70 7 32 33 41 34 12 71 72 78 74 17 18 19 75 76 46 23
55 30 29 49 50 70 7 32 33 41 34 12 71 72 78 74 17 18 19 75 76 22 39
55 30 29 49 50 70 7 32 33 41 34 12 71 72 78 74 17 18 19 75 76 22 47
55 30 29 49 50 70 7 32 33 41 34 12 71 72 78 74 17 18 19 75 76 22 23
55 30 29 49 50 70 7 32 33 41 34 12 71 72 78 62 17 18 19 75 76 46 39
55 30 29 49 50 70 7 32 33 41 34 12 71 72 78 62 17 18 19 75 76 46 47
55 30 29 49 50 70 7 32 33 41 34 12 71 72 78 62 17 18 19 75 76 46 23
55 30 29 49 50 70 7 32 33 41 34 12 71 72 78 62 17 18 19 75 76 22 39
55 30 29 49 50 70 7 32 33 41 34 12 71 72 78 62 17 18 19 75 76 22 47
55 30 29 49 50 70 7 32 33 41 34 12 71 72 78 62 17 18 19 75 76 22 23
55 30 29 49 50 70 7 32 33 41 34 12 71 72 78 77 17 18 19 75 76 46 39
55 30 29 49 50 70 7 32 33 41 34 12 71 72 78 77 17 18 19 75 76 46 47
55 30 29 49 50 70 7 32 33 41 34 12 71 72 78 77 17 18 19 75 76 46 23
55 30 29 49 50 70 7 32 33 41 34 12 71 72 78 77 17 18 19 75 76 22 39
55 30 29 49 50 70 7 32 33 41 34 12 71 72 78 77 17 18 19 75 76 22 47
55 30 29 49 50 70 7 32 33 41 34 12 71 72 78 77 17 18 19 75 76 22 23
55 30 29 49 50 70 7 32 33 25 34 12 71 72 73 74 17 18 19 75 76 46 39
55 30 29 49 50 70 7 32 33 25 34 12 71 72 73 74 17 18 19 75 76 46 47
55 30 29 49 50 70 7 32 33 25 34 12 71 72 73 74 17 18 19 75 76 46 23
55 30 29 49 50 70 7 32 33 25 34 12 71 72 73 74 17 18 19 75 76 22 39
55 30 29 49 50 70 7 32 33 25 34 12 71 72 73 74 17 18 19 75 76 22 47
55 30 29 49 50 70 7 32 33 25 34 12 71 72 73 74 17 18 19 75 76 22 23
55 30 29 49 50 70 7 32 33 25 34 12 71 72 73 62 17 18 19 75 76 46 39
55 30 29 49 50 70 7 32 33 25 34 12 71 72 73 62 17 18 19 75 76 46 47
55 30 29 49 50 70 7 32 33 25 34 12 71 72 73 62 17 18 19 75 76 46 23
55 30 29 49 50 70 7 32 33 25 34 12 71 72 73 62 17 18 19 75 76 22 39
55 30 29 49 50 70 7 32 33 25 34 12 71 72 73 62 17 18 19 75 76 22 47
55 30 29 49 50 70 7 32 33 25 34 12 71 72 73 62 17 18 19 75 76 22 23
55 30 29 49 50 70 7 32 33 25 34 12 71 72 73 77 17 18 19 75 76 46 39
55 30 29 49 50 70 7 32 33 25 34 12 71 72 73 77 17 18 19 75 76 46 47
55 30 29 49 50 70 7 32 33 25 34 12 71 72 73 77 17 18 19 75 76 46 23
55 30 29 49 50 70 7 32 33 25 34 12 71 72 73 77 17 18 19 75 76 22 39
55 30 29 49 50 70 7 32 33 25 34 12 71 72 73 77 17 18 19 75 76 22 47
55 30 29 49 50 70 7 32 33 25 34 12 71 72 73 77 17 18 19 75 76 22 23
55 30 29 49 50 70 7 32 33 25 34 12 71 72 64 74 17 18 19 75 76 46 39
55 30 29 49 50 70 7 32 33 25 34 12 71 72 64 74 17 18 19 75 76 46 47
55 30 29 49 50 70 7 32 33 25 34 12 71 72 64 74 17 18 19 75 76 46 23
55 30 29 49 50 70 7 32 33 25 34 12 71 72 64 74 17 18 19 75 76 22 39
55 30 29 49 50 70 7 32 33 25 34 12 71 72 64 74 17 18 19 75 76 22 47
55 30 29 49 50 70 7 32 33 25 34 12 71 72 64 74 17 18 19 75 76 22 23
55 30 29 49 50 70 7 32 33 25 34 12 71 72 64 62 17 18 19 75 76 46 39
55 30 29 49 50 70 7 32 33 25 34 12 71 72 64 62 17 18 19 75 76 46 47
55 30 29 49 50 70 7 32 33 25 34 12 71 72 64 62 17 18 19 75 76 46 23
55 30 29 49 50 70 7 32 33 25 34 12 71 72 64 62 17 18 19 75 76 22 39
55 30 29 49 50 70 7 32 33 25 34 12 71 72 64 62 17 18 19 75 76 22 47
55 30 29 49 50 70 7 32 33 25 34 12 71 72 64 62 17 18 19 75 76 22 23
55 30 29 49 50 70 7 32 33 25 34 12 71 72 64 77 17 18 19 75 76 46 39
55 30 29 49 50 70 7 32 33 25 34 12 71 72 64 77 17 18 19 75 76 46 47
55 30 29 49 50 70 7 32 33 25 34 12 71 72 64 77 17 18 19 75 76 46 23
55 30 29 49 50 70 7 32 33 25 34 12 71 72 64 77 17 18 19 75 76 22 39
55 30 29 49 50 70 7 32 33 25 34 12 71 72 64 77 17 18 19 75 76 22 47
55 30 29 49 50 70 7 32 33 25 34 12 71 72 64 77 17 18 19 75 76 22 23
55 30 29 49 50 70 7 32 33 25 34 12 71 72 78 74 17 18 19 75 76 46 39
55 30 29 49 50 70 7 32 33 25 34 12 71 72 78 74 17 18 19 75 76 46 47
55 30 29 49 50 70 7 32 33 25 34 12 71 72 78 74 17 18 19 75 76 46 23
55 30 29 49 50 70 7 32 33 25 34 12 71 72 78 74 17 18 19 75 76 22 39
55 30 29 49 50 70 7 32 33 25 34 12 71 72 78 74 17 18 19 75 76 22 47
55 30 29 49 50 70 7 32 33 25 34 12 71 72 78 74 17 18 19 75 76 22 23
55 30 29 49 50 70 7 32 33 25 34 12 71 72 78 62 17 18 19 75 76 46 39
55 30 29 49 50 70 7 32 33 25 34 12 71 72 78 62 17 18 19 75 76 46 47
55 30 29 49 50 70 7 32 33 25 34 12 71 72 78 62 17 18 19 75 76 46 23
55 30 29 49 50 70 7 32 33 25 34 12 71 72 78 62 17 18 19 75 76 22 39
55 30 29 49 50 70 7 32 33 25 34 12 71 72 78 62 17 18 19 75 76 22 47
55 30 29 49 50 70 7 32 33 25 34 12 71 72 78 62 17 18 19 75 76 22 23
55 30 29 49 50 70 7 32 33 25 34 12 71 72 78 77 17 18 19 75 76 46 39
55 30 29 49 50 70 7 32 33 25 34 12 71 72 78 77 17 18 19 75 76 46 47
55 30 29 49 50 70 7 32 33 25 34 12 71 72 78 77 17 18 19 75 76 46 23
55 30 29 49 50 70 7 32 33 25 34 12 71 72 78 77 17 18 19 75 76 22 39
55 30 29 49 50 70 7 32 33 25 34 12 71 72 78 77 17 18 19 75 76 22 47
55 30 29 49 50 70 7 32 33 25 34 12 71 72 78 77 17 18 19 75 76 22 23
55 30 29 49 50 70 7 32 33 61 34 12 71 72 73 74 17 18 19 75 76 46 39
55 30 29 49 50 70 7 32 33 61 34 12 71 72 73 74 17 18 19 75 76 46 47
55 30 29 49 50 70 7 32 33 61 34 12 71 72 73 74 17 18 19 75 76 46 23
55 30 29 49 50 70 7 32 33 61 34 12 71 72 73 74 17 18 19 75 76 22 39
55 30 29 49 50 70 7 32 33 61 34 12 71 72 73 74 17 18 19 75 76 22 47
55 30 29 49 50 70 7 32 33 61 34 12 71 72 73 74 17 18 19 75 76 22 23
55 30 29 49 50 70 7 32 33 61 34 12 71 72 73 62 17 18 19 75 76 46 39
55 30 29 49 50 70 7 32 33 61 34 12 71 72 73 62 17 18 19 75 76 46 47
55 30 29 49 50 70 7 32 33 61 34 12 71 72 73 62 17 18 19 75 76 46 23
55 30 29 49 50 70 7 32 33 61 34 12 71 72 73 62 17 18 19 75 76 22 39
55 30 29 49 50 70 7 32 33 61 34 12 71 72 73 62 17 18 19 75 76 22 47
55 30 29 49 50 70 7 32 33 61 34 12 71 72 73 62 17 18 19 75 76 22 23
55 30 29 49 50 70 7 32 33 61 34 12 71 72 73 77 17 18 19 75 76 46 39
55 30 29 49 50 70 7 32 33 61 34 12 71 72 73 77 17 18 19 75 76 46 47
55 30 29 49 50 70 7 32 33 61 34 12 71 72 73 77 17 18 19 75 76 46 23
55 30 29 49 50 70 7 32 33 61 34 12 71 72 73 77 17 18 19 75 76 22 39
55 30 29 49 50 70 7 32 33 61 34 12 71 72 73 77 17 18 19 75 76 22 47
55 30 29 49 50 70 7 32 33 61 34 12 71 72 73 77 17 18 19 75 76 22 23
55 30 29 49 50 70 7 32 33 61 34 12 71 72 64 74 17 18 19 75 76 46 39
55 30 29 49 50 70 7 32 33 61 34 12 71 72 64 74 17 18 19 75 76 46 47
55 30 29 49 50 70 7 32 33 61 34 12 71 72 64 74 17 18 19 75 76 46 23
55 30 29 49 50 70 7 32 33 61 34 12 71 72 64 74 17 18 19 75 76 22 39
55 30 29 49 50 70 7 32 33 61 34 12 71 72 64 74 17 18 19 75 76 22 47
55 30 29 49 50 70 7 32 33 61 34 12 71 72 64 74 17 18 19 75 76 22 23
55 30 29 49 50 70 7 32 33 61 34 12 71 72 64 62 17 18 19 75 76 46 39
55 30 29 49 50 70 7 32 33 61 34 12 71 72 64 62 17 18 19 75 76 46 47
55 30 29 49 50 70 7 32 33 61 34 12 71 72 64 62 17 18 19 75 76 46 23
55 30 29 49 50 70 7 32 33 61 34 12 71 72 64 62 17 18 19 75 76 22 39
55 30 29 49 50 70 7 32 33 61 34 12 71 72 64 62 17 18 19 75 76 22 47
55 30 29 49 50 70 7 32 33 61 34 12 71 72 64 62 17 18 19 75 76 22 23
55 30 29 49 50 70 7 32 33 61 34 12 71 72 64 77 17 18 19 75 76 46 39
55 30 29 49 50 70 7 32 33 61 34 12 71 72 64 77 17 18 19 75 76 46 47
55 30 29 49 50 70 7 32 33 61 34 12 71 72 64 77 17 18 19 75 76 46 23
55 30 29 49 50 70 7 32 33 61 34 12 71 72 64 77 17 18 19 75 76 22 39
55 30 29 49 50 70 7 32 33 61 34 12 71 72 64 77 17 18 19 75 76 22 47
55 30 29 49 50 70 7 32 33 61 34 12 71 72 64 77 17 18 19 75 76 22 23
55 30 29 49 50 70 7 32 33 61 34 12 71 72 78 74 17 18 19 75 76 46 39
55 30 29 49 50 70 7 32 33 61 34 12 71 72 78 74 17 18 19 75 76 46 47
55 30 29 49 50 70 7 32 33 61 34 12 71 72 78 74 17 18 19 75 76 46 23
55 30 29 49 50 70 7 32 33 61 34 12 71 72 78 74 17 18 19 75 76 22 39
55 30 29 49 50 70 7 32 33 61 34 12 71 72 78 74 17 18 19 75 76 22 47
55 30 29 49 50 70 7 32 33 61 34 12 71 72 78 74 17 18 19 75 76 22 23
55 30 29 49 50 70 7 32 33 61 34 12 71 72 78 62 17 18 19 75 76 46 39
55 30 29 49 50 70 7 32 33 61 34 12 71 72 78 62 17 18 19 75 76 46 47
55 30 29 49 50 70 7 32 33 61 34 12 71 72 78 62 17 18 19 75 76 46 23
55 30 29 49 50 70 7 32 33 61 34 12 71 72 78 62 17 18 19 75 76 22 39
55 30 29 49 50 70 7 32 33 61 34 12 71 72 78 62 17 18 19 75 76 22 47
55 30 29 49 50 70 7 32 33 61 34 12 71 72 78 62 17 18 19 75 76 22 23
55 30 29 49 50 70 7 32 33 61 34 12 71 72 78 77 17 18 19 75 76 46 39
55 30 29 49 50 70 7 32 33 61 34 12 71 72 78 77 17 18 19 75 76 46 47
55 30 29 49 50 70 7 32 33 61 34 12 71 72 78 77 17 18 19 75 76 46 23
55 30 29 49 50 70 7 32 33 61 34 12 71 72 78 77 17 18 19 75 76 22 39
55 30 29 49 50 70 7 32 33 61 34 12 71 72 78 77 17 18 19 75 76 22 47
55 30 29 49 50 70 7 32 33 61 34 12 71 72 78 77 17 18 19 75 76 22 23
55 30 29 28 50 70 7 32 33 41 34 12 71 72 73 74 17 18 19 75 76 46 39
55 30 29 28 50 70 7 32 33 41 34 12 71 72 73 74 17 18 19 75 76 46 47
55 30 29 28 50 70 7 32 33 41 34 12 71 72 73 74 17 18 19 75 76 46 23
55 30 29 28 50 70 7 32 33 41 34 12 71 72 73 74 17 18 19 75 76 22 39
55 30 29 28 50 70 7 32 33 41 34 12 71 72 73 74 17 18 19 75 76 22 47
55 30 29 28 50 70 7 32 33 41 34 12 71 72 73 74 17 18 19 75 76 22 23
55 30 29 28 50 70 7 32 33 41 34 12 71 72 73 62 17 18 19 75 76 46 39
55 30 29 28 50 70 7 32 33 41 34 12 71 72 73 62 17 18 19 75 76 46 47
55 30 29 28 50 70 7 32 33 41 34 12 71 72 73 62 17 18 19 75 76 46 23
55 30 29 28 50 70 7 32 33 41 34 12 71 72 73 62 17 18 19 75 76 22 39
55 30 29 28 50 70 7 32 33 41 34 12 71 72 73 62 17 18 19 75 76 22 47
55 30 29 28 50 70 7 32 33 41 34 12 71 72 73 62 17 18 19 75 76 22 23
55 30 29 28 50 70 7 32 33 41 34 12 71 72 73 77 17 18 19 75 76 46 39
55 30 29 28 50 70 7 32 33 41 34 12 71 72 73 77 17 18 19 75 76 46 47
55 30 29 28 50 70 7 32 33 41 34 12 71 72 73 77 17 18 19 75 76 46 23
55 30 29 28 50 70 7 32 33 41 34 12 71 72 73 77 17 18 19 75 76 22 39
55 30 29 28 50 70 7 32 33 41 34 12 71 72 73 77 17 18 19 75 76 22 47
55 30 29 28 50 70 7 32 33 41 34 12 71 72 73 77 17 18 19 75 76 22 23
55 30 29 28 50 70 7 32 33 41 34 12 71 72 64 74 17 18 19 75 76 46 39
55 30 29 28 50 70 7 32 33 41 34 12 71 72 64 74 17 18 19 75 76 46 47
55 30 29 28 50 70 7 32 33 41 34 12 71 72 64 74 17 18 19 75 76 46 23
55 30 29 28 50 70 7 32 33 41 34 12 71 72 64 74 17 18 19 75 76 22 39
55 30 29 28 50 70 7 32 33 41 34 12 71 72 64 74 17 18 19 75 76 22 47
55 30 29 28 50 70 7 32 33 41 34 12 71 72 64 74 17 18 19 75 76 22 23
55 30 29 28 50 70 7 32 33 41 34 12 71 72 64 62 17 18 19 75 76 46 39
55 30 29 28 50 70 7 32 33 41 34 12 71 72 64 62 17 18 19 75 76 46 47
55 30 29 28 50 70 7 32 33 41 34 12 71 72 64 62 17 18 19 75 76 46 23
55 30 29 28 50 70 7 32 33 41 34 12 71 72 64 62 17 18 19 75 76 22 39
55 30 29 28 50 70 7 32 33 41 34 12 71 72 64 62 17 18 19 75 76 22 47
55 30 29 28 50 70 7 32 33 41 34 12 71 72 64 62 17 18 19 75 76 22 23
55 30 29 28 50 70 7 32 33 41 34 12 71 72 64 77 17 18 19 75 76 46 39
55 30 29 28 50 70 7 32 33 41 34 12 71 72 64 77 17 18 19 75 76 46 47
55 30 29 28 50 70 7 32 33 41 34 12 71 72 64 77 17 18 19 75 76 46 23
55 30 29 28 50 70 7 32 33 41 34 12 71 72 64 77 17 18 19 75 76 22 39
55 30 29 28 50 70 7 32 33 41 34 12 71 72 64 77 17 18 19 75 76 22 47
55 30 29 28 50 70 7 32 33 41 34 12 71 72 64 77 17 18 19 75 76 22 23
55 30 29 28 50 70 7 32 33 41 34 12 71 72 78 74 17 18 19 75 76 46 39
55 30 29 28 50 70 7 32 33 41 34 12 71 72 78 74 17 18 19 75 76 46 47
55 30 29 28 50 70 7 32 33 41 34 12 71 72 78 74 17 18 19 75 76 46 23
55 30 29 28 50 70 7 32 33 41 34 12 71 72 78 74 17 18 19 75 76 22 39
55 30 29 28 50 70 7 32 33 41 34 12 71 72 78 74 17 18 19 75 76 22 47
55 30 29 28 50 70 7 32 33 41 34 12 71 72 78 74 17 18 19 75 76 22 23
55 30 29 28 50 70 7 32 33 41 34 12 71 72 78 62 17 18 19 75 76 46 39
55 30 29 28 50 70 7 32 33 41 34 12 71 72 78 62 17 18 19 75 76 46 47
55 30 29 28 50 70 7 32 33 41 34 12 71 72 78 62 17 18 19 75 76 46 23
55 30 29 28 50 70 7 32 33 41 34 12 71 72 78 62 17 18 19 75 76 22 39
55 30 29 28 50 70 7 32 33 41 34 12 71 72 78 62 17 18 19 75 76 22 47
55 30 29 28 50 70 7 32 33 41 34 12 71 72 78 62 17 18 19 75 76 22 23
55 30 29 28 50 70 7 32 33 41 34 12 71 72 78 77 17 18 19 75 76 46 39
55 30 29 28 50 70 7 32 33 41 34 12 71 72 78 77 17 18 19 75 76 46 47
55 30 29 28 50 70 7 32 33 41 34 12 71 72 78 77 17 18 19 75 76 46 23
55 30 29 28 50 70 7 32 33 41 34 12 71 72 78 77 17 18 19 75 76 22 39
55 30 29 28 50 70 7 32 33 41 34 12 71 72 78 77 17 18 19 75 76 22 47
55 30 29 28 50 70 7 32 33 41 34 12 71 72 78 77 17 18 19 75 76 22 23
55 30 29 28 50 70 7 32 33 25 34 12 71 72 73 74 17 18 19 75 76 46 39
55 30 29 28 50 70 7 32 33 25 34 12 71 72 73 74 17 18 19 75 76 46 47
55 30 29 28 50 70 7 32 33 25 34 12 71 72 73 74 17 18 19 75 76 46 23
55 30 29 28 50 70 7 32 33 25 34 12 71 72 73 74 17 18 19 75 76 22 39
55 30 29 28 50 70 7 32 33 25 34 12 71 72 73 74 17 18 19 75 76 22 47
55 30 29 28 50 70 7 32 33 25 34 12 71 72 73 74 17 18 19 75 76 22 23
55 30 29 28 50 70 7 32 33 25 34 12 71 72 73 62 17 18 19 75 76 46 39
55 30 29 28 50 70 7 32 33 25 34 12 71 72 73 62 17 18 19 75 76 46 47
55 30 29 28 50 70 7 32 33 25 34 12 71 72 73 62 17 18 19 75 76 46 23
55 30 29 28 50 70 7 32 33 25 34 12 71 72 73 62 17 18 19 75 76 22 39
55 30 29 28 50 70 7 32 33 25 34 12 71 72 73 62 17 18 19 75 76 22 47
55 30 29 28 50 70 7 32 33 25 34 12 71 72 73 62 17 18 19 75 76 22 23
55 30 29 28 50 70 7 32 33 25 34 12 71 72 73 77 17 18 19 75 76 46 39
55 30 29 28 50 70 7 32 33 25 34 12 71 72 73 77 17 18 19 75 76 46 47
55 30 29 28 50 70 7 32 33 25 34 12 71 72 73 77 17 18 19 75 76 46 23
55 30 29 28 50 70 7 32 33 25 34 12 71 72 73 77 17 18 19 75 76 22 39
55 30 29 28 50 70 7 32 33 25 34 12 71 72 73 77 17 18 19 75 76 22 47
55 30 29 28 50 70 7 32 33 25 34 12 71 72 73 77 17 18 19 75 76 22 23
55 30 29 28 50 70 7 32 33 25 34 12 71 72 64 74 17 18 19 75 76 46 39
55 30 29 28 50 70 7 32 33 25 34 12 71 72 64 74 17 18 19 75 76 46 47
55 30 29 28 50 70 7 32 33 25 34 12 71 72 64 74 17 18 19 75 76 46 23
55 30 29 28 50 70 7 32 33 25 34 12 71 72 64 74 17 18 19 75 76 22 39
55 30 29 28 50 70 7 32 33 25 34 12 71 72 64 74 17 18 19 75 76 22 47
55 30 29 28 50 70 7 32 33 25 34 12 71 72 64 74 17 18 19 75 76 22 23
55 30 29 28 50 70 7 32 33 25 34 12 71 72 64 62 17 18 19 75 76 46 39
55 30 29 28 50 70 7 32 33 25 34 12 71 72 64 62 17 18 19 75 76 46 47
55 30 29 28 50 70 7 32 33 25 34 12 71 72 64 62 17 18 19 75 76 46 23
55 30 29 28 50 70 7 32 33 25 34 12 71 72 64 62 17 18 19 75 76 22 39
55 30 29 28 50 70 7 32 33 25 34 12 71 72 64 62 17 18 19 75 76 22 47
55 30 29 28 50 70 7 32 33 25 34 12 71 72 64 62 17 18 19 75 76 22 23
55 30 29 28 50 70 7 32 33 25 34 12 71 72 64 77 17 18 19 75 76 46 39
55 30 29 28 50 70 7 32 33 25 34 12 71 72 64 77 17 18 19 75 76 46 47
55 30 29 28 50 70 7 32 33 25 34 12 71 72 64 77 17 18 19 75 76 46 23
55 30 29 28 50 70 7 32 33 25 34 12 71 72 64 77 17 18 19 75 76 22 39
55 30 29 28 50 70 7 32 33 25 34 12 71 72 64 77 17 18 19 75 76 22 47
55 30 29 28 50 70 7 32 33 25 34 12 71 72 64 77 17 18 19 75 76 22 23
55 30 29 28 50 70 7 32 33 25 34 12 71 72 78 74 17 18 19 75 76 46 39
55 30 29 28 50 70 7 32 33 25 34 12 71 72 78 74 17 18 19 75 76 46 47
55 30 29 28 50 70 7 32 33 25 34 12 71 72 78 74 17 18 19 75 76 46 23
55 30 29 28 50 70 7 32 33 25 34 12 71 72 78 74 17 18 19 75 76 22 39
55 30 29 28 50 70 7 32 33 25 34 12 71 72 78 74 17 18 19 75 76 22 47
55 30 29 28 50 70 7 32 33 25 34 12 71 72 78 74 17 18 19 75 76 22 23
55 30 29 28 50 70 7 32 33 25 34 12 71 72 78 62 17 18 19 75 76 46 39
55 30 29 28 50 70 7 32 33 25 34 12 71 72 78 62 17 18 19 75 76 46 47
55 30 29 28 50 70 7 32 33 25 34 12 71 72 78 62 17 18 19 75 76 46 23
55 30 29 28 50 70 7 32 33 25 34 12 71 72 78 62 17 18 19 75 76 22 39
55 30 29 28 50 70 7 32 33 25 34 12 71 72 78 62 17 18 19 75 76 22 47
55 30 29 28 50 70 7 32 33 25 34 12 71 72 78 62 17 18 19 75 76 22 23
55 30 29 28 50 70 7 32 33 25 34 12 71 72 78 77 17 18 19 75 76 46 39
55 30 29 28 50 70 7 32 33 25 34 12 71 72 78 77 17 18 19 75 76 46 47
55 30 29 28 50 70 7 32 33 25 34 12 71 72 78 77 17 18 19 75 76 46 23
55 30 29 28 50 70 7 32 33 25 34 12 71 72 78 77 17 18 19 75 76 22 39
55 30 29 28 50 70 7 32 33 25 34 12 71 72 78 77 17 18 19 75 76 22 47
55 30 29 28 50 70 7 32 33 25 34 12 71 72 78 77 17 18 19 75 76 22 23
55 30 29 28 50 70 7 32 33 61 34 12 71 72 73 74 17 18 19 75 76 46 39
55 30 29 28 50 70 7 32 33 61 34 12 71 72 73 74 17 18 19 75 76 46 47
55 30 29 28 50 70 7 32 33 61 34 12 71 72 73 74 17 18 19 75 76 46 23
55 30 29 28 50 70 7 32 33 61 34 12 71 72 73 74 17 18 19 75 76 22 39
55 30 29 28 50 70 7 32 33 61 34 12 71 72 73 74 17 18 19 75 76 22 47
55 30 29 28 50 70 7 32 33 61 34 12 71 72 73 74 17 18 19 75 76 22 23
55 30 29 28 50 70 7 32 33 61 34 12 71 72 73 62 17 18 19 75 76 46 39
55 30 29 28 50 70 7 32 33 61 34 12 71 72 73 62 17 18 19 75 76 46 47
55 30 29 28 50 70 7 32 33 61 34 12 71 72 73 62 17 18 19 75 76 46 23
55 30 29 28 50 70 7 32 33 61 34 12 71 72 73 62 17 18 19 75 76 22 39
55 30 29 28 50 70 7 32 33 61 34 12 71 72 73 62 17 18 19 75 76 22 47
55 30 29 28 50 70 7 32 33 61 34 12 71 72 73 62 17 18 19 75 76 22 23
55 30 29 28 50 70 7 32 33 61 34 12 71 72 73 77 17 18 19 75 76 46 39
55 30 29 28 50 70 7 32 33 61 34 12 71 72 73 77 17 18 19 75 76 46 47
55 30 29 28 50 70 7 32 33 61 34 12 71 72 73 77 17 18 19 75 76 46 23
55 30 29 28 50 70 7 32 33 61 34 12 71 72 73 77 17 18 19 75 76 22 39
55 30 29 28 50 70 7 32 33 61 34 12 71 72 73 77 17 18 19 75 76 22 47
55 30 29 28 50 70 7 32 33 61 34 12 71 72 73 77 17 18 19 75 76 22 23
55 30 29 28 50 70 7 32 33 61 34 12 71 72 64 74 17 18 19 75 76 46 39
55 30 29 28 50 70 7 32 33 61 34 12 71 72 64 74 17 18 19 75 76 46 47
55 30 29 28 50 70 7 32 33 61 34 12 71 72 64 74 17 18 19 75 76 46 23
55 30 29 28 50 70 7 32 33 61 34 12 71 72 64 74 17 18 19 75 76 22 39
55 30 29 28 50 70 7 32 33 61 34 12 71 72 64 74 17 18 19 75 76 22 47
55 30 29 28 50 70 7 32 33 61 34 12 71 72 64 74 17 18 19 75 76 22 23
55 30 29 28 50 70 7 32 33 61 34 12 71 72 64 62 17 18 19 75 76 46 39
55 30 29 28 50 70 7 32 33 61 34 12 71 72 64 62 17 18 19 75 76 46 47
55 30 29 28 50 70 7 32 33 61 34 12 71 72 64 62 17 18 19 75 76 46 23
55 30 29 28 50 70 7 32 33 61 34 12 71 72 64 62 17 18 19 75 76 22 39
55 30 29 28 50 70 7 32 33 61 34 12 71 72 64 62 17 18 19 75 76 22 47
55 30 29 28 50 70 7 32 33 61 34 12 71 72 64 62 17 18 19 75 76 22 23
55 30 29 28 50 70 7 32 33 61 34 12 71 72 64 77 17 18 19 75 76 46 39
55 30 29 28 50 70 7 32 33 61 34 12 71 72 64 77 17 18 19 75 76 46 47
55 30 29 28 50 70 7 32 33 61 34 12 71 72 64 77 17 18 19 75 76 46 23
55 30 29 28 50 70 7 32 33 61 34 12 71 72 64 77 17 18 19 75 76 22 39
55 30 29 28 50 70 7 32 33 61 34 12 71 72 64 77 17 18 19 75 76 22 47
55 30 29 28 50 70 7 32 33 61 34 12 71 72 64 77 17 18 19 75 76 22 23
55 30 29 28 50 70 7 32 33 61 34 12 71 72 78 74 17 18 19 75 76 46 39
55 30 29 28 50 70 7 32 33 61 34 12 71 72 78 74 17 18 19 75 76 46 47
55 30 29 28 50 70 7 32 33 61 34 12 71 72 78 74 17 18 19 75 76 46 23
55 30 29 28 50 70 7 32 33 61 34 12 71 72 78 74 17 18 19 75 76 22 39
55 30 29 28 50 70 7 32 33 61 34 12 71 72 78 74 17 18 19 75 76 22 47
55 30 29 28 50 70 7 32 33 61 34 12 71 72 78 74 17 18 19 75 76 22 23
55 30 29 28 50 70 7 32 33 61 34 12 71 72 78 62 17 18 19 75 76 46 39
55 30 29 28 50 70 7 32 33 61 34 12 71 72 78 62 17 18 19 75 76 46 47
55 30 29 28 50 70 7 32 33 61 34 12 71 72 78 62 17 18 19 75 76 46 23
55 30 29 28 50 70 7 32 33 61 34 12 71 72 78 62 17 18 19 75 76 22 39
55 30 29 28 50 70 7 32 33 61 34 12 71 72 78 62 17 18 19 75 76 22 47
55 30 29 28 50 70 7 32 33 61 34 12 71 72 78 62 17 18 19 75 76 22 23
55 30 29 28 50 70 7 32 33 61 34 12 71 72 78 77 17 18 19 75 76 46 39
55 30 29 28 50 70 7 32 33 61 34 12 71 72 78 77 17 18 19 75 76 46 47
55 30 29 28 50 70 7 32 33 61 34 12 71 72 78 77 17 18 19 75 76 46 23
55 30 29 28 50 70 7 32 33 61 34 12 71 72 78 77 17 18 19 75 76 22 39
55 30 29 28 50 70 7 32 33 61 34 12 71 72 78 77 17 18 19 75 76 22 47
55 30 29 28 50 70 7 32 33 61 34 12 71 72 78 77 17 18 19 75 76 22 23
55 30 43 49 50 70 7 32 33 41 34 12 71 72 73 74 17 18 19 75 76 46 39
55 30 43 49 50 70 7 32 33 41 34 12 71 72 73 74 17 18 19 75 76 46 47
55 30 43 49 50 70 7 32 33 41 34 12 71 72 73 74 17 18 19 75 76 46 23
55 30 43 49 50 70 7 32 33 41 34 12 71 72 73 74 17 18 19 75 76 22 39
55 30 43 49 50 70 7 32 33 41 34 12 71 72 73 74 17 18 19 75 76 22 47
55 30 43 49 50 70 7 32 33 41 34 12 71 72 73 74 17 18 19 75 76 22 23
55 30 43 49 50 70 7 32 33 41 34 12 71 72 73 62 17 18 19 75 76 46 39
55 30 43 49 50 70 7 32 33 41 34 12 71 72 73 62 17 18 19 75 76 46 47
55 30 43 49 50 70 7 32 33 41 34 12 71 72 73 62 17 18 19 75 76 46 23
55 30 43 49 50 70 7 32 33 41 34 12 71 72 73 62 17 18 19 75 76 22 39
55 30 43 49 50 70 7 32 33 41 34 12 71 72 73 62 17 18 19 75 76 22 47
55 30 43 49 50 70 7 32 33 41 34 12 71 72 73 62 17 18 19 75 76 22 23
55 30 43 49 50 70 7 32 33 41 34 12 71 72 73 77 17 18 19 75 76 46 39
55 30 43 49 50 70 7 32 33 41 34 12 71 72 73 77 17 18 19 75 76 46 47
55 30 43 49 50 70 7 32 33 41 34 12 71 72 73 77 17 18 19 75 76 46 23
55 30 43 49 50 70 7 32 33 41 34 12 71 72 73 77 17 18 19 75 76 22 39
55 30 43 49 50 70 7 32 33 41 34 12 71 72 73 77 17 18 19 75 76 22 47
55 30 43 49 50 70 7 32 33 41 34 12 71 72 73 77 17 18 19 75 76 22 23
55 30 43 49 50 70 7 32 33 41 34 12 71 72 64 74 17 18 19 75 76 46 39
55 30 43 49 50 70 7 32 33 41 34 12 71 72 64 74 17 18 19 75 76 46 47
55 30 43 49 50 70 7 32 33 41 34 12 71 72 64 74 17 18 19 75 76 46 23
55 30 43 49 50 70 7 32 33 41 34 12 71 72 64 74 17 18 19 75 76 22 39
55 30 43 49 50 70 7 32 33 41 34 12 71 72 64 74 17 18 19 75 76 22 47
55 30 43 49 50 70 7 32 33 41 34 12 71 72 64 74 17 18 19 75 76 22 23
55 30 43 49 50 70 7 32 33 41 34 12 71 72 64 62 17 18 19 75 76 46 39
55 30 43 49 50 70 7 32 33 41 34 12 71 72 64 62 17 18 19 75 76 46 47
55 30 43 49 50 70 7 32 33 41 34 12 71 72 64 62 17 18 19 75 76 46 23
55 30 43 49 50 70 7 32 33 41 34 12 71 72 64 62 17 18 19 75 76 22 39
55 30 43 49 50 70 7 32 33 41 34 12 71 72 64 62 17 18 19 75 76 22 47
55 30 43 49 50 70 7 32 33 41 34 12 71 72 64 62 17 18 19 75 76 22 23
55 30 43 49 50 70 7 32 33 41 34 12 71 72 64 77 17 18 19 75 76 46 39
55 30 43 49 50 70 7 32 33 41 34 12 71 72 64 77 17 18 19 75 76 46 47
55 30 43 49 50 70 7 32 33 41 34 12 71 72 64 77 17 18 19 75 76 46 23
55 30 43 49 50 70 7 32 33 41 34 12 71 72 64 77 17 18 19 75 76 22 39
55 30 43 49 50 70 7 32 33 41 34 12 71 72 64 77 17 18 19 75 76 22 47
55 30 43 49 50 70 7 32 33 41 34 12 71 72 64 77 17 18 19 75 76 22 23
55 30 43 49 50 70 7 32 33 41 34 12 71 72 78 74 17 18 19 75 76 46 39
55 30 43 49 50 70 7 32 33 41 34 12 71 72 78 74 17 18 19 75 76 46 47
55 30 43 49 50 70 7 32 33 41 34 12 71 72 78 74 17 18 19 75 76 46 23
55 30 43 49 50 70 7 32 33 41 34 12 71 72 78 74 17 18 19 75 76 22 39
55 30 43 49 50 70 7 32 33 41 34 12 71 72 78 74 17 18 19 75 76 22 47
55 30 43 49 50 70 7 32 33 41 34 12 71 72 78 74 17 18 19 75 76 22 23
55 30 43 49 50 70 7 32 33 41 34 12 71 72 78 62 17 18 19 75 76 46 39
55 30 43 49 50 70 7 32 33 41 34 12 71 72 78 62 17 18 19 75 76 46 47
55 30 43 49 50 70 7 32 33 41 34 12 71 72 78 62 17 18 19 75 76 46 23
55 30 43 49 50 70 7 32 33 41 34 12 71 72 78 62 17 18 19 75 76 22 39
55 30 43 49 50 70 7 32 33 41 34 12 71 72 78 62 17 18 19 75 76 22 47
55 30 43 49 50 70 7 32 33 41 34 12 71 72 78 62 17 18 19 75 76 22 23
55 30 43 49 50 70 7 32 33 41 34 12 71 72 78 77 17 18 19 75 76 46 39
55 30 43 49 50 70 7 32 33 41 34 12 71 72 78 77 17 18 19 75 76 46 47
55 30 43 49 50 70 7 32 33 41 34 12 71 72 78 77 17 18 19 75 76 46 23
55 30 43 49 50 70 7 32 33 41 34 12 71 72 78 77 17 18 19 75 76 22 39
55 30 43 49 50 70 7 32 33 41 34 12 71 72 78 77 17 18 19 75 76 22 47
55 30 43 49 50 70 7 32 33 41 34 12 71 72 78 77 17 18 19 75 76 22 23
55 30 43 49 50 70 7 32 33 25 34 12 71 72 73 74 17 18 19 75 76 46 39
55 30 43 49 50 70 7 32 33 25 34 12 71 72 73 74 17 18 19 75 76 46 47
55 30 43 49 50 70 7 32 33 25 34 12 71 72 73 74 17 18 19 75 76 46 23
55 30 43 49 50 70 7 32 33 25 34 12 71 72 73 74 17 18 19 75 76 22 39
55 30 43 49 50 70 7 32 33 25 34 12 71 72 73 74 17 18 19 75 76 22 47
55 30 43 49 50 70 7 32 33 25 34 12 71 72 73 74 17 18 19 75 76 22 23
55 30 43 49 50 70 7 32 33 25 34 12 71 72 73 62 17 18 19 75 76 46 39
55 30 43 49 50 70 7 32 33 25 34 12 71 72 73 62 17 18 19 75 76 46 47
55 30 43 49 50 70 7 32 33 25 34 12 71 72 73 62 17 18 19 75 76 46 23
55 30 43 49 50 70 7 32 33 25 34 12 71 72 73 62 17 18 19 75 76 22 39
55 30 43 49 50 70 7 32 33 25 34 12 71 72 73 62 17 18 19 75 76 22 47
55 30 43 49 50 70 7 32 33 25 34 12 71 72 73 62 17 18 19 75 76 22 23
55 30 43 49 50 70 7 32 33 25 34 12 71 72 73 77 17 18 19 75 76 46 39
55 30 43 49 50 70 7 32 33 25 34 12 71 72 73 77 17 18 19 75 76 46 47
55 30 43 49 50 70 7 32 33 25 34 12 71 72 73 77 17 18 19 75 76 46 23
55 30 43 49 50 70 7 32 33 25 34 12 71 72 73 77 17 18 19 75 76 22 39
55 30 43 49 50 70 7 32 33 25 34 12 71 72 73 77 17 18 19 75 76 22 47
55 30 43 49 50 70 7 32 33 25 34 12 71 72 73 77 17 18 19 75 76 22 23
55 30 43 49 50 70 7 32 33 25 34 12 71 72 64 74 17 18 19 75 76 46 39
55 30 43 49 50 70 7 32 33 25 34 12 71 72 64 74 17 18 19 75 76 46 47
55 30 43 49 50 70 7 32 33 25 34 12 71 72 64 74 17 18 19 75 76 46 23
55 30 43 49 50 70 7 32 33 25 34 12 71 72 64 74 17 18 19 75 76 22 39
55 30 43 49 50 70 7 32 33 25 34 12 71 72 64 74 17 18 19 75 76 22 47
55 30 43 49 50 70 7 32 33 25 34 12 71 72 64 74 17 18 19 75 76 22 23
55 30 43 49 50 70 7 32 33 25 34 12 71 72 64 62 17 18 19 75 76 46 39
55 30 43 49 50 70 7 32 33 25 34 12 71 72 64 62 17 18 19 75 76 46 47
55 30 43 49 50 70 7 32 33 25 34 12 71 72 64 62 17 18 19 75 76 46 23
55 30 43 49 50 70 7 32 33 25 34 12 71 72 64 62 17 18 19 75 76 22 39
55 30 43 49 50 70 7 32 33 25 34 12 71 72 64 62 17 18 19 75 76 22 47
55 30 43 49 50 70 7 32 33 25 34 12 71 72 64 62 17 18 19 75 76 22 23
55 30 43 49 50 70 7 32 33 25 34 12 71 72 64 77 17 18 19 75 76 46 39
55 30 43 49 50 70 7 32 33 25 34 12 71 72 64 77 17 18 19 75 76 46 47
55 30 43 49 50 70 7 32 33 25 34 12 71 72 64 77 17 18 19 75 76 46 23
55 30 43 49 50 70 7 32 33 25 34 12 71 72 64 77 17 18 19 75 76 22 39
55 30 43 49 50 70 7 32 33 25 34 12 71 72 64 77 17 18 19 75 76 22 47
55 30 43 49 50 70 7 32 33 25 34 12 71 72 64 77 17 18 19 75 76 22 23
55 30 43 49 50 70 7 32 33 25 34 12 71 72 78 74 17 18 19 75 76 46 39
55 30 43 49 50 70 7 32 33 25 34 12 71 72 78 74 17 18 19 75 76 46 47
55 30 43 49 50 70 7 32 33 25 34 12 71 72 78 74 17 18 19 75 76 46 23
55 30 43 49 50 70 7 32 33 25 34 12 71 72 78 74 17 18 19 75 76 22 39
55 30 43 49 50 70 7 32 33 25 34 12 71 72 78 74 17 18 19 75 76 22 47
55 30 43 49 50 70 7 32 33 25 34 12 71 72 78 74 17 18 19 75 76 22 23
55 30 43 49 50 70 7 32 33 25 34 12 71 72 78 62 17 18 19 75 76 46 39
55 30 43 49 50 70 7 32 33 25 34 12 71 72 78 62 17 18 19 75 76 46 47
55 30 43 49 50 70 7 32 33 25 34 12 71 72 78 62 17 18 19 75 76 46 23
55 30 43 49 50 70 7 32 33 25 34 12 71 72 78 62 17 18 19 75 76 22 39
55 30 43 49 50 70 7 32 33 25 34 12 71 72 78 62 17 18 19 75 76 22 47
55 30 43 49 50 70 7 32 33 25 34 12 71 72 78 62 17 18 19 75 76 22 23
55 30 43 49 50 70 7 32 33 25 34 12 71 72 78 77 17 18 19 75 76 46 39
55 30 43 49 50 70 7 32 33 25 34 12 71 72 78 77 17 18 19 75 76 46 47
55 30 43 49 50 70 7 32 33 25 34 12 71 72 78 77 17 18 19 75 76 46 23
55 30 43 49 50 70 7 32 33 25 34 12 71 72 78 77 17 18 19 75 76 22 39
55 30 43 49 50 70 7 32 33 25 34 12 71 72 78 77 17 18 19 75 76 22 47
55 30 43 49 50 70 7 32 33 25 34 12 71 72 78 77 17 18 19 75 76 22 23
55 30 43 49 50 70 7 32 33 61 34 12 71 72 73 74 17 18 19 75 76 46 39
55 30 43 49 50 70 7 32 33 61 34 12 71 72 73 74 17 18 19 75 76 46 47
55 30 43 49 50 70 7 32 33 61 34 12 71 72 73 74 17 18 19 75 76 46 23
55 30 43 49 50 70 7 32 33 61 34 12 71 72 73 74 17 18 19 75 76 22 39
55 30 43 49 50 70 7 32 33 61 34 12 71 72 73 74 17 18 19 75 76 22 47
55 30 43 49 50 70 7 32 33 61 34 12 71 72 73 74 17 18 19 75 76 22 23
55 30 43 49 50 70 7 32 33 61 34 12 71 72 73 62 17 18 19 75 76 46 39
55 30 43 49 50 70 7 32 33 61 34 12 71 72 73 62 17 18 19 75 76 46 47
55 30 43 49 50 70 7 32 33 61 34 12 71 72 73 62 17 18 19 75 76 46 23
55 30 43 49 50 70 7 32 33 61 34 12 71 72 73 62 17 18 19 75 76 22 39
55 30 43 49 50 70 7 32 33 61 34 12 71 72 73 62 17 18 19 75 76 22 47
55 30 43 49 50 70 7 32 33 61 34 12 71 72 73 62 17 18 19 75 76 22 23
55 30 43 49 50 70 7 32 33 61 34 12 71 72 73 77 17 18 19 75 76 46 39
55 30 43 49 50 70 7 32 33 61 34 12 71 72 73 77 17 18 19 75 76 46 47
55 30 43 49 50 70 7 32 33 61 34 12 71 72 73 77 17 18 19 75 76 46 23
55 30 43 49 50 70 7 32 33 61 34 12 71 72 73 77 17 18 19 75 76 22 39
55 30 43 49 50 70 7 32 33 61 34 12 71 72 73 77 17 18 19 75 76 22 47
55 30 43 49 50 70 7 32 33 61 34 12 71 72 73 77 17 18 19 75 76 22 23
55 30 43 49 50 70 7 32 33 61 34 12 71 72 64 74 17 18 19 75 76 46 39
55 30 43 49 50 70 7 32 33 61 34 12 71 72 64 74 17 18 19 75 76 46 47
55 30 43 49 50 70 7 32 33 61 34 12 71 72 64 74 17 18 19 75 76 46 23
55 30 43 49 50 70 7 32 33 61 34 12 71 72 64 74 17 18 19 75 76 22 39
55 30 43 49 50 70 7 32 33 61 34 12 71 72 64 74 17 18 19 75 76 22 47
55 30 43 49 50 70 7 32 33 61 34 12 71 72 64 74 17 18 19 75 76 22 23
55 30 43 49 50 70 7 32 33 61 34 12 71 72 64 62 17 18 19 75 76 46 39
55 30 43 49 50 70 7 32 33 61 34 12 71 72 64 62 17 18 19 75 76 46 47
55 30 43 49 50 70 7 32 33 61 34 12 71 72 64 62 17 18 19 75 76 46 23
55 30 43 49 50 70 7 32 33 61 34 12 71 72 64 62 17 18 19 75 76 22 39
55 30 43 49 50 70 7 32 33 61 34 12 71 72 64 62 17 18 19 75 76 22 47
55 30 43 49 50 70 7 32 33 61 34 12 71 72 64 62 17 18 19 75 76 22 23
55 30 43 49 50 70 7 32 33 61 34 12 71 72 64 77 17 18 19 75 76 46 39
55 30 43 49 50 70 7 32 33 61 34 12 71 72 64 77 17 18 19 75 76 46 47
55 30 43 49 50 70 7 32 33 61 34 12 71 72 64 77 17 18 19 75 76 46 23
55 30 43 49 50 70 7 32 33 61 34 12 71 72 64 77 17 18 19 75 76 22 39
55 30 43 49 50 70 7 32 33 61 34 12 71 72 64 77 17 18 19 75 76 22 47
55 30 43 49 50 70 7 32 33 61 34 12 71 72 64 77 17 18 19 75 76 22 23
55 30 43 49 50 70 7 32 33 61 34 12 71 72 78 74 17 18 19 75 76 46 39
55 30 43 49 50 70 7 32 33 61 34 12 71 72 78 74 17 18 19 75 76 46 47
55 30 43 49 50 70 7 32 33 61 34 12 71 72 78 74 17 18 19 75 76 46 23
55 30 43 49 50 70 7 32 33 61 34 12 71 72 78 74 17 18 19 75 76 22 39
55 30 43 49 50 70 7 32 33 61 34 12 71 72 78 74 17 18 19 75 76 22 47
55 30 43 49 50 70 7 32 33 61 34 12 71 72 78 74 17 18 19 75 76 22 23
55 30 43 49 50 70 7 32 33 61 34 12 71 72 78 62 17 18 19 75 76 46 39
55 30 43 49 50 70 7 32 33 61 34 12 71 72 78 62 17 18 19 75 76 46 47
55 30 43 49 50 70 7 32 33 61 34 12 71 72 78 62 17 18 19 75 76 46 23
55 30 43 49 50 70 7 32 33 61 34 12 71 72 78 62 17 18 19 75 76 22 39
55 30 43 49 50 70 7 32 33 61 34 12 71 72 78 62 17 18 19 75 76 22 47
55 30 43 49 50 70 7 32 33 61 34 12 71 72 78 62 17 18 19 75 76 22 23
55 30 43 49 50 70 7 32 33 61 34 12 71 72 78 77 17 18 19 75 76 46 39
55 30 43 49 50 70 7 32 33 61 34 12 71 72 78 77 17 18 19 75 76 46 47
55 30 43 49 50 70 7 32 33 61 34 12 71 72 78 77 17 18 19 75 76 46 23
55 30 43 49 50 70 7 32 33 61 34 12 71 72 78 77 17 18 19 75 76 22 39
55 30 43 49 50 70 7 32 33 61 34 12 71 72 78 77 17 18 19 75 76 22 47
55 30 43 49 50 70 7 32 33 61 34 12 71 72 78 77 17 18 19 75 76 22 23
55 30 43 28 50 70 7 32 33 41 34 12 71 72 73 74 17 18 19 75 76 46 39
55 30 43 28 50 70 7 32 33 41 34 12 71 72 73 74 17 18 19 75 76 46 47
55 30 43 28 50 70 7 32 33 41 34 12 71 72 73 74 17 18 19 75 76 46 23
55 30 43 28 50 70 7 32 33 41 34 12 71 72 73 74 17 18 19 75 76 22 39
55 30 43 28 50 70 7 32 33 41 34 12 71 72 73 74 17 18 19 75 76 22 47
55 30 43 28 50 70 7 32 33 41 34 12 71 72 73 74 17 18 19 75 76 22 23
55 30 43 28 50 70 7 32 33 41 34 12 71 72 73 62 17 18 19 75 76 46 39
55 30 43 28 50 70 7 32 33 41 34 12 71 72 73 62 17 18 19 75 76 46 47
55 30 43 28 50 70 7 32 33 41 34 12 71 72 73 62 17 18 19 75 76 46 23
55 30 43 28 50 70 7 32 33 41 34 12 71 72 73 62 17 18 19 75 76 22 39
55 30 43 28 50 70 7 32 33 41 34 12 71 72 73 62 17 18 19 75 76 22 47
55 30 43 28 50 70 7 32 33 41 34 12 71 72 73 62 17 18 19 75 76 22 23
55 30 43 28 50 70 7 32 33 41 34 12 71 72 73 77 17 18 19 75 76 46 39
55 30 43 28 50 70 7 32 33 41 34 12 71 72 73 77 17 18 19 75 76 46 47
55 30 43 28 50 70 7 32 33 41 34 12 71 72 73 77 17 18 19 75 76 46 23
55 30 43 28 50 70 7 32 33 41 34 12 71 72 73 77 17 18 19 75 76 22 39
55 30 43 28 50 70 7 32 33 41 34 12 71 72 73 77 17 18 19 75 76 22 47
55 30 43 28 50 70 7 32 33 41 34 12 71 72 73 77 17 18 19 75 76 22 23
55 30 43 28 50 70 7 32 33 41 34 12 71 72 64 74 17 18 19 75 76 46 39
55 30 43 28 50 70 7 32 33 41 34 12 71 72 64 74 17 18 19 75 76 46 47
55 30 43 28 50 70 7 32 33 41 34 12 71 72 64 74 17 18 19 75 76 46 23
55 30 43 28 50 70 7 32 33 41 34 12 71 72 64 74 17 18 19 75 76 22 39
55 30 43 28 50 70 7 32 33 41 34 12 71 72 64 74 17 18 19 75 76 22 47
55 30 43 28 50 70 7 32 33 41 34 12 71 72 64 74 17 18 19 75 76 22 23
55 30 43 28 50 70 7 32 33 41 34 12 71 72 64 62 17 18 19 75 76 46 39
55 30 43 28 50 70 7 32 33 41 34 12 71 72 64 62 17 18 19 75 76 46 47
55 30 43 28 50 70 7 32 33 41 34 12 71 72 64 62 17 18 19 75 76 46 23
55 30 43 28 50 70 7 32 33 41 34 12 71 72 64 62 17 18 19 75 76 22 39
55 30 43 28 50 70 7 32 33 41 34 12 71 72 64 62 17 18 19 75 76 22 47
55 30 43 28 50 70 7 32 33 41 34 12 71 72 64 62 17 18 19 75 76 22 23
55 30 43 28 50 70 7 32 33 41 34 12 71 72 64 77 17 18 19 75 76 46 39
55 30 43 28 50 70 7 32 33 41 34 12 71 72 64 77 17 18 19 75 76 46 47
55 30 43 28 50 70 7 32 33 41 34 12 71 72 64 77 17 18 19 75 76 46 23
55 30 43 28 50 70 7 32 33 41 34 12 71 72 64 77 17 18 19 75 76 22 39
55 30 43 28 50 70 7 32 33 41 34 12 71 72 64 77 17 18 19 75 76 22 47
55 30 43 28 50 70 7 32 33 41 34 12 71 72 64 77 17 18 19 75 76 22 23
55 30 43 28 50 70 7 32 33 41 34 12 71 72 78 74 17 18 19 75 76 46 39
55 30 43 28 50 70 7 32 33 41 34 12 71 72 78 74 17 18 19 75 76 46 47
55 30 43 28 50 70 7 32 33 41 34 12 71 72 78 74 17 18 19 75 76 46 23
55 30 43 28 50 70 7 32 33 41 34 12 71 72 78 74 17 18 19 75 76 22 39
55 30 43 28 50 70 7 32 33 41 34 12 71 72 78 74 17 18 19 75 76 22 47
55 30 43 28 50 70 7 32 33 41 34 12 71 72 78 74 17 18 19 75 76 22 23
55 30 43 28 50 70 7 32 33 41 34 12 71 72 78 62 17 18 19 75 76 46 39
55 30 43 28 50 70 7 32 33 41 34 12 71 72 78 62 17 18 19 75 76 46 47
55 30 43 28 50 70 7 32 33 41 34 12 71 72 78 62 17 18 19 75 76 46 23
55 30 43 28 50 70 7 32 33 41 34 12 71 72 78 62 17 18 19 75 76 22 39
55 30 43 28 50 70 7 32 33 41 34 12 71 72 78 62 17 18 19 75 76 22 47
55 30 43 28 50 70 7 32 33 41 34 12 71 72 78 62 17 18 19 75 76 22 23
55 30 43 28 50 70 7 32 33 41 34 12 71 72 78 77 17 18 19 75 76 46 39
55 30 43 28 50 70 7 32 33 41 34 12 71 72 78 77 17 18 19 75 76 46 47
55 30 43 28 50 70 7 32 33 41 34 12 71 72 78 77 17 18 19 75 76 46 23
55 30 43 28 50 70 7 32 33 41 34 12 71 72 78 77 17 18 19 75 76 22 39
55 30 43 28 50 70 7 32 33 41 34 12 71 72 78 77 17 18 19 75 76 22 47
55 30 43 28 50 70 7 32 33 41 34 12 71 72 78 77 17 18 19 75 76 22 23
55 30 43 28 50 70 7 32 33 25 34 12 71 72 73 74 17 18 19 75 76 46 39
55 30 43 28 50 70 7 32 33 25 34 12 71 72 73 74 17 18 19 75 76 46 47
55 30 43 28 50 70 7 32 33 25 34 12 71 72 73 74 17 18 19 75 76 46 23
55 30 43 28 50 70 7 32 33 25 34 12 71 72 73 74 17 18 19 75 76 22 39
55 30 43 28 50 70 7 32 33 25 34 12 71 72 73 74 17 18 19 75 76 22 47
55 30 43 28 50 70 7 32 33 25 34 12 71 72 73 74 17 18 19 75 76 22 23
55 30 43 28 50 70 7 32 33 25 34 12 71 72 73 62 17 18 19 75 76 46 39
55 30 43 28 50 70 7 32 33 25 34 12 71 72 73 62 17 18 19 75 76 46 47
55 30 43 28 50 70 7 32 33 25 34 12 71 72 73 62 17 18 19 75 76 46 23
55 30 43 28 50 70 7 32 33 25 34 12 71 72 73 62 17 18 19 75 76 22 39
55 30 43 28 50 70 7 32 33 25 34 12 71 72 73 62 17 18 19 75 76 22 47
55 30 43 28 50 70 7 32 33 25 34 12 71 72 73 62 17 18 19 75 76 22 23
55 30 43 28 50 70 7 32 33 25 34 12 71 72 73 77 17 18 19 75 76 46 39
55 30 43 28 50 70 7 32 33 25 34 12 71 72 73 77 17 18 19 75 76 46 47
55 30 43 28 50 70 7 32 33 25 34 12 71 72 73 77 17 18 19 75 76 46 23
55 30 43 28 50 70 7 32 33 25 34 12 71 72 73 77 17 18 19 75 76 22 39
55 30 43 28 50 70 7 32 33 25 34 12 71 72 73 77 17 18 19 75 76 22 47
55 30 43 28 50 70 7 32 33 25 34 12 71 72 73 77 17 18 19 75 76 22 23
55 30 43 28 50 70 7 32 33 25 34 12 71 72 64 74 17 18 19 75 76 46 39
55 30 43 28 50 70 7 32 33 25 34 12 71 72 64 74 17 18 19 75 76 46 47
55 30 43 28 50 70 7 32 33 25 34 12 71 72 64 74 17 18 19 75 76 46 23
55 30 43 28 50 70 7 32 33 25 34 12 71 72 64 74 17 18 19 75 76 22 39
55 30 43 28 50 70 7 32 33 25 34 12 71 72 64 74 17 18 19 75 76 22 47
55 30 43 28 50 70 7 32 33 25 34 12 71 72 64 74 17 18 19 75 76 22 23
55 30 43 28 50 70 7 32 33 25 34 12 71 72 64 62 17 18 19 75 76 46 39
55 30 43 28 50 70 7 32 33 25 34 12 71 72 64 62 17 18 19 75 76 46 47
55 30 43 28 50 70 7 32 33 25 34 12 71 72 64 62 17 18 19 75 76 46 23
55 30 43 28 50 70 7 32 33 25 34 12 71 72 64 62 17 18 19 75 76 22 39
55 30 43 28 50 70 7 32 33 25 34 12 71 72 64 62 17 18 19 75 76 22 47
55 30 43 28 50 70 7 32 33 25 34 12 71 72 64 62 17 18 19 75 76 22 23
55 30 43 28 50 70 7 32 33 25 34 12 71 72 64 77 17 18 19 75 76 46 39
55 30 43 28 50 70 7 32 33 25 34 12 71 72 64 77 17 18 19 75 76 46 47
55 30 43 28 50 70 7 32 33 25 34 12 71 72 64 77 17 18 19 75 76 46 23
55 30 43 28 50 70 7 32 33 25 34 12 71 72 64 77 17 18 19 75 76 22 39
55 30 43 28 50 70 7 32 33 25 34 12 71 72 64 77 17 18 19 75 76 22 47
55 30 43 28 50 70 7 32 33 25 34 12 71 72 64 77 17 18 19 75 76 22 23
55 30 43 28 50 70 7 32 33 25 34 12 71 72 78 74 17 18 19 75 76 46 39
55 30 43 28 50 70 7 32 33 25 34 12 71 72 78 74 17 18 19 75 76 46 47
55 30 43 28 50 70 7 32 33 25 34 12 71 72 78 74 17 18 19 75 76 46 23
55 30 43 28 50 70 7 32 33 25 34 12 71 72 78 74 17 18 19 75 76 22 39
55 30 43 28 50 70 7 32 33 25 34 12 71 72 78 74 17 18 19 75 76 22 47
55 30 43 28 50 70 7 32 33 25 34 12 71 72 78 74 17 18 19 75 76 22 23
55 30 43 28 50 70 7 32 33 25 34 12 71 72 78 62 17 18 19 75 76 46 39
55 30 43 28 50 70 7 32 33 25 34 12 71 72 78 62 17 18 19 75 76 46 47
55 30 43 28 50 70 7 32 33 25 34 12 71 72 78 62 17 18 19 75 76 46 23
55 30 43 28 50 70 7 32 33 25 34 12 71 72 78 62 17 18 19 75 76 22 39
55 30 43 28 50 70 7 32 33 25 34 12 71 72 78 62 17 18 19 75 76 22 47
55 30 43 28 50 70 7 32 33 25 34 12 71 72 78 62 17 18 19 75 76 22 23
55 30 43 28 50 70 7 32 33 25 34 12 71 72 78 77 17 18 19 75 76 46 39
55 30 43 28 50 70 7 32 33 25 34 12 71 72 78 77 17 18 19 75 76 46 47
55 30 43 28 50 70 7 32 33 25 34 12 71 72 78 77 17 18 19 75 76 46 23
55 30 43 28 50 70 7 32 33 25 34 12 71 72 78 77 17 18 19 75 76 22 39
55 30 43 28 50 70 7 32 33 25 34 12 71 72 78 77 17 18 19 75 76 22 47
55 30 43 28 50 70 7 32 33 25 34 12 71 72 78 77 17 18 19 75 76 22 23
55 30 43 28 50 70 7 32 33 61 34 12 71 72 73 74 17 18 19 75 76 46 39
55 30 43 28 50 70 7 32 33 61 34 12 71 72 73 74 17 18 19 75 76 46 47
55 30 43 28 50 70 7 32 33 61 34 12 71 72 73 74 17 18 19 75 76 46 23
55 30 43 28 50 70 7 32 33 61 34 12 71 72 73 74 17 18 19 75 76 22 39
55 30 43 28 50 70 7 32 33 61 34 12 71 72 73 74 17 18 19 75 76 22 47
55 30 43 28 50 70 7 32 33 61 34 12 71 72 73 74 17 18 19 75 76 22 23
55 30 43 28 50 70 7 32 33 61 34 12 71 72 73 62 17 18 19 75 76 46 39
55 30 43 28 50 70 7 32 33 61 34 12 71 72 73 62 17 18 19 75 76 46 47
55 30 43 28 50 70 7 32 33 61 34 12 71 72 73 62 17 18 19 75 76 46 23
55 30 43 28 50 70 7 32 33 61 34 12 71 72 73 62 17 18 19 75 76 22 39
55 30 43 28 50 70 7 32 33 61 34 12 71 72 73 62 17 18 19 75 76 22 47
55 30 43 28 50 70 7 32 33 61 34 12 71 72 73 62 17 18 19 75 76 22 23
55 30 43 28 50 70 7 32 33 61 34 12 71 72 73 77 17 18 19 75 76 46 39
55 30 43 28 50 70 7 32 33 61 34 12 71 72 73 77 17 18 19 75 76 46 47
55 30 43 28 50 70 7 32 33 61 34 12 71 72 73 77 17 18 19 75 76 46 23
55 30 43 28 50 70 7 32 33 61 34 12 71 72 73 77 17 18 19 75 76 22 39
55 30 43 28 50 70 7 32 33 61 34 12 71 72 73 77 17 18 19 75 76 22 47
55 30 43 28 50 70 7 32 33 61 34 12 71 72 73 77 17 18 19 75 76 22 23
55 30 43 28 50 70 7 32 33 61 34 12 71 72 64 74 17 18 19 75 76 46 39
55 30 43 28 50 70 7 32 33 61 34 12 71 72 64 74 17 18 19 75 76 46 47
55 30 43 28 50 70 7 32 33 61 34 12 71 72 64 74 17 18 19 75 76 46 23
55 30 43 28 50 70 7 32 33 61 34 12 71 72 64 74 17 18 19 75 76 22 39
55 30 43 28 50 70 7 32 33 61 34 12 71 72 64 74 17 18 19 75 76 22 47
55 30 43 28 50 70 7 32 33 61 34 12 71 72 64 74 17 18 19 75 76 22 23
55 30 43 28 50 70 7 32 33 61 34 12 71 72 64 62 17 18 19 75 76 46 39
55 30 43 28 50 70 7 32 33 61 34 12 71 72 64 62 17 18 19 75 76 46 47
55 30 43 28 50 70 7 32 33 61 34 12 71 72 64 62 17 18 19 75 76 46 23
55 30 43 28 50 70 7 32 33 61 34 12 71 72 64 62 17 18 19 75 76 22 39
55 30 43 28 50 70 7 32 33 61 34 12 71 72 64 62 17 18 19 75 76 22 47
55 30 43 28 50 70 7 32 33 61 34 12 71 72 64 62 17 18 19 75 76 22 23
55 30 43 28 50 70 7 32 33 61 34 12 71 72 64 77 17 18 19 75 76 46 39
55 30 43 28 50 70 7 32 33 61 34 12 71 72 64 77 17 18 19 75 76 46 47
55 30 43 28 50 70 7 32 33 61 34 12 71 72 64 77 17 18 19 75 76 46 23
55 30 43 28 50 70 7 32 33 61 34 12 71 72 64 77 17 18 19 75 76 22 39
55 30 43 28 50 70 7 32 33 61 34 12 71 72 64 77 17 18 19 75 76 22 47
55 30 43 28 50 70 7 32 33 61 34 12 71 72 64 77 17 18 19 75 76 22 23
55 30 43 28 50 70 7 32 33 61 34 12 71 72 78 74 17 18 19 75 76 46 39
55 30 43 28 50 70 7 32 33 61 34 12 71 72 78 74 17 18 19 75 76 46 47
55 30 43 28 50 70 7 32 33 61 34 12 71 72 78 74 17 18 19 75 76 46 23
55 30 43 28 50 70 7 32 33 61 34 12 71 72 78 74 17 18 19 75 76 22 39
55 30 43 28 50 70 7 32 33 61 34 12 71 72 78 74 17 18 19 75 76 22 47
55 30 43 28 50 70 7 32 33 61 34 12 71 72 78 74 17 18 19 75 76 22 23
55 30 43 28 50 70 7 32 33 61 34 12 71 72 78 62 17 18 19 75 76 46 39
55 30 43 28 50 70 7 32 33 61 34 12 71 72 78 62 17 18 19 75 76 46 47
55 30 43 28 50 70 7 32 33 61 34 12 71 72 78 62 17 18 19 75 76 46 23
55 30 43 28 50 70 7 32 33 61 34 12 71 72 78 62 17 18 19 75 76 22 39
55 30 43 28 50 70 7 32 33 61 34 12 71 72 78 62 17 18 19 75 76 22 47
55 30 43 28 50 70 7 32 33 61 34 12 71 72 78 62 17 18 19 75 76 22 23
55 30 43 28 50 70 7 32 33 61 34 12 71 72 78 77 17 18 19 75 76 46 39
55 30 43 28 50 70 7 32 33 61 34 12 71 72 78 77 17 18 19 75 76 46 47
55 30 43 28 50 70 7 32 33 61 34 12 71 72 78 77 17 18 19 75 76 46 23
55 30 43 28 50 70 7 32 33 61 34 12 71 72 78 77 17 18 19 75 76 22 39
55 30 43 28 50 70 7 32 33 61 34 12 71 72 78 77 17 18 19 75 76 22 47
55 30 43 28 50 70 7 32 33 61 34 12 71 72 78 77 17 18 19 75 76 22 23
1 2 43 4 50 51 7 32 9 10 34 79 13 59 15 16 17 18 19 80 76 46 23
1 2 43 4 50 51 7 32 9 10 34 79 13 59 15 16 17 18 19 80 76 22 23
1 2 43 4 50 51 7 32 9 25 34 79 13 59 15 16 17 18 19 80 76 46 23
1 2 43 4 50 51 7 32 9 25 34 79 13 59 15 16 17 18 19 80 76 22 23
1 2 43 4 50 51 7 32 9 66 34 79 13 59 15 16 17 18 19 80 76 46 23
1 2 43 4 50 51 7 32 9 66 34 79 13 59 15 16 17 18 19 80 76 22 23
1 2 43 4 50 51 7 32 9 61 34 79 13 59 15 16 17 18 19 80 76 46 23
1 2 43 4 50 51 7 32 9 61 34 79 13 59 15 16 17 18 19 80 76 22 23
1 2 43 81 50 51 7 32 9 10 34 79 13 59 15 16 17 18 19 80 76 46 23
1 2 43 81 50 51 7 32 9 10 34 79 13 59 15 16 17 18 19 80 76 22 23
1 2 43 81 50 51 7 32 9 25 34 79 13 59 15 16 17 18 19 80 76 46 23
1 2 43 81 50 51 7 32 9 25 34 79 13 59 15 16 17 18 19 80 76 22 23
1 2 43 81 50 51 7 32 9 66 34 79 13 59 15 16 17 18 19 80 76 46 23
1 2 43 81 50 51 7 32 9 66 34 79 13 59 15 16 17 18 19 80 76 22 23
1 2 43 81 50 51 7 32 9 61 34 79 13 59 15 16 17 18 19 80 76 46 23
1 2 43 81 50 51 7 32 9 61 34 79 13 59 15 16 17 18 19 80 76 22 23
1 2 43 82 50 51 7 32 9 10 34 79 13 59 15 16 17 18 19 80 76 46 23
1 2 43 82 50 51 7 32 9 10 34 79 13 59 15 16 17 18 19 80 76 22 23
1 2 43 82 50 51 7 32 9 25 34 79 13 59 15 16 17 18 19 80 76 46 23
1 2 43 82 50 51 7 32 9 25 34 79 13 59 15 16 17 18 19 80 76 22 23
1 2 43 82 50 51 7 32 9 66 34 79 13 59 15 16 17 18 19 80 76 46 23
1 2 43 82 50 51 7 32 9 66 34 79 13 59 15 16 17 18 19 80 76 22 23
1 2 43 82 50 51 7 32 9 61 34 79 13 59 15 16 17 18 19 80 76 46 23
1 2 43 82 50 51 7 32 9 61 34 79 13 59 15 16 17 18 19 80 76 22 23
1 30 43 4 50 51 7 32 9 10 34 79 13 59 15 16 17 18 19 80 76 46 23
1 30 43 4 50 51 7 32 9 10 34 79 13 59 15 16 17 18 19 80 76 22 23
1 30 43 4 50 51 7 32 9 25 34 79 13 59 15 16 17 18 19 80 76 46 23
1 30 43 4 50 51 7 32 9 25 34 79 13 59 15 16 17 18 19 80 76 22 23
1 30 43 4 50 51 7 32 9 66 34 79 13 59 15 16 17 18 19 80 76 46 23
1 30 43 4 50 51 7 32 9 66 34 79 13 59 15 16 17 18 19 80 76 22 23
1 30 43 4 50 51 7 32 9 61 34 79 13 59 15 16 17 18 19 80 76 46 23
1 30 43 4 50 51 7 32 9 61 34 79 13 59 15 16 17 18 19 80 76 22 23
1 30 43 81 50 51 7 32 9 10 34 79 13 59 15 16 17 18 19 80 76 46 23
1 30 43 81 50 51 7 32 9 10 34 79 13 59 15 16 17 18 19 80 76 22 23
1 30 43 81 50 51 7 32 9 25 34 79 13 59 15 16 17 18 19 80 76 46 23
1 30 43 81 50 51 7 32 9 25 34 79 13 59 15 16 17 18 19 80 76 22 23
1 30 43 81 50 51 7 32 9 66 34 79 13 59 15 16 17 18 19 80 76 46 23
1 30 43 81 50 51 7 32 9 66 34 79 13 59 15 16 17 18 19 80 76 22 23
1 30 43 81 50 51 7 32 9 61 34 79 13 59 15 16 17 18 19 80 76 46 23
1 30 43 81 50 51 7 32 9 61 34 79 13 59 15 16 17 18 19 80 76 22 23
1 30 43 82 50 51 7 32 9 10 34 79 13 59 15 16 17 18 19 80 76 46 23
1 30 43 82 50 51 7 32 9 10 34 79 13 59 15 16 17 18 19 80 76 22 23
1 30 43 82 50 51 7 32 9 25 34 79 13 59 15 16 17 18 19 80 76 46 23
1 30 43 82 50 51 7 32 9 25 34 79 13 59 15 16 17 18 19 80 76 22 23
1 30 43 82 50 51 7 32 9 66 34 79 13 59 15 16 17 18 19 80 76 46 23
1 30 43 82 50 51 7 32 9 66 34 79 13 59 15 16 17 18 19 80 76 22 23
1 30 43 82 50 51 7 32 9 61 34 79 13 59 15 16 17 18 19 80 76 46 23
1 30 43 82 50 51 7 32 9 61 34 79 13 59 15 16 17 18 19 80 76 22 23
55 2 3 4 5 70 7 32 33 10 11 12 13 14 15 16 17 18 19 20 76 37 53
55 2 3 4 5 70 7 32 33 10 11 12 13 14 15 16 17 18 19 20 76 37 39
55 2 3 4 5 70 7 32 33 10 11 12 13 14 15 16 17 18 19 20 76 22 53
55 2 3 4 5 70 7 32 33 10 11 12 13 14 15 16 17 18 19 20 76 22 39
55 2 3 4 5 70 7 32 33 10 11 12 13 59 15 16 17 18 19 20 76 37 53
55 2 3 4 5 70 7 32 33 10 11 12 13 59 15 16 17 18 19 20 76 37 39
55 2 3 4 5 70 7 32 33 10 11 12 13 59 15 16 17 18 19 20 76 22 53
55 2 3 4 5 70 7 32 33 10 11 12 13 59 15 16 17 18 19 20 76 22 39
55 2 3 4 5 70 7 32 33 10 11 12 60 14 15 16 17 18 19 20 76 37 53
55 2 3 4 5 70 7 32 33 10 11 12 60 14 15 16 17 18 19 20 76 37 39
55 2 3 4 5 70 7 32 33 10 11 12 60 14 15 16 17 18 19 20 76 22 53
55 2 3 4 5 70 7 32 33 10 11 12 60 14 15 16 17 18 19 20 76 22 39
55 2 3 4 5 70 7 32 33 10 11 12 60 59 15 16 17 18 19 20 76 37 53
55 2 3 4 5 70 7 32 33 10 11 12 60 59 15 16 17 18 19 20 76 37 39
55 2 3 4 5 70 7 32 33 10 11 12 60 59 15 16 17 18 19 20 76 22 53
55 2 3 4 5 70 7 32 33 10 11 12 60 59 15 16 17 18 19 20 76 22 39
55 2 3 4 5 70 7 32 33 25 11 12 13 14 15 16 17 18 19 20 76 37 53
55 2 3 4 5 70 7 32 33 25 11 12 13 14 15 16 17 18 19 20 76 37 39
55 2 3 4 5 70 7 32 33 25 11 12 13 14 15 16 17 18 19 20 76 22 53
55 2 3 4 5 70 7 32 33 25 11 12 13 14 15 16 17 18 19 20 76 22 39
55 2 3 4 5 70 7 32 33 25 11 12 13 59 15 16 17 18 19 20 76 37 53
55 2 3 4 5 70 7 32 33 25 11 12 13 59 15 16 17 18 19 20 76 37 39
55 2 3 4 5 70 7 32 33 25 11 12 13 59 15 16 17 18 19 20 76 22 53
55 2 3 4 5 70 7 32 33 25 11 12 13 59 15 16 17 18 19 20 76 22 39
55 2 3 4 5 70 7 32 33 25 11 12 60 14 15 16 17 18 19 20 76 37 53
55 2 3 4 5 70 7 32 33 25 11 12 60 14 15 16 17 18 19 20 76 37 39
55 2 3 4 5 70 7 32 33 25 11 12 60 14 15 16 17 18 19 20 76 22 53
55 2 3 4 5 70 7 32 33 25 11 12 60 14 15 16 17 18 19 20 76 22 39
55 2 3 4 5 70 7 32 33 25 11 12 60 59 15 16 17 18 19 20 76 37 53
55 2 3 4 5 70 7 32 33 25 11 12 60 59 15 16 17 18 19 20 76 37 39
55 2 3 4 5 70 7 32 33 25 11 12 60 59 15 16 17 18 19 20 76 22 53
55 2 3 4 5 70 7 32 33 25 11 12 60 59 15 16 17 18 19 20 76 22 39
55 2 3 4 5 70 7 32 33 61 11 12 13 14 15 16 17 18 19 20 76 37 53
55 2 3 4 5 70 7 32 33 61 11 12 13 14 15 16 17 18 19 20 76 37 39
55 2 3 4 5 70 7 32 33 61 11 12 13 14 15 16 17 18 19 20 76 22 53
55 2 3 4 5 70 7 32 33 61 11 12 13 14 15 16 17 18 19 20 76 22 39
55 2 3 4 5 70 7 32 33 61 11 12 13 59 15 16 17 18 19 20 76 37 53
55 2 3 4 5 70 7 32 33 61 11 12 13 59 15 16 17 18 19 20 76 37 39
55 2 3 4 5 70 7 32 33 61 11 12 13 59 15 16 17 18 19 20 76 22 53
55 2 3 4 5 70 7 32 33 61 11 12 13 59 15 16 17 18 19 20 76 22 39
55 2 3 4 5 70 7 32 33 61 11 12 60 14 15 16 17 18 19 20 76 37 53
55 2 3 4 5 70 7 32 33 61 11 12 60 14 15 16 17 18 19 20 76 37 39
55 2 3 4 5 70 7 32 33 61 11 12 60 14 15 16 17 18 19 20 76 22 53
55 2 3 4 5 70 7 32 33 61 11 12 60 14 15 16 17 18 19 20 76 22 39
55 2 3 4 5 70 7 32 33 61 11 12 60 59 15 16 17 18 19 20 76 37 53
55 2 3 4 5 70 7 32 33 61 11 12 60 59 15 16 17 18 19 20 76 37 39
55 2 3 4 5 70 7 32 33 61 11 12 60 59 15 16 17 18 19 20 76 22 53
55 2 3 4 5 70 7 32 33 61 11 12 60 59 15 16 17 18 19 20 76 22 39
55 2 3 49 5 70 7 32 33 10 11 12 13 14 15 16 17 18 19 20 76 37 53
55 2 3 49 5 70 7 32 33 10 11 12 13 14 15 16 17 18 19 20 76 37 39
55 2 3 49 5 70 7 32 33 10 11 12 13 14 15 16 17 18 19 20 76 22 53
55 2 3 49 5 70 7 32 33 10 11 12 13 14 15 16 17 18 19 20 76 22 39
55 2 3 49 5 70 7 32 33 10 11 12 13 59 15 16 17 18 19 20 76 37 53
55 2 3 49 5 70 7 32 33 10 11 12 13 59 15 16 17 18 19 20 76 37 39
55 2 3 49 5 70 7 32 33 10 11 12 13 59 15 16 17 18 19 20 76 22 53
55 2 3 49 5 70 7 32 33 10 11 12 13 59 15 16 17 18 19 20 76 22 39
55 2 3 49 5 70 7 32 33 10 11 12 60 14 15 16 17 18 19 20 76 37 53
55 2 3 49 5 70 7 32 33 10 11 12 60 14 15 16 17 18 19 20 76 37 39
55 2 3 49 5 70 7 32 33 10 11 12 60 14 15 16 17 18 19 20 76 22 53
55 2 3 49 5 70 7 32 33 10 11 12 60 14 15 16 17 18 19 20 76 22 39
55 2 3 49 5 70 7 32 33 10 11 12 60 59 15 16 17 18 19 20 76 37 53
55 2 3 49 5 70 7 32 33 10 11 12 60 59 15 16 17 18 19 20 76 37 39
55 2 3 49 5 70 7 32 33 10 11 12 60 59 15 16 17 18 19 20 76 22 53
55 2 3 49 5 70 7 32 33 10 11 12 60 59 15 16 17 18 19 20 76 22 39
55 2 3 49 5 70 7 32 33 25 11 12 13 14 15 16 17 18 19 20 76 37 53
55 2 3 49 5 70 7 32 33 25 11 12 13 14 15 16 17 18 19 20 76 37 39
55 2 3 49 5 70 7 32 33 25 11 12 13 14 15 16 17 18 19 20 76 22 53
55 2 3 49 5 70 7 32 33 25 11 12 13 14 15 16 17 18 19 20 76 22 39
55 2 3 49 5 70 7 32 33 25 11 12 13 59 15 16 17 18 19 20 76 37 53
55 2 3 49 5 70 7 32 33 25 11 12 13 59 15 16 17 18 19 20 76 37 39
55 2 3 49 5 70 7 32 33 25 11 12 13 59 15 16 17 18 19 20 76 22 53
55 2 3 49 5 70 7 32 33 25 11 12 13 59 15 16 17 18 19 20 76 22 39
55 2 3 49 5 70 7 32 33 25 11 12 60 14 15 16 17 18 19 20 76 37 53
55 2 3 49 5 70 7 32 33 25 11 12 60 14 15 16 17 18 19 20 76 37 39
55 2 3 49 5 70 7 32 33 25 11 12 60 14 15 16 17 18 19 20 76 22 53
55 2 3 49 5 70 7 32 33 25 11 12 60 14 15 16 17 18 19 20 76 22 39
55 2 3 49 5 70 7 32 33 25 11 12 60 59 15 16 17 18 19 20 76 37 53
55 2 3 49 5 70 7 32 33 25 11 12 60 59 15 16 17 18 19 20 76 37 39
55 2 3 49 5 70 7 32 33 25 11 12 60 59 15 16 17 18 19 20 76 22 53
55 2 3 49 5 70 7 32 33 25 11 12 60 59 15 16 17 18 19 20 76 22 39
55 2 3 49 5 70 7 32 33 61 11 12 13 14 15 16 17 18 19 20 76 37 53
55 2 3 49 5 70 7 32 33 61 11 12 13 14 15 16 17 18 19 20 76 37 39
55 2 3 49 5 70 7 32 33 61 11 12 13 14 15 16 17 18 19 20 76 22 53
55 2 3 49 5 70 7 32 33 61 11 12 13 14 15 16 17 18 19 20 76 22 39
55 2 3 49 5 70 7 32 33 61 11 12 13 59 15 16 17 18 19 20 76 37 53
55 2 3 49 5 70 7 32 33 61 11 12 13 59 15 16 17 18 19 20 76 37 39
55 2 3 49 5 70 7 32 33 61 11 12 13 59 15 16 17 18 19 20 76 22 53
55 2 3 49 5 70 7 32 33 61 11 12 13 59 15 16 17 18 19 20 76 22 39
55 2 3 49 5 70 7 32 33 61 11 12 60 14 15 16 17 18 19 20 76 37 53
55 2 3 49 5 70 7 32 33 61 11 12 60 14 15 16 17 18 19 20 76 37 39
55 2 3 49 5 70 7 32 33 61 11 12 60 14 15 16 17 18 19 20 76 22 53
55 2 3 49 5 70 7 32 33 61 11 12 60 14 15 16 17 18 19 20 76 22 39
55 2 3 49 5 70 7 32 33 61 11 12 60 59 15 16 17 18 19 20 76 37 53
55 2 3 49 5 70 7 32 33 61 11 12 60 59 15 16 17 18 19 20 76 37 39
55 2 3 49 5 70 7 32 33 61 11 12 60 59 15 16 17 18 19 20 76 22 53
55 2 3 49 5 70 7 32 33 61 11 12 60 59 15 16 17 18 19 20 76 22 39
55 2 3 83 5 70 7 32 33 10 11 12 13 14 15 16 17 18 19 20 76 37 53
55 2 3 83 5 70 7 32 33 10 11 12 13 14 15 16 17 18 19 20 76 37 39
55 2 3 83 5 70 7 32 33 10 11 12 13 14 15 16 17 18 19 20 76 22 53
55 2 3 83 5 70 7 32 33 10 11 12 13 14 15 16 17 18 19 20 76 22 39
55 2 3 83 5 70 7 32 33 10 11 12 13 59 15 16 17 18 19 20 76 37 53
55 2 3 83 5 70 7 32 33 10 11 12 13 59 15 16 17 18 19 20 76 37 39
55 2 3 83 5 70 7 32 33 10 11 12 13 59 15 16 17 18 19 20 76 22 53
55 2 3 83 5 70 7 32 33 10 11 12 13 59 15 16 17 18 19 20 76 22 39
55 2 3 83 5 70 7 32 33 10 11 12 60 14 15 16 17 18 19 20 76 37 53
55 2 3 83 5 70 7 32 33 10 11 12 60 14 15 16 17 18 19 20 76 37 39
55 2 3 83 5 70 7 32 33 10 11 12 60 14 15 16 17 18 19 20 76 22 53
55 2 3 83 5 70 7 32 33 10 11 12 60 14 15 16 17 18 19 20 76 22 39
55 2 3 83 5 70 7 32 33 10 11 12 60 59 15 16 17 18 19 20 76 37 53
55 2 3 83 5 70 7 32 33 10 11 12 60 59 15 16 17 18 19 20 76 37 39
55 2 3 83 5 70 7 32 33 10 11 12 60 59 15 16 17 18 19 20 76 22 53
55 2 3 83 5 70 7 32 33 10 11 12 60 59 15 16 17 18 19 20 76 22 39
55 2 3 83 5 70 7 32 33 25 11 12 13 14 15 16 17 18 19 20 76 37 53
55 2 3 83 5 70 7 32 33 25 11 12 13 14 15 16 17 18 19 20 76 37 39
55 2 3 83 5 70 7 32 33 25 11 12 13 14 15 16 17 18 19 20 76 22 53
55 2 3 83 5 70 7 32 33 25 11 12 13 14 15 16 17 18 19 20 76 22 39
55 2 3 83 5 70 7 32 33 25 11 12 13 59 15 16 17 18 19 20 76 37 53
55 2 3 83 5 70 7 32 33 25 11 12 13 59 15 16 17 18 19 20 76 37 39
55 2 3 83 5 70 7 32 33 25 11 12 13 59 15 16 17 18 19 20 76 22 53
55 2 3 83 5 70 7 32 33 25 11 12 13 59 15 16 17 18 19 20 76 22 39
55 2 3 83 5 70 7 32 33 25 11 12 60 14 15 16 17 18 19 20 76 37 53
55 2 3 83 5 70 7 32 33 25 11 12 60 14 15 16 17 18 19 20 76 37 39
55 2 3 83 5 70 7 32 33 25 11 12 60 14 15 16 17 18 19 20 76 22 53
55 2 3 83 5 70 7 32 33 25 11 12 60 14 15 16 17 18 19 20 76 22 39
55 2 3 83 5 70 7 32 33 25 11 12 60 59 15 16 17 18 19 20 76 37 53
55 2 3 83 5 70 7 32 33 25 11 12 60 59 15 16 17 18 19 20 76 37 39
55 2 3 83 5 70 7 32 33 25 11 12 60 59 15 16 17 18 19 20 76 22 53
55 2 3 83 5 70 7 32 33 25 11 12 60 59 15 16 17 18 19 20 76 22 39
55 2 3 83 5 70 7 32 33 61 11 12 13 14 15 16 17 18 19 20 76 37 53
55 2 3 83 5 70 7 32 33 61 11 12 13 14 15 16 17 18 19 20 76 37 39
55 2 3 83 5 70 7 32 33 61 11 12 13 14 15 16 17 18 19 20 76 22 53
55 2 3 83 5 70 7 32 33 61 11 12 13 14 15 16 17 18 19 20 76 22 39
55 2 3 83 5 70 7 32 33 61 11 12 13 59 15 16 17 18 19 20 76 37 53
55 2 3 83 5 70 7 32 33 61 11 12 13 59 15 16 17 18 19 20 76 37 39
55 2 3 83 5 70 7 32 33 61 11 12 13 59 15 16 17 18 19 20 76 22 53
55 2 3 83 5 70 7 32 33 61 11 12 13 59 15 16 17 18 19 20 76 22 39
55 2 3 83 5 70 7 32 33 61 11 12 60 14 15 16 17 18 19 20 76 37 53
55 2 3 83 5 70 7 32 33 61 11 12 60 14 15 16 17 18 19 20 76 37 39
55 2 3 83 5 70 7 32 33 61 11 12 60 14 15 16 17 18 19 20 76 22 53
55 2 3 83 5 70 7 32 33 61 11 12 60 14 15 16 17 18 19 20 76 22 39
55 2 3 83 5 70 7 32 33 61 11 12 60 59 15 16 17 18 19 20 76 37 53
55 2 3 83 5 70 7 32 33 61 11 12 60 59 15 16 17 18 19 20 76 37 39
55 2 3 83 5 70 7 32 33 61 11 12 60 59 15 16 17 18 19 20 76 22 53
55 2 3 83 5 70 7 32 33 61 11 12 60 59 15 16 17 18 19 20 76 22 39
55 30 3 4 5 70 7 32 33 10 11 12 13 14 15 16 17 18 19 20 76 37 53
55 30 3 4 5 70 7 32 33 10 11 12 13 14 15 16 17 18 19 20 76 37 39
55 30 3 4 5 70 7 32 33 10 11 12 13 14 15 16 17 18 19 20 76 22 53
55 30 3 4 5 70 7 32 33 10 11 12 13 14 15 16 17 18 19 20 76 22 39
55 30 3 4 5 70 7 32 33 10 11 12 13 59 15 16 17 18 19 20 76 37 53
55 30 3 4 5 70 7 32 33 10 11 12 13 59 15 16 17 18 19 20 76 37 39
55 30 3 4 5 70 7 32 33 10 11 12 13 59 15 16 17 18 19 20 76 22 53
55 30 3 4 5 70 7 32 33 10 11 12 13 59 15 16 17 18 19 20 76 22 39
55 30 3 4 5 70 7 32 33 10 11 12 60 14 15 16 17 18 19 20 76 37 53
55 30 3 4 5 70 7 32 33 10 11 12 60 14 15 16 17 18 19 20 76 37 39
55 30 3 4 5 70 7 32 33 10 11 12 60 14 15 16 17 18 19 20 76 22 53
55 30 3 4 5 70 7 32 33 10 11 12 60 14 15 16 17 18 19 20 76 22 39
55 30 3 4 5 70 7 32 33 10 11 12 60 59 15 16 17 18 19 20 76 37 53
55 30 3 4 5 70 7 32 33 10 11 12 60 59 15 16 17 18 19 20 76 37 39
55 30 3 4 5 70 7 32 33 10 11 12 60 59 15 16 17 18 19 20 76 22 53
55 30 3 4 5 70 7 32 33 10 11 12 60 59 15 16 17 18 19 20 76 22 39
55 30 3 4 5 70 7 32 33 25 11 12 13 14 15 16 17 18 19 20 76 37 53
55 30 3 4 5 70 7 32 33 25 11 12 13 14 15 16 17 18 19 20 76 37 39
55 30 3 4 5 70 7 32 33 25 11 12 13 14 15 16 17 18 19 20 76 22 53
55 30 3 4 5 70 7 32 33 25 11 12 13 14 15 16 17 18 19 20 76 22 39
55 30 3 4 5 70 7 32 33 25 11 12 13 59 15 16 17 18 19 20 76 37 53
55 30 3 4 5 70 7 32 33 25 11 12 13 59 15 16 17 18 19 20 76 37 39
55 30 3 4 5 70 7 32 33 25 11 12 13 59 15 16 17 18 19 20 76 22 53
55 30 3 4 5 70 7 32 33 25 11 12 13 59 15 16 17 18 19 20 76 22 39
55 30 3 4 5 70 7 32 33 25 11 12 60 14 15 16 17 18 19 20 76 37 53
55 30 3 4 5 70 7 32 33 25 11 12 60 14 15 16 17 18 19 20 76 37 39
55 30 3 4 5 70 7 32 33 25 11 12 60 14 15 16 17 18 19 20 76 22 53
55 30 3 4 5 70 7 32 33 25 11 12 60 14 15 16 17 18 19 20 76 22 39
55 30 3 4 5 70 7 32 33 25 11 12 60 59 15 16 17 18 19 20 76 37 53
55 30 3 4 5 70 7 32 33 25 11 12 60 59 15 16 17 18 19 20 76 37 39
55 30 3 4 5 70 7 32 33 25 11 12 60 59 15 16 17 18 19 20 76 22 53
55 30 3 4 5 70 7 32 33 25 11 12 60 59 15 16 17 18 19 20 76 22 39
55 30 3 4 5 70 7 32 33 61 11 12 13 14 15 16 17 18 19 20 76 37 53
55 30 3 4 5 70 7 32 33 61 11 12 13 14 15 16 17 18 19 20 76 37 39
55 30 3 4 5 70 7 32 33 61 11 12 13 14 15 16 17 18 19 20 76 22 53
55 30 3 4 5 70 7 32 33 61 11 12 13 14 15 16 17 18 19 20 76 22 39
55 30 3 4 5 70 7 32 33 61 11 12 13 59 15 16 17 18 19 20 76 37 53
55 30 3 4 5 70 7 32 33 61 11 12 13 59 15 16 17 18 19 20 76 37 39
55 30 3 4 5 70 7 32 33 61 11 12 13 59 15 16 17 18 19 20 76 22 53
55 30 3 4 5 70 7 32 33 61 11 12 13 59 15 16 17 18 19 20 76 22 39
55 30 3 4 5 70 7 32 33 61 11 12 60 14 15 16 17 18 19 20 76 37 53
55 30 3 4 5 70 7 32 33 61 11 12 60 14 15 16 17 18 19 20 76 37 39
55 30 3 4 5 70 7 32 33 61 11 12 60 14 15 16 17 18 19 20 76 22 53
55 30 3 4 5 70 7 32 33 61 11 12 60 14 15 16 17 18 19 20 76 22 39
55 30 3 4 5 70 7 32 33 61 11 12 60 59 15 16 17 18 19 20 76 37 53
55 30 3 4 5 70 7 32 33 61 11 12 60 59 15 16 17 18 19 20 76 37 39
55 30 3 4 5 70 7 32 33 61 11 12 60 59 15 16 17 18 19 20 76 22 53
55 30 3 4 5 70 7 32 33 61 11 12 60 59 15 16 17 18 19 20 76 22 39
55 30 3 49 5 70 7 32 33 10 11 12 13 14 15 16 17 18 19 20 76 37 53
55 30 3 49 5 70 7 32 33 10 11 12 13 14 15 16 17 18 19 20 76 37 39
55 30 3 49 5 70 7 32 33 10 11 12 13 14 15 16 17 18 19 20 76 22 53
55 30 3 49 5 70 7 32 33 10 11 12 13 14 15 16 17 18 19 20 76 22 39
55 30 3 49 5 70 7 32 33 10 11 12 13 59 15 16 17 18 19 20 76 37 53
55 30 3 49 5 70 7 32 33 10 11 12 13 59 15 16 17 18 19 20 76 37 39
55 30 3 49 5 70 7 32 33 10 11 12 13 59 15 16 17 18 19 20 76 22 53
55 30 3 49 5 70 7 32 33 10 11 12 13 59 15 16 17 18 19 20 76 22 39
55 30 3 49 5 70 7 32 33 10 11 12 60 14 15 16 17 18 19 20 76 37 53
55 30 3 49 5 70 7 32 33 10 11 12 60 14 15 16 17 18 19 20 76 37 39
55 30 3 49 5 70 7 32 33 10 11 12 60 14 15 16 17 18 19 20 76 22 53
55 30 3 49 5 70 7 32 33 10 11 12 60 14 15 16 17 18 19 20 76 22 39
55 30 3 49 5 70 7 32 33 10 11 12 60 59 15 16 17 18 19 20 76 37 53
55 30 3 49 5 70 7 32 33 10 11 12 60 59 15 16 17 18 19 20 76 37 39
55 30 3 49 5 70 7 32 33 10 11 12 60 59 15 16 17 18 19 20 76 22 53
55 30 3 49 5 70 7 32 33 10 11 12 60 59 15 16 17 18 19 20 76 22 39
55 30 3 49 5 70 7 32 33 25 11 12 13 14 15 16 17 18 19 20 76 37 53
55 30 3 49 5 70 7 32 33 25 11 12 13 14 15 16 17 18 19 20 76 37 39
55 30 3 49 5 70 7 32 33 25 11 12 13 14 15 16 17 18 19 20 76 22 53
55 30 3 49 5 70 7 32 33 25 11 12 13 14 15 16 17 18 19 20 76 22 39
55 30 3 49 5 70 7 32 33 25 11 12 13 59 15 16 17 18 19 20 76 37 53
55 30 3 49 5 70 7 32 33 25 11 12 13 59 15 16 17 18 19 20 76 37 39
55 30 3 49 5 70 7 32 33 25 11 12 13 59 15 16 17 18 19 20 76 22 53
55 30 3 49 5 70 7 32 33 25 11 12 13 59 15 16 17 18 19 20 76 22 39
55 30 3 49 5 70 7 32 33 25 11 12 60 14 15 16 17 18 19 20 76 37 53
55 30 3 49 5 70 7 32 33 25 11 12 60 14 15 16 17 18 19 20 76 37 39
55 30 3 49 5 70 7 32 33 25 11 12 60 14 15 16 17 18 19 20 76 22 53
55 30 3 49 5 70 7 32 33 25 11 12 60 14 15 16 17 18 19 20 76 22 39
55 30 3 49 5 70 7 32 33 25 11 12 60 59 15 16 17 18 19 20 76 37 53
55 30 3 49 5 70 7 32 33 25 11 12 60 59 15 16 17 18 19 20 76 37 39
55 30 3 49 5 70 7 32 33 25 11 12 60 59 15 16 17 18 19 20 76 22 53
55 30 3 49 5 70 7 32 33 25 11 12 60 59 15 16 17 18 19 20 76 22 39
55 30 3 49 5 70 7 32 33 61 11 12 13 14 15 16 17 18 19 20 76 37 53
55 30 3 49 5 70 7 32 33 61 11 12 13 14 15 16 17 18 19 20 76 37 39
55 30 3 49 5 70 7 32 33 61 11 12 13 14 15 16 17 18 19 20 76 22 53
55 30 3 49 5 70 7 32 33 61 11 12 13 14 15 16 17 18 19 20 76 22 39
55 30 3 49 5 70 7 32 33 61 11 12 13 59 15 16 17 18 19 20 76 37 53
55 30 3 49 5 70 7 32 33 61 11 12 13 59 15 16 17 18 19 20 76 37 39
55 30 3 49 5 70 7 32 33 61 11 12 13 59 15 16 17 18 19 20 76 22 53
55 30 3 49 5 70 7 32 33 61 11 12 13 59 15 16 17 18 19 20 76 22 39
55 30 3 49 5 70 7 32 33 61 11 12 60 14 15 16 17 18 19 20 76 37 53
55 30 3 49 5 70 7 32 33 61 11 12 60 14 15 16 17 18 19 20 76 37 39
55 30 3 49 5 70 7 32 33 61 11 12 60 14 15 16 17 18 19 20 76 22 53
55 30 3 49 5 70 7 32 33 61 11 12 60 14 15 16 17 18 19 20 76 22 39
55 30 3 49 5 70 7 32 33 61 11 12 60 59 15 16 17 18 19 20 76 37 53
55 30 3 49 5 70 7 32 33 61 11 12 60 59 15 16 17 18 19 20 76 37 39
55 30 3 49 5 70 7 32 33 61 11 12 60 59 15 16 17 18 19 20 76 22 53
55 30 3 49 5 70 7 32 33 61 11 12 60 59 15 16 17 18 19 20 76 22 39
55 30 3 83 5 70 7 32 33 10 11 12 13 14 15 16 17 18 19 20 76 37 53
55 30 3 83 5 70 7 32 33 10 11 12 13 14 15 16 17 18 19 20 76 37 39
55 30 3 83 5 70 7 32 33 10 11 12 13 14 15 16 17 18 19 20 76 22 53
55 30 3 83 5 70 7 32 33 10 11 12 13 14 15 16 17 18 19 20 76 22 39
55 30 3 83 5 70 7 32 33 10 11 12 13 59 15 16 17 18 19 20 76 37 53
55 30 3 83 5 70 7 32 33 10 11 12 13 59 15 16 17 18 19 20 76 37 39
55 30 3 83 5 70 7 32 33 10 11 12 13 59 15 16 17 18 19 20 76 22 53
55 30 3 83 5 70 7 32 33 10 11 12 13 59 15 16 17 18 19 20 76 22 39
55 30 3 83 5 70 7 32 33 10 11 12 60 14 15 16 17 18 19 20 76 37 53
55 30 3 83 5 70 7 32 33 10 11 12 60 14 15 16 17 18 19 20 76 37 39
55 30 3 83 5 70 7 32 33 10 11 12 60 14 15 16 17 18 19 20 76 22 53
55 30 3 83 5 70 7 32 33 10 11 12 60 14 15 16 17 18 19 20 76 22 39
55 30 3 83 5 70 7 32 33 10 11 12 60 59 15 16 17 18 19 20 76 37 53
55 30 3 83 5 70 7 32 33 10 11 12 60 59 15 16 17 18 19 20 76 37 39
55 30 3 83 5 70 7 32 33 10 11 12 60 59 15 16 17 18 19 20 76 22 53
55 30 3 83 5 70 7 32 33 10 11 12 60 59 15 16 17 18 19 20 76 22 39
55 30 3 83 5 70 7 32 33 25 11 12 13 14 15 16 17 18 19 20 76 37 53
55 30 3 83 5 70 7 32 33 25 11 12 13 14 15 16 17 18 19 20 76 37 39
55 30 3 83 5 70 7 32 33 25 11 12 13 14 15 16 17 18 19 20 76 22 53
55 30 3 83 5 70 7 32 33 25 11 12 13 14 15 16 17 18 19 20 76 22 39
55 30 3 83 5 70 7 32 33 25 11 12 13 59 15 16 17 18 19 20 76 37 53
55 30 3 83 5 70 7 32 33 25 11 12 13 59 15 16 17 18 19 20 76 37 39
55 30 3 83 5 70 7 32 33 25 11 12 13 59 15 16 17 18 19 20 76 22 53
55 30 3 83 5 70 7 32 33 25 11 12 13 59 15 16 17 18 19 20 76 22 39
55 30 3 83 5 70 7 32 33 25 11 12 60 14 15 16 17 18 19 20 76 37 53
55 30 3 83 5 70 7 32 33 25 11 12 60 14 15 16 17 18 19 20 76 37 39
55 30 3 83 5 70 7 32 33 25 11 12 60 14 15 16 17 18 19 20 76 22 53
55 30 3 83 5 70 7 32 33 25 11 12 60 14 15 16 17 18 19 20 76 22 39
55 30 3 83 5 70 7 32 33 25 11 12 60 59 15 16 17 18 19 20 76 37 53
55 30 3 83 5 70 7 32 33 25 11 12 60 59 15 16 17 18 19 20 76 37 39
55 30 3 83 5 70 7 32 33 25 11 12 60 59 15 16 17 18 19 20 76 22 53
55 30 3 83 5 70 7 32 33 25 11 12 60 59 15 16 17 18 19 20 76 22 39
55 30 3 83 5 70 7 32 33 61 11 12 13 14 15 16 17 18 19 20 76 37 53
55 30 3 83 5 70 7 32 33 61 11 12 13 14 15 16 17 18 19 20 76 37 39
55 30 3 83 5 70 7 32 33 61 11 12 13 14 15 16 17 18 19 20 76 22 53
55 30 3 83 5 70 7 32 33 61 11 12 13 14 15 16 17 18 19 20 76 22 39
55 30 3 83 5 70 7 32 33 61 11 12 13 59 15 16 17 18 19 20 76 37 53
55 30 3 83 5 70 7 32 33 61 11 12 13 59 15 16 17 18 19 20 76 37 39
55 30 3 83 5 70 7 32 33 61 11 12 13 59 15 16 17 18 19 20 76 22 53
55 30 3 83 5 70 7 32 33 61 11 12 13 59 15 16 17 18 19 20 76 22 39
55 30 3 83 5 70 7 32 33 61 11 12 60 14 15 16 17 18 19 20 76 37 53
55 30 3 83 5 70 7 32 33 61 11 12 60 14 15 16 17 18 19 20 76 37 39
55 30 3 83 5 70 7 32 33 61 11 12 60 14 15 16 17 18 19 20 76 22 53
55 30 3 83 5 70 7 32 33 61 11 12 60 14 15 16 17 18 19 20 76 22 39
55 30 3 83 5 70 7 32 33 61 11 12 60 59 15 16 17 18 19 20 76 37 53
55 30 3 83 5 70 7 32 33 61 11 12 60 59 15 16 17 18 19 20 76 37 39
55 30 3 83 5 70 7 32 33 61 11 12 60 59 15 16 17 18 19 20 76 22 53
55 30 3 83 5 70 7 32 33 61 11 12 60 59 15 16 17 18 19 20 76 22 39
55 31 3 4 5 51 7 32 33 10 34 12 13 14 15 16 17 18 84 20 85 22 38
55 31 3 4 5 51 7 32 33 10 34 12 13 14 15 16 17 18 84 20 85 22 39
55 31 3 4 5 51 7 32 33 41 34 12 13 14 15 16 17 18 84 20 85 22 38
55 31 3 4 5 51 7 32 33 41 34 12 13 14 15 16 17 18 84 20 85 22 39
55 31 3 4 5 51 7 32 33 86 34 12 13 14 15 16 17 18 84 20 85 22 38
55 31 3 4 5 51 7 32 33 86 34 12 13 14 15 16 17 18 84 20 85 22 39
55 31 3 69 5 51 7 32 33 10 34 12 13 14 15 16 17 18 84 20 85 22 38
55 31 3 69 5 51 7 32 33 10 34 12 13 14 15 16 17 18 84 20 85 22 39
55 31 3 69 5 51 7 32 33 41 34 12 13 14 15 16 17 18 84 20 85 22 38
55 31 3 69 5 51 7 32 33 41 34 12 13 14 15 16 17 18 84 20 85 22 39
55 31 3 69 5 51 7 32 33 86 34 12 13 14 15 16 17 18 84 20 85 22 38
55 31 3 69 5 51 7 32 33 86 34 12 13 14 15 16 17 18 84 20 85 22 39
55 31 3 83 5 51 7 32 33 10 34 12 13 14 15 16 17 18 84 20 85 22 38
55 31 3 83 5 51 7 32 33 10 34 12 13 14 15 16 17 18 84 20 85 22 39
55 31 3 83 5 51 7 32 33 41 34 12 13 14 15 16 17 18 84 20 85 22 38
55 31 3 83 5 51 7 32 33 41 34 12 13 14 15 16 17 18 84 20 85 22 39
55 31 3 83 5 51 7 32 33 86 34 12 13 14 15 16 17 18 84 20 85 22 38
55 31 3 83 5 51 7 32 33 86 34 12 13 14 15 16 17 18 84 20 85 22 39
55 31 43 4 5 51 7 32 33 10 34 12 13 14 15 16 17 18 84 20 85 22 38
55 31 43 4 5 51 7 32 33 10 34 12 13 14 15 16 17 18 84 20 85 22 39
55 31 43 4 5 51 7 32 33 41 34 12 13 14 15 16 17 18 84 20 85 22 38
55 31 43 4 5 51 7 32 33 41 34 12 13 14 15 16 17 18 84 20 85 22 39
55 31 43 4 5 51 7 32 33 86 34 12 13 14 15 16 17 18 84 20 85 22 38
55 31 43 4 5 51 7 32 33 86 34 12 13 14 15 16 17 18 84 20 85 22 39
55 31 43 69 5 51 7 32 33 10 34 12 13 14 15 16 17 18 84 20 85 22 38
55 31 43 69 5 51 7 32 33 10 34 12 13 14 15 16 17 18 84 20 85 22 39
55 31 43 69 5 51 7 32 33 41 34 12 13 14 15 16 17 18 84 20 85 22 38
55 31 43 69 5 51 7 32 33 41 34 12 13 14 15 16 17 18 84 20 85 22 39
55 31 43 69 5 51 7 32 33 86 34 12 13 14 15 16 17 18 84 20 85 22 38
55 31 43 69 5 51 7 32 33 86 34 12 13 14 15 16 17 18 84 20 85 22 39
55 31 43 83 5 51 7 32 33 10 34 12 13 14 15 16 17 18 84 20 85 22 38
55 31 43 83 5 51 7 32 33 10 34 12 13 14 15 16 17 18 84 20 85 22 39
55 31 43 83 5 51 7 32 33 41 34 12 13 14 15 16 17 18 84 20 85 22 38
55 31 43 83 5 51 7 32 33 41 34 12 13 14 15 16 17 18 84 20 85 22 39
55 31 43 83 5 51 7 32 33 86 34 12 13 14 15 16 17 18 84 20 85 22 38
55 31 43 83 5 51 7 32 33 86 34 12 13 14 15 16 17 18 84 20 85 22 39
55 30 3 4 5 51 7 32 33 10 34 12 13 14 15 16 17 18 84 20 85 22 38
55 30 3 4 5 51 7 32 33 10 34 12 13 14 15 16 17 18 84 20 85 22 39
55 30 3 4 5 51 7 32 33 41 34 12 13 14 15 16 17 18 84 20 85 22 38
55 30 3 4 5 51 7 32 33 41 34 12 13 14 15 16 17 18 84 20 85 22 39
55 30 3 4 5 51 7 32 33 86 34 12 13 14 15 16 17 18 84 20 85 22 38
55 30 3 4 5 51 7 32 33 86 34 12 13 14 15 16 17 18 84 20 85 22 39
55 30 3 69 5 51 7 32 33 10 34 12 13 14 15 16 17 18 84 20 85 22 38
55 30 3 69 5 51 7 32 33 10 34 12 13 14 15 16 17 18 84 20 85 22 39
55 30 3 69 5 51 7 32 33 41 34 12 13 14 15 16 17 18 84 20 85 22 38
55 30 3 69 5 51 7 32 33 41 34 12 13 14 15 16 17 18 84 20 85 22 39
55 30 3 69 5 51 7 32 33 86 34 12 13 14 15 16 17 18 84 20 85 22 38
55 30 3 69 5 51 7 32 33 86 34 12 13 14 15 16 17 18 84 20 85 22 39
55 30 3 83 5 51 7 32 33 10 34 12 13 14 15 16 17 18 84 20 85 22 38
55 30 3 83 5 51 7 32 33 10 34 12 13 14 15 16 17 18 84 20 85 22 39
55 30 3 83 5 51 7 32 33 41 34 12 13 14 15 16 17 18 84 20 85 22 38
55 30 3 83 5 51 7 32 33 41 34 12 13 14 15 16 17 18 84 20 85 22 39
55 30 3 83 5 51 7 32 33 86 34 12 13 14 15 16 17 18 84 20 85 22 38
55 30 3 83 5 51 7 32 33 86 34 12 13 14 15 16 17 18 84 20 85 22 39
55 30 43 4 5 51 7 32 33 10 34 12 13 14 15 16 17 18 84 20 85 22 38
55 30 43 4 5 51 7 32 33 10 34 12 13 14 15 16 17 18 84 20 85 22 39
55 30 43 4 5 51 7 32 33 41 34 12 13 14 15 16 17 18 84 20 85 22 38
55 30 43 4 5 51 7 32 33 41 34 12 13 14 15 16 17 18 84 20 85 22 39
55 30 43 4 5 51 7 32 33 86 34 12 13 14 15 16 17 18 84 20 85 22 38
55 30 43 4 5 51 7 32 33 86 34 12 13 14 15 16 17 18 84 20 85 22 39
55 30 43 69 5 51 7 32 33 10 34 12 13 14 15 16 17 18 84 20 85 22 38
55 30 43 69 5 51 7 32 33 10 34 12 13 14 15 16 17 18 84 20 85 22 39
55 30 43 69 5 51 7 32 33 41 34 12 13 14 15 16 17 18 84 20 85 22 38
55 30 43 69 5 51 7 32 33 41 34 12 13 14 15 16 17 18 84 20 85 22 39
55 30 43 69 5 51 7 32 33 86 34 12 13 14 15 16 17 18 84 20 85 22 38
55 30 43 69 5 51 7 32 33 86 34 12 13 14 15 16 17 18 84 20 85 22 39
55 30 43 83 5 51 7 32 33 10 34 12 13 14 15 16 17 18 84 20 85 22 38
55 30 43 83 5 51 7 32 33 10 34 12 13 14 15 16 17 18 84 20 85 22 39
55 30 43 83 5 51 7 32 33 41 34 12 13 14 15 16 17 18 84 20 85 22 38
55 30 43 83 5 51 7 32 33 41 34 12 13 14 15 16 17 18 84 20 85 22 39
55 30 43 83 5 51 7 32 33 86 34 12 13 14 15 16 17 18 84 20 85 22 38
55 30 43 83 5 51 7 32 33 86 34 12 13 14 15 16 17 18 84 20 85 22 39
1 2 29 48 50 51 7 8 9 10 34 12 13 14 15 77 17 18 19 57 87 22 88
1 2 29 48 50 51 7 8 9 10 34 12 13 59 15 77 17 18 19 57 87 22 88
1 2 29 48 50 51 7 8 9 10 34 12 60 14 15 77 17 18 19 57 87 22 88
1 2 29 48 50 51 7 8 9 10 34 12 60 59 15 77 17 18 19 57 87 22 88
1 2 29 89 50 51 7 8 9 10 34 12 13 14 15 77 17 18 19 57 87 22 88
1 2 29 89 50 51 7 8 9 10 34 12 13 59 15 77 17 18 19 57 87 22 88
1 2 29 89 50 51 7 8 9 10 34 12 60 14 15 77 17 18 19 57 87 22 88
1 2 29 89 50 51 7 8 9 10 34 12 60 59 15 77 17 18 19 57 87 22 88
1 2 29 48 50 51 7 8 9 10 34 12 13 14 15 77 17 18 19 57 87 22 88
1 2 29 48 50 51 7 8 9 10 34 12 13 59 15 77 17 18 19 57 87 22 88
1 2 29 48 50 51 7 8 9 10 34 12 60 14 15 77 17 18 19 57 87 22 88
1 2 29 48 50 51 7 8 9 10 34 12 60 59 15 77 17 18 19 57 87 22 88
1 2 43 48 50 51 7 8 9 10 34 12 13 14 15 77 17 18 19 57 87 22 88
1 2 43 48 50 51 7 8 9 10 34 12 13 59 15 77 17 18 19 57 87 22 88
1 2 43 48 50 51 7 8 9 10 34 12 60 14 15 77 17 18 19 57 87 22 88
1 2 43 48 50 51 7 8 9 10 34 12 60 59 15 77 17 18 19 57 87 22 88
1 2 43 89 50 51 7 8 9 10 34 12 13 14 15 77 17 18 19 57 87 22 88
1 2 43 89 50 51 7 8 9 10 34 12 13 59 15 77 17 18 19 57 87 22 88
1 2 43 89 50 51 7 8 9 10 34 12 60 14 15 77 17 18 19 57 87 22 88
1 2 43 89 50 51 7 8 9 10 34 12 60 59 15 77 17 18 19 57 87 22 88
1 2 43 48 50 51 7 8 9 10 34 12 13 14 15 77 17 18 19 57 87 22 88
1 2 43 48 50 51 7 8 9 10 34 12 13 59 15 77 17 18 19 57 87 22 88
1 2 43 48 50 51 7 8 9 10 34 12 60 14 15 77 17 18 19 57 87 22 88
1 2 43 48 50 51 7 8 9 10 34 12 60 59 15 77 17 18 19 57 87 22 88
1 30 29 48 50 51 7 8 9 10 34 12 13 14 15 77 17 18 19 57 87 22 88
1 30 29 48 50 51 7 8 9 10 34 12 13 59 15 77 17 18 19 57 87 22 88
1 30 29 48 50 51 7 8 9 10 34 12 60 14 15 77 17 18 19 57 87 22 88
1 30 29 48 50 51 7 8 9 10 34 12 60 59 15 77 17 18 19 57 87 22 88
1 30 29 89 50 51 7 8 9 10 34 12 13 14 15 77 17 18 19 57 87 22 88
1 30 29 89 50 51 7 8 9 10 34 12 13 59 15 77 17 18 19 57 87 22 88
1 30 29 89 50 51 7 8 9 10 34 12 60 14 15 77 17 18 19 57 87 22 88
1 30 29 89 50 51 7 8 9 10 34 12 60 59 15 77 17 18 19 57 87 22 88
1 30 29 48 50 51 7 8 9 10 34 12 13 14 15 77 17 18 19 57 87 22 88
1 30 29 48 50 51 7 8 9 10 34 12 13 59 15 77 17 18 19 57 87 22 88
1 30 29 48 50 51 7 8 9 10 34 12 60 14 15 77 17 18 19 57 87 22 88
1 30 29 48 50 51 7 8 9 10 34 12 60 59 15 77 17 18 19 57 87 22 88
1 30 43 48 50 51 7 8 9 10 34 12 13 14 15 77 17 18 19 57 87 22 88
1 30 43 48 50 51 7 8 9 10 34 12 13 59 15 77 17 18 19 57 87 22 88
1 30 43 48 50 51 7 8 9 10 34 12 60 14 15 77 17 18 19 57 87 22 88
1 30 43 48 50 51 7 8 9 10 34 12 60 59 15 77 17 18 19 57 87 22 88
1 30 43 89 50 51 7 8 9 10 34 12 13 14 15 77 17 18 19 57 87 22 88
1 30 43 89 50 51 7 8 9 10 34 12 13 59 15 77 17 18 19 57 87 22 88
1 30 43 89 50 51 7 8 9 10 34 12 60 14 15 77 17 18 19 57 87 22 88
1 30 43 89 50 51 7 8 9 10 34 12 60 59 15 77 17 18 19 57 87 22 88
1 30 43 48 50 51 7 8 9 10 34 12 13 14 15 77 17 18 19 57 87 22 88
1 30 43 48 50 51 7 8 9 10 34 12 13 59 15 77 17 18 19 57 87 22 88
1 30 43 48 50 51 7 8 9 10 34 12 60 14 15 77 17 18 19 57 87 22 88
1 30 43 48 50 51 7 8 9 10 34 12 60 59 15 77 17 18 19 57 87 22 88
1 90 29 48 50 51 7 8 9 10 34 12 13 14 15 77 17 18 19 57 87 22 88
1 90 29 48 50 51 7 8 9 10 34 12 13 59 15 77 17 18 19 57 87 22 88
1 90 29 48 50 51 7 8 9 10 34 12 60 14 15 77 17 18 19 57 87 22 88
1 90 29 48 50 51 7 8 9 10 34 12 60 59 15 77 17 18 19 57 87 22 88
1 90 29 89 50 51 7 8 9 10 34 12 13 14 15 77 17 18 19 57 87 22 88
1 90 29 89 50 51 7 8 9 10 34 12 13 59 15 77 17 18 19 57 87 22 88
1 90 29 89 50 51 7 8 9 10 34 12 60 14 15 77 17 18 19 57 87 22 88
1 90 29 89 50 51 7 8 9 10 34 12 60 59 15 77 17 18 19 57 87 22 88
1 90 29 48 50 51 7 8 9 10 34 12 13 14 15 77 17 18 19 57 87 22 88
1 90 29 48 50 51 7 8 9 10 34 12 13 59 15 77 17 18 19 57 87 22 88
1 90 29 48 50 51 7 8 9 10 34 12 60 14 15 77 17 18 19 57 87 22 88
1 90 29 48 50 51 7 8 9 10 34 12 60 59 15 77 17 18 19 57 87 22 88
1 90 43 48 50 51 7 8 9 10 34 12 13 14 15 77 17 18 19 57 87 22 88
1 90 43 48 50 51 7 8 9 10 34 12 13 59 15 77 17 18 19 57 87 22 88
1 90 43 48 50 51 7 8 9 10 34 12 60 14 15 77 17 18 19 57 87 22 88
1 90 43 48 50 51 7 8 9 10 34 12 60 59 15 77 17 18 19 57 87 22 88
1 90 43 89 50 51 7 8 9 10 34 12 13 14 15 77 17 18 19 57 87 22 88
1 90 43 89 50 51 7 8 9 10 34 12 13 59 15 77 17 18 19 57 87 22 88
1 90 43 89 50 51 7 8 9 10 34 12 60 14 15 77 17 18 19 57 87 22 88
1 90 43 89 50 51 7 8 9 10 34 12 60 59 15 77 17 18 19 57 87 22 88
1 90 43 48 50 51 7 8 9 10 34 12 13 14 15 77 17 18 19 57 87 22 88
1 90 43 48 50 51 7 8 9 10 34 12 13 59 15 77 17 18 19 57 87 22 88
1 90 43 48 50 51 7 8 9 10 34 12 60 14 15 77 17 18 19 57 87 22 88
1 90 43 48 50 51 7 8 9 10 34 12 60 59 15 77 17 18 19 57 87 22 88
1 2 3 69 5 51 7 32 33 10 34 79 13 14 15 16 17 18 84 57 87 91 92
1 2 3 69 5 51 7 32 33 10 34 79 13 14 15 93 17 18 84 57 87 91 92
1 2 3 69 5 51 7 32 33 10 34 79 13 14 94 16 17 18 84 57 87 91 92
1 2 3 69 5 51 7 32 33 10 34 79 13 14 94 93 17 18 84 57 87 91 92
1 2 3 69 5 51 7 32 33 95 34 79 13 14 15 16 17 18 84 57 87 91 92
1 2 3 69 5 51 7 32 33 95 34 79 13 14 15 93 17 18 84 57 87 91 92
1 2 3 69 5 51 7 32 33 95 34 79 13 14 94 16 17 18 84 57 87 91 92
1 2 3 69 5 51 7 32 33 95 34 79 13 14 94 93 17 18 84 57 87 91 92
1 2 3 83 5 51 7 32 33 10 34 79 13 14 15 16 17 18 84 57 87 91 92
1 2 3 83 5 51 7 32 33 10 34 79 13 14 15 93 17 18 84 57 87 91 92
1 2 3 83 5 51 7 32 33 10 34 79 13 14 94 16 17 18 84 57 87 91 92
1 2 3 83 5 51 7 32 33 10 34 79 13 14 94 93 17 18 84 57 87 91 92
1 2 3 83 5 51 7 32 33 95 34 79 13 14 15 16 17 18 84 57 87 91 92
1 2 3 83 5 51 7 32 33 95 34 79 13 14 15 93 17 18 84 57 87 91 92
1 2 3 83 5 51 7 32 33 95 34 79 13 14 94 16 17 18 84 57 87 91 92
1 2 3 83 5 51 7 32 33 95 34 79 13 14 94 93 17 18 84 57 87 91 92
1 2 3 67 5 51 7 32 33 10 34 79 13 14 15 16 17 18 84 57 87 91 92
1 2 3 67 5 51 7 32 33 10 34 79 13 14 15 93 17 18 84 57 87 91 92
1 2 3 67 5 51 7 32 33 10 34 79 13 14 94 16 17 18 84 57 87 91 92
1 2 3 67 5 51 7 32 33 10 34 79 13 14 94 93 17 18 84 57 87 91 92
1 2 3 67 5 51 7 32 33 95 34 79 13 14 15 16 17 18 84 57 87 91 92
1 2 3 67 5 51 7 32 33 95 34 79 13 14 15 93 17 18 84 57 87 91 92
1 2 3 67 5 51 7 32 33 95 34 79 13 14 94 16 17 18 84 57 87 91 92
1 2 3 67 5 51 7 32 33 95 34 79 13 14 94 93 17 18 84 57 87 91 92
1 2 3 48 5 51 7 32 33 10 34 79 13 14 15 16 17 18 84 57 87 91 92
1 2 3 48 5 51 7 32 33 10 34 79 13 14 15 93 17 18 84 57 87 91 92
1 2 3 48 5 51 7 32 33 10 34 79 13 14 94 16 17 18 84 57 87 91 92
1 2 3 48 5 51 7 32 33 10 34 79 13 14 94 93 17 18 84 57 87 91 92
1 2 3 48 5 51 7 32 33 95 34 79 13 14 15 16 17 18 84 57 87 91 92
1 2 3 48 5 51 7 32 33 95 34 79 13 14 15 93 17 18 84 57 87 91 92
1 2 3 48 5 51 7 32 33 95 34 79 13 14 94 16 17 18 84 57 87 91 92
1 2 3 48 5 51 7 32 33 95 34 79 13 14 94 93 17 18 84 57 87 91 92
1 2 43 69 5 51 7 32 33 10 34 79 13 14 15 16 17 18 84 57 87 91 92
1 2 43 69 5 51 7 32 33 10 34 79 13 14 15 93 17 18 84 57 87 91 92
1 2 43 69 5 51 7 32 33 10 34 79 13 14 94 16 17 18 84 57 87 91 92
1 2 43 69 5 51 7 32 33 10 34 79 13 14 94 93 17 18 84 57 87 91 92
1 2 43 69 5 51 7 32 33 95 34 79 13 14 15 16 17 18 84 57 87 91 92
1 2 43 69 5 51 7 32 33 95 34 79 13 14 15 93 17 18 84 57 87 91 92
1 2 43 69 5 51 7 32 33 95 34 79 13 14 94 16 17 18 84 57 87 91 92
1 2 43 69 5 51 7 32 33 95 34 79 13 14 94 93 17 18 84 57 87 91 92
1 2 43 83 5 51 7 32 33 10 34 79 13 14 15 16 17 18 84 57 87 91 92
1 2 43 83 5 51 7 32 33 10 34 79 13 14 15 93 17 18 84 57 87 91 92
1 2 43 83 5 51 7 32 33 10 34 79 13 14 94 16 17 18 84 57 87 91 92
1 2 43 83 5 51 7 32 33 10 34 79 13 14 94 93 17 18 84 57 87 91 92
1 2 43 83 5 51 7 32 33 95 34 79 13 14 15 16 17 18 84 57 87 91 92
1 2 43 83 5 51 7 32 33 95 34 79 13 14 15 93 17 18 84 57 87 91 92
1 2 43 83 5 51 7 32 33 95 34 79 13 14 94 16 17 18 84 57 87 91 92
1 2 43 83 5 51 7 32 33 95 34 79 13 14 94 93 17 18 84 57 87 91 92
1 2 43 67 5 51 7 32 33 10 34 79 13 14 15 16 17 18 84 57 87 91 92
1 2 43 67 5 51 7 32 33 10 34 79 13 14 15 93 17 18 84 57 87 91 92
1 2 43 67 5 51 7 32 33 10 34 79 13 14 94 16 17 18 84 57 87 91 92
1 2 43 67 5 51 7 32 33 10 34 79 13 14 94 93 17 18 84 57 87 91 92
1 2 43 67 5 51 7 32 33 95 34 79 13 14 15 16 17 18 84 57 87 91 92
1 2 43 67 5 51 7 32 33 95 34 79 13 14 15 93 17 18 84 57 87 91 92
1 2 43 67 5 51 7 32 33 95 34 79 13 14 94 16 17 18 84 57 87 91 92
1 2 43 67 5 51 7 32 33 95 34 79 13 14 94 93 17 18 84 57 87 91 92
1 2 43 48 5 51 7 32 33 10 34 79 13 14 15 16 17 18 84 57 87 91 92
1 2 43 48 5 51 7 32 33 10 34 79 13 14 15 93 17 18 84 57 87 91 92
1 2 43 48 5 51 7 32 33 10 34 79 13 14 94 16 17 18 84 57 87 91 92
1 2 43 48 5 51 7 32 33 10 34 79 13 14 94 93 17 18 84 57 87 91 92
1 2 43 48 5 51 7 32 33 95 34 79 13 14 15 16 17 18 84 57 87 91 92
1 2 43 48 5 51 7 32 33 95 34 79 13 14 15 93 17 18 84 57 87 91 92
1 2 43 48 5 51 7 32 33 95 34 79 13 14 94 16 17 18 84 57 87 91 92
1 2 43 48 5 51 7 32 33 95 34 79 13 14 94 93 17 18 84 57 87 91 92
1 30 3 69 5 51 7 32 33 10 34 79 13 14 15 16 17 18 84 57 87 91 92
1 30 3 69 5 51 7 32 33 10 34 79 13 14 15 93 17 18 84 57 87 91 92
1 30 3 69 5 51 7 32 33 10 34 79 13 14 94 16 17 18 84 57 87 91 92
1 30 3 69 5 51 7 32 33 10 34 79 13 14 94 93 17 18 84 57 87 91 92
1 30 3 69 5 51 7 32 33 95 34 79 13 14 15 16 17 18 84 57 87 91 92
1 30 3 69 5 51 7 32 33 95 34 79 13 14 15 93 17 18 84 57 87 91 92
1 30 3 69 5 51 7 32 33 95 34 79 13 14 94 16 17 18 84 57 87 91 92
1 30 3 69 5 51 7 32 33 95 34 79 13 14 94 93 17 18 84 57 87 91 92
1 30 3 83 5 51 7 32 33 10 34 79 13 14 15 16 17 18 84 57 87 91 92
1 30 3 83 5 51 7 32 33 10 34 79 13 14 15 93 17 18 84 57 87 91 92
1 30 3 83 5 51 7 32 33 10 34 79 13 14 94 16 17 18 84 57 87 91 92
1 30 3 83 5 51 7 32 33 10 34 79 13 14 94 93 17 18 84 57 87 91 92
1 30 3 83 5 51 7 32 33 95 34 79 13 14 15 16 17 18 84 57 87 91 92
1 30 3 83 5 51 7 32 33 95 34 79 13 14 15 93 17 18 84 57 87 91 92
1 30 3 83 5 51 7 32 33 95 34 79 13 14 94 16 17 18 84 57 87 91 92
1 30 3 83 5 51 7 32 33 95 34 79 13 14 94 93 17 18 84 57 87 91 92
1 30 3 67 5 51 7 32 33 10 34 79 13 14 15 16 17 18 84 57 87 91 92
1 30 3 67 5 51 7 32 33 10 34 79 13 14 15 93 17 18 84 57 87 91 92
1 30 3 67 5 51 7 32 33 10 34 79 13 14 94 16 17 18 84 57 87 91 92
1 30 3 67 5 51 7 32 33 10 34 79 13 14 94 93 17 18 84 57 87 91 92
1 30 3 67 5 51 7 32 33 95 34 79 13 14 15 16 17 18 84 57 87 91 92
1 30 3 67 5 51 7 32 33 95 34 79 13 14 15 93 17 18 84 57 87 91 92
1 30 3 67 5 51 7 32 33 95 34 79 13 14 94 16 17 18 84 57 87 91 92
1 30 3 67 5 51 7 32 33 95 34 79 13 14 94 93 17 18 84 57 87 91 92
1 30 3 48 5 51 7 32 33 10 34 79 13 14 15 16 17 18 84 57 87 91 92
1 30 3 48 5 51 7 32 33 10 34 79 13 14 15 93 17 18 84 57 87 91 92
1 30 3 48 5 51 7 32 33 10 34 79 13 14 94 16 17 18 84 57 87 91 92
1 30 3 48 5 51 7 32 33 10 34 79 13 14 94 93 17 18 84 57 87 91 92
1 30 3 48 5 51 7 32 33 95 34 79 13 14 15 16 17 18 84 57 87 91 92
1 30 3 48 5 51 7 32 33 95 34 79 13 14 15 93 17 18 84 57 87 91 92
1 30 3 48 5 51 7 32 33 95 34 79 13 14 94 16 17 18 84 57 87 91 92
1 30 3 48 5 51 7 32 33 95 34 79 13 14 94 93 17 18 84 57 87 91 92
1 30 43 69 5 51 7 32 33 10 34 79 13 14 15 16 17 18 84 57 87 91 92
1 30 43 69 5 51 7 32 33 10 34 79 13 14 15 93 17 18 84 57 87 91 92
1 30 43 69 5 51 7 32 33 10 34 79 13 14 94 16 17 18 84 57 87 91 92
1 30 43 69 5 51 7 32 33 10 34 79 13 14 94 93 17 18 84 57 87 91 92
1 30 43 69 5 51 7 32 33 95 34 79 13 14 15 16 17 18 84 57 87 91 92
1 30 43 69 5 51 7 32 33 95 34 79 13 14 15 93 17 18 84 57 87 91 92
1 30 43 69 5 51 7 32 33 95 34 79 13 14 94 16 17 18 84 57 87 91 92
1 30 43 69 5 51 7 32 33 95 34 79 13 14 94 93 17 18 84 57 87 91 92
1 30 43 83 5 51 7 32 33 10 34 79 13 14 15 16 17 18 84 57 87 91 92
1 30 43 83 5 51 7 32 33 10 34 79 13 14 15 93 17 18 84 57 87 91 92
1 30 43 83 5 51 7 32 33 10 34 79 13 14 94 16 17 18 84 57 87 91 92
1 30 43 83 5 51 7 32 33 10 34 79 13 14 94 93 17 18 84 57 87 91 92
1 30 43 83 5 51 7 32 33 95 34 79 13 14 15 16 17 18 84 57 87 91 92
1 30 43 83 5 51 7 32 33 95 34 79 13 14 15 93 17 18 84 57 87 91 92
1 30 43 83 5 51 7 32 33 95 34 79 13 14 94 16 17 18 84 57 87 91 92
1 30 43 83 5 51 7 32 33 95 34 79 13 14 94 93 17 18 84 57 87 91 92
1 30 43 67 5 51 7 32 33 10 34 79 13 14 15 16 17 18 84 57 87 91 92
1 30 43 67 5 51 7 32 33 10 34 79 13 14 15 93 17 18 84 57 87 91 92
1 30 43 67 5 51 7 32 33 10 34 79 13 14 94 16 17 18 84 57 87 91 92
1 30 43 67 5 51 7 32 33 10 34 79 13 14 94 93 17 18 84 57 87 91 92
1 30 43 67 5 51 7 32 33 95 34 79 13 14 15 16 17 18 84 57 87 91 92
1 30 43 67 5 51 7 32 33 95 34 79 13 14 15 93 17 18 84 57 87 91 92
1 30 43 67 5 51 7 32 33 95 34 79 13 14 94 16 17 18 84 57 87 91 92
1 30 43 67 5 51 7 32 33 95 34 79 13 14 94 93 17 18 84 57 87 91 92
1 30 43 48 5 51 7 32 33 10 34 79 13 14 15 16 17 18 84 57 87 91 92
1 30 43 48 5 51 7 32 33 10 34 79 13 14 15 93 17 18 84 57 87 91 92
1 30 43 48 5 51 7 32 33 10 34 79 13 14 94 16 17 18 84 57 87 91 92
1 30 43 48 5 51 7 32 33 10 34 79 13 14 94 93 17 18 84 57 87 91 92
1 30 43 48 5 51 7 32 33 95 34 79 13 14 15 16 17 18 84 57 87 91 92
1 30 43 48 5 51 7 32 33 95 34 79 13 14 15 93 17 18 84 57 87 91 92
1 30 43 48 5 51 7 32 33 95 34 79 13 14 94 16 17 18 84 57 87 91 92
1 30 43 48 5 51 7 32 33 95 34 79 13 14 94 93 17 18 84 57 87 91 92
1 90 3 69 5 51 7 32 33 10 34 79 13 14 15 16 17 18 84 57 87 91 92
1 90 3 69 5 51 7 32 33 10 34 79 13 14 15 93 17 18 84 57 87 91 92
1 90 3 69 5 51 7 32 33 10 34 79 13 14 94 16 17 18 84 57 87 91 92
1 90 3 69 5 51 7 32 33 10 34 79 13 14 94 93 17 18 84 57 87 91 92
1 90 3 69 5 51 7 32 33 95 34 79 13 14 15 16 17 18 84 57 87 91 92
1 90 3 69 5 51 7 32 33 95 34 79 13 14 15 93 17 18 84 57 87 91 92
1 90 3 69 5 51 7 32 33 95 34 79 13 14 94 16 17 18 84 57 87 91 92
1 90 3 69 5 51 7 32 33 95 34 79 13 14 94 93 17 18 84 57 87 91 92
1 90 3 83 5 51 7 32 33 10 34 79 13 14 15 16 17 18 84 57 87 91 92
1 90 3 83 5 51 7 32 33 10 34 79 13 14 15 93 17 18 84 57 87 91 92
1 90 3 83 5 51 7 32 33 10 34 79 13 14 94 16 17 18 84 57 87 91 92
1 90 3 83 5 51 7 32 33 10 34 79 13 14 94 93 17 18 84 57 87 91 92
1 90 3 83 5 51 7 32 33 95 34 79 13 14 15 16 17 18 84 57 87 91 92
1 90 3 83 5 51 7 32 33 95 34 79 13 14 15 93 17 18 84 57 87 91 92
1 90 3 83 5 51 7 32 33 95 34 79 13 14 94 16 17 18 84 57 87 91 92
1 90 3 83 5 51 7 32 33 95 34 79 13 14 94 93 17 18 84 57 87 91 92
1 90 3 67 5 51 7 32 33 10 34 79 13 14 15 16 17 18 84 57 87 91 92
1 90 3 67 5 51 7 32 33 10 34 79 13 14 15 93 17 18 84 57 87 91 92
1 90 3 67 5 51 7 32 33 10 34 79 13 14 94 16 17 18 84 57 87 91 92
1 90 3 67 5 51 7 32 33 10 34 79 13 14 94 93 17 18 84 57 87 91 92
1 90 3 67 5 51 7 32 33 95 34 79 13 14 15 16 17 18 84 57 87 91 92
1 90 3 67 5 51 7 32 33 95 34 79 13 14 15 93 17 18 84 57 87 91 92
1 90 3 67 5 51 7 32 33 95 34 79 13 14 94 16 17 18 84 57 87 91 92
1 90 3 67 5 51 7 32 33 95 34 79 13 14 94 93 17 18 84 57 87 91 92
1 90 3 48 5 51 7 32 33 10 34 79 13 14 15 16 17 18 84 57 87 91 92
1 90 3 48 5 51 7 32 33 10 34 79 13 14 15 93 17 18 84 57 87 91 92
1 90 3 48 5 51 7 32 33 10 34 79 13 14 94 16 17 18 84 57 87 91 92
1 90 3 48 5 51 7 32 33 10 34 79 13 14 94 93 17 18 84 57 87 91 92
1 90 3 48 5 51 7 32 33 95 34 79 13 14 15 16 17 18 84 57 87 91 92
1 90 3 48 5 51 7 32 33 95 34 79 13 14 15 93 17 18 84 57 87 91 92
1 90 3 48 5 51 7 32 33 95 34 79 13 14 94 16 17 18 84 57 87 91 92
1 90 3 48 5 51 7 32 33 95 34 79 13 14 94 93 17 18 84 57 87 91 92
1 90 43 69 5 51 7 32 33 10 34 79 13 14 15 16 17 18 84 57 87 91 92
1 90 43 69 5 51 7 32 33 10 34 79 13 14 15 93 17 18 84 57 87 91 92
1 90 43 69 5 51 7 32 33 10 34 79 13 14 94 16 17 18 84 57 87 91 92
1 90 43 69 5 51 7 32 33 10 34 79 13 14 94 93 17 18 84 57 87 91 92
1 90 43 69 5 51 7 32 33 95 34 79 13 14 15 16 17 18 84 57 87 91 92
1 90 43 69 5 51 7 32 33 95 34 79 13 14 15 93 17 18 84 57 87 91 92
1 90 43 69 5 51 7 32 33 95 34 79 13 14 94 16 17 18 84 57 87 91 92
1 90 43 69 5 51 7 32 33 95 34 79 13 14 94 93 17 18 84 57 87 91 92
1 90 43 83 5 51 7 32 33 10 34 79 13 14 15 16 17 18 84 57 87 91 92
1 90 43 83 5 51 7 32 33 10 34 79 13 14 15 93 17 18 84 57 87 91 92
1 90 43 83 5 51 7 32 33 10 34 79 13 14 94 16 17 18 84 57 87 91 92
1 90 43 83 5 51 7 32 33 10 34 79 13 14 94 93 17 18 84 57 87 91 92
1 90 43 83 5 51 7 32 33 95 34 79 13 14 15 16 17 18 84 57 87 91 92
1 90 43 83 5 51 7 32 33 95 34 79 13 14 15 93 17 18 84 57 87 91 92
1 90 43 83 5 51 7 32 33 95 34 79 13 14 94 16 17 18 84 57 87 91 92
1 90 43 83 5 51 7 32 33 95 34 79 13 14 94 93 17 18 84 57 87 91 92
1 90 43 67 5 51 7 32 33 10 34 79 13 14 15 16 17 18 84 57 87 91 92
1 90 43 67 5 51 7 32 33 10 34 79 13 14 15 93 17 18 84 57 87 91 92
1 90 43 67 5 51 7 32 33 10 34 79 13 14 94 16 17 18 84 57 87 91 92
1 90 43 67 5 51 7 32 33 10 34 79 13 14 94 93 17 18 84 57 87 91 92
1 90 43 67 5 51 7 32 33 95 34 79 13 14 15 16 17 18 84 57 87 91 92
1 90 43 67 5 51 7 32 33 95 34 79 13 14 15 93 17 18 84 57 87 91 92
1 90 43 67 5 51 7 32 33 95 34 79 13 14 94 16 17 18 84 57 87 91 92
1 90 43 67 5 51 7 32 33 95 34 79 13 14 94 93 17 18 84 57 87 91 92
1 90 43 48 5 51 7 32 33 10 34 79 13 14 15 16 17 18 84 57 87 91 92
1 90 43 48 5 51 7 32 33 10 34 79 13 14 15 93 17 18 84 57 87 91 92
1 90 43 48 5 51 7 32 33 10 34 79 13 14 94 16 17 18 84 57 87 91 92
1 90 43 48 5 51 7 32 33 10 34 79 13 14 94 93 17 18 84 57 87 91 92
1 90 43 48 5 51 7 32 33 95 34 79 13 14 15 16 17 18 84 57 87 91 92
1 90 43 48 5 51 7 32 33 95 34 79 13 14 15 93 17 18 84 57 87 91 92
1 90 43 48 5 51 7 32 33 95 34 79 13 14 94 16 17 18 84 57 87 91 92
1 90 43 48 5 51 7 32 33 95 34 79 13 14 94 93 17 18 84 57 87 91 92
55 31 96 4 5 51 7 8 9 10 34 12 13 14 15 16 17 18 19 20 87 91 88
55 31 43 4 5 51 7 8 9 10 34 12 13 14 15 16 17 18 19 20 87 91 88
55 97 96 4 5 51 7 8 9 10 34 12 13 14 15 16 17 18 19 20 87 91 88
55 97 43 4 5 51 7 8 9 10 34 12 13 14 15 16 17 18 19 20 87 91 88
55 30 96 4 5 51 7 8 9 10 34 12 13 14 15 16 17 18 19 20 87 91 88
55 30 43 4 5 51 7 8 9 10 34 12 13 14 15 16 17 18 19 20 87 91 88
55 90 96 4 5 51 7 8 9 10 34 12 13 14 15 16 17 18 19 20 87 91 88
55 90 43 4 5 51 7 8 9 10 34 12 13 14 15 16 17 18 19 20 87 91 88
55 31 29 48 50 51 7 32 9 10 34 79 71 45 15 98 17 18 19 57 87 22 23
55 31 29 48 50 51 7 32 9 10 34 79 71 45 15 77 17 18 19 57 87 22 23
55 31 29 28 50 51 7 32 9 10 34 79 71 45 15 98 17 18 19 57 87 22 23
55 31 29 28 50 51 7 32 9 10 34 79 71 45 15 77 17 18 19 57 87 22 23
55 31 43 48 50 51 7 32 9 10 34 79 71 45 15 98 17 18 19 57 87 22 23
55 31 43 48 50 51 7 32 9 10 34 79 71 45 15 77 17 18 19 57 87 22 23
55 31 43 28 50 51 7 32 9 10 34 79 71 45 15 98 17 18 19 57 87 22 23
55 31 43 28 50 51 7 32 9 10 34 79 71 45 15 77 17 18 19 57 87 22 23
55 2 29 48 50 51 7 32 9 10 34 79 71 45 15 98 17 18 19 57 87 22 23
55 2 29 48 50 51 7 32 9 10 34 79 71 45 15 77 17 18 19 57 87 22 23
55 2 29 28 50 51 7 32 9 10 34 79 71 45 15 98 17 18 19 57 87 22 23
55 2 29 28 50 51 7 32 9 10 34 79 71 45 15 77 17 18 19 57 87 22 23
55 2 43 48 50 51 7 32 9 10 34 79 71 45 15 98 17 18 19 57 87 22 23
55 2 43 48 50 51 7 32 9 10 34 79 71 45 15 77 17 18 19 57 87 22 23
55 2 43 28 50 51 7 32 9 10 34 79 71 45 15 98 17 18 19 57 87 22 23
55 2 43 28 50 51 7 32 9 10 34 79 71 45 15 77 17 18 19 57 87 22 23
55 30 29 48 50 51 7 32 9 10 34 79 71 45 15 98 17 18 19 57 87 22 23
55 30 29 48 50 51 7 32 9 10 34 79 71 45 15 77 17 18 19 57 87 22 23
55 30 29 28 50 51 7 32 9 10 34 79 71 45 15 98 17 18 19 57 87 22 23
55 30 29 28 50 51 7 32 9 10 34 79 71 45 15 77 17 18 19 57 87 22 23
55 30 43 48 50 51 7 32 9 10 34 79 71 45 15 98 17 18 19 57 87 22 23
55 30 43 48 50 51 7 32 9 10 34 79 71 45 15 77 17 18 19 57 87 22 23
55 30 43 28 50 51 7 32 9 10 34 79 71 45 15 98 17 18 19 57 87 22 23
55 30 43 28 50 51 7 32 9 10 34 79 71 45 15 77 17 18 19 57 87 22 23
55 90 29 48 50 51 7 32 9 10 34 79 71 45 15 98 17 18 19 57 87 22 23
55 90 29 48 50 51 7 32 9 10 34 79 71 45 15 77 17 18 19 57 87 22 23
55 90 29 28 50 51 7 32 9 10 34 79 71 45 15 98 17 18 19 57 87 22 23
55 90 29 28 50 51 7 32 9 10 34 79 71 45 15 77 17 18 19 57 87 22 23
55 90 43 48 50 51 7 32 9 10 34 79 71 45 15 98 17 18 19 57 87 22 23
55 90 43 48 50 51 7 32 9 10 34 79 71 45 15 77 17 18 19 57 87 22 23
55 90 43 28 50 51 7 32 9 10 34 79 71 45 15 98 17 18 19 57 87 22 23
55 90 43 28 50 51 7 32 9 10 34 79 71 45 15 77 17 18 19 57 87 22 23
55 2 3 67 50 70 7 32 9 99 11 79 13 14 15 16 17 18 19 57 87 22 88
55 2 3 67 50 70 7 32 9 99 11 79 13 14 15 16 17 18 19 57 87 22 47
55 2 3 67 50 70 7 32 9 99 11 79 13 14 15 16 17 18 19 57 87 22 23
55 2 3 67 50 70 7 32 9 99 11 79 13 14 15 62 17 18 19 57 87 22 88
55 2 3 67 50 70 7 32 9 99 11 79 13 14 15 62 17 18 19 57 87 22 47
55 2 3 67 50 70 7 32 9 99 11 79 13 14 15 62 17 18 19 57 87 22 23
55 2 3 67 50 70 7 32 9 99 11 79 13 14 64 16 17 18 19 57 87 22 88
55 2 3 67 50 70 7 32 9 99 11 79 13 14 64 16 17 18 19 57 87 22 47
55 2 3 67 50 70 7 32 9 99 11 79 13 14 64 16 17 18 19 57 87 22 23
55 2 3 67 50 70 7 32 9 99 11 79 13 14 64 62 17 18 19 57 87 22 88
55 2 3 67 50 70 7 32 9 99 11 79 13 14 64 62 17 18 19 57 87 22 47
55 2 3 67 50 70 7 32 9 99 11 79 13 14 64 62 17 18 19 57 87 22 23
55 2 3 67 50 70 7 32 9 99 11 79 13 72 15 16 17 18 19 57 87 22 88
55 2 3 67 50 70 7 32 9 99 11 79 13 72 15 16 17 18 19 57 87 22 47
55 2 3 67 50 70 7 32 9 99 11 79 13 72 15 16 17 18 19 57 87 22 23
55 2 3 67 50 70 7 32 9 99 11 79 13 72 15 62 17 18 19 57 87 22 88
55 2 3 67 50 70 7 32 9 99 11 79 13 72 15 62 17 18 19 57 87 22 47
55 2 3 67 50 70 7 32 9 99 11 79 13 72 15 62 17 18 19 57 87 22 23
55 2 3 67 50 70 7 32 9 99 11 79 13 72 64 16 17 18 19 57 87 22 88
55 2 3 67 50 70 7 32 9 99 11 79 13 72 64 16 17 18 19 57 87 22 47
55 2 3 67 50 70 7 32 9 99 11 79 13 72 64 16 17 18 19 57 87 22 23
55 2 3 67 50 70 7 32 9 99 11 79 13 72 64 62 17 18 19 57 87 22 88
55 2 3 67 50 70 7 32 9 99 11 79 13 72 64 62 17 18 19 57 87 22 47
55 2 3 67 50 70 7 32 9 99 11 79 13 72 64 62 17 18 19 57 87 22 23
55 2 3 67 50 70 7 32 9 99 11 79 71 14 15 16 17 18 19 57 87 22 88
55 2 3 67 50 70 7 32 9 99 11 79 71 14 15 16 17 18 19 57 87 22 47
55 2 3 67 50 70 7 32 9 99 11 79 71 14 15 16 17 18 19 57 87 22 23
55 2 3 67 50 70 7 32 9 99 11 79 71 14 15 62 17 18 19 57 87 22 88
55 2 3 67 50 70 7 32 9 99 11 79 71 14 15 62 17 18 19 57 87 22 47
55 2 3 67 50 70 7 32 9 99 11 79 71 14 15 62 17 18 19 57 87 22 23
55 2 3 67 50 70 7 32 9 99 11 79 71 14 64 16 17 18 19 57 87 22 88
55 2 3 67 50 70 7 32 9 99 11 79 71 14 64 16 17 18 19 57 87 22 47
55 2 3 67 50 70 7 32 9 99 11 79 71 14 64 16 17 18 19 57 87 22 23
55 2 3 67 50 70 7 32 9 99 11 79 71 14 64 62 17 18 19 57 87 22 88
55 2 3 67 50 70 7 32 9 99 11 79 71 14 64 62 17 18 19 57 87 22 47
55 2 3 67 50 70 7 32 9 99 11 79 71 14 64 62 17 18 19 57 87 22 23
55 2 3 67 50 70 7 32 9 99 11 79 71 72 15 16 17 18 19 57 87 22 88
55 2 3 67 50 70 7 32 9 99 11 79 71 72 15 16 17 18 19 57 87 22 47
55 2 3 67 50 70 7 32 9 99 11 79 71 72 15 16 17 18 19 57 87 22 23
55 2 3 67 50 70 7 32 9 99 11 79 71 72 15 62 17 18 19 57 87 22 88
55 2 3 67 50 70 7 32 9 99 11 79 71 72 15 62 17 18 19 57 87 22 47
55 2 3 67 50 70 7 32 9 99 11 79 71 72 15 62 17 18 19 57 87 22 23
55 2 3 67 50 70 7 32 9 99 11 79 71 72 64 16 17 18 19 57 87 22 88
55 2 3 67 50 70 7 32 9 99 11 79 71 72 64 16 17 18 19 57 87 22 47
55 2 3 67 50 70 7 32 9 99 11 79 71 72 64 16 17 18 19 57 87 22 23
55 2 3 67 50 70 7 32 9 99 11 79 71 72 64 62 17 18 19 57 87 22 88
55 2 3 67 50 70 7 32 9 99 11 79 71 72 64 62 17 18 19 57 87 22 47
55 2 3 67 50 70 7 32 9 99 11 79 71 72 64 62 17 18 19 57 87 22 23
55 2 3 67 50 100 7 32 9 99 11 79 13 14 15 16 17 18 19 57 87 22 88
55 2 3 67 50 100 7 32 9 99 11 79 13 14 15 16 17 18 19 57 87 22 47
55 2 3 67 50 100 7 32 9 99 11 79 13 14 15 16 17 18 19 57 87 22 23
55 2 3 67 50 100 7 32 9 99 11 79 13 14 15 62 17 18 19 57 87 22 88
55 2 3 67 50 100 7 32 9 99 11 79 13 14 15 62 17 18 19 57 87 22 47
55 2 3 67 50 100 7 32 9 99 11 79 13 14 15 62 17 18 19 57 87 22 23
55 2 3 67 50 100 7 32 9 99 11 79 13 14 64 16 17 18 19 57 87 22 88
55 2 3 67 50 100 7 32 9 99 11 79 13 14 64 16 17 18 19 57 87 22 47
55 2 3 67 50 100 7 32 9 99 11 79 13 14 64 16 17 18 19 57 87 22 23
55 2 3 67 50 100 7 32 9 99 11 79 13 14 64 62 17 18 19 57 87 22 88
55 2 3 67 50 100 7 32 9 99 11 79 13 14 64 62 17 18 19 57 87 22 47
55 2 3 67 50 100 7 32 9 99 11 79 13 14 64 62 17 18 19 57 87 22 23
55 2 3 67 50 100 7 32 9 99 11 79 13 72 15 16 17 18 19 57 87 22 88
55 2 3 67 50 100 7 32 9 99 11 79 13 72 15 16 17 18 19 57 87 22 47
55 2 3 67 50 100 7 32 9 99 11 79 13 72 15 16 17 18 19 57 87 22 23
55 2 3 67 50 100 7 32 9 99 11 79 13 72 15 62 17 18 19 57 87 22 88
55 2 3 67 50 100 7 32 9 99 11 79 13 72 15 62 17 18 19 57 87 22 47
55 2 3 67 50 100 7 32 9 99 11 79 13 72 15 62 17 18 19 57 87 22 23
55 2 3 67 50 100 7 32 9 99 11 79 13 72 64 16 17 18 19 57 87 22 88
55 2 3 67 50 100 7 32 9 99 11 79 13 72 64 16 17 18 19 57 87 22 47
55 2 3 67 50 100 7 32 9 99 11 79 13 72 64 16 17 18 19 57 87 22 23
55 2 3 67 50 100 7 32 9 99 11 79 13 72 64 62 17 18 19 57 87 22 88
55 2 3 67 50 100 7 32 9 99 11 79 13 72 64 62 17 18 19 57 87 22 47
55 2 3 67 50 100 7 32 9 99 11 79 13 72 64 62 17 18 19 57 87 22 23
55 2 3 67 50 100 7 32 9 99 11 79 71 14 15 16 17 18 19 57 87 22 88
55 2 3 67 50 100 7 32 9 99 11 79 71 14 15 16 17 18 19 57 87 22 47
55 2 3 67 50 100 7 32 9 99 11 79 71 14 15 16 17 18 19 57 87 22 23
55 2 3 67 50 100 7 32 9 99 11 79 71 14 15 62 17 18 19 57 87 22 88
55 2 3 67 50 100 7 32 9 99 11 79 71 14 15 62 17 18 19 57 87 22 47
55 2 3 67 50 100 7 32 9 99 11 79 71 14 15 62 17 18 19 57 87 22 23
55 2 3 67 50 100 7 32 9 99 11 79 71 14 64 16 17 18 19 57 87 22 88
55 2 3 67 50 100 7 32 9 99 11 79 71 14 64 16 17 18 19 57 87 22 47
55 2 3 67 50 100 7 32 9 99 11 79 71 14 64 16 17 18 19 57 87 22 23
55 2 3 67 50 100 7 32 9 99 11 79 71 14 64 62 17 18 19 57 87 22 88
55 2 3 67 50 100 7 32 9 99 11 79 71 14 64 62 17 18 19 57 87 22 47
55 2 3 67 50 100 7 32 9 99 11 79 71 14 64 62 17 18 19 57 87 22 23
55 2 3 67 50 100 7 32 9 99 11 79 71 72 15 16 17 18 19 57 87 22 88
55 2 3 67 50 100 7 32 9 99 11 79 71 72 15 16 17 18 19 57 87 22 47
55 2 3 67 50 100 7 32 9 99 11 79 71 72 15 16 17 18 19 57 87 22 23
55 2 3 67 50 100 7 32 9 99 11 79 71 72 15 62 17 18 19 57 87 22 88
55 2 3 67 50 100 7 32 9 99 11 79 71 72 15 62 17 18 19 57 87 22 47
55 2 3 67 50 100 7 32 9 99 11 79 71 72 15 62 17 18 19 57 87 22 23
55 2 3 67 50 100 7 32 9 99 11 79 71 72 64 16 17 18 19 57 87 22 88
55 2 3 67 50 100 7 32 9 99 11 79 71 72 64 16 17 18 19 57 87 22 47
55 2 3 67 50 100 7 32 9 99 11 79 71 72 64 16 17 18 19 57 87 22 23
55 2 3 67 50 100 7 32 9 99 11 79 71 72 64 62 17 18 19 57 87 22 88
55 2 3 67 50 100 7 32 9 99 11 79 71 72 64 62 17 18 19 57 87 22 47
55 2 3 67 50 100 7 32 9 99 11 79 71 72 64 62 17 18 19 57 87 22 23
55 2 3 67 50 101 7 32 9 99 11 79 13 14 15 16 17 18 19 57 87 22 88
55 2 3 67 50 101 7 32 9 99 11 79 13 14 15 16 17 18 19 57 87 22 47
55 2 3 67 50 101 7 32 9 99 11 79 13 14 15 16 17 18 19 57 87 22 23
55 2 3 67 50 101 7 32 9 99 11 79 13 14 15 62 17 18 19 57 87 22 88
55 2 3 67 50 101 7 32 9 99 11 79 13 14 15 62 17 18 19 57 87 22 47
55 2 3 67 50 101 7 32 9 99 11 79 13 14 15 62 17 18 19 57 87 22 23
55 2 3 67 50 101 7 32 9 99 11 79 13 14 64 16 17 18 19 57 87 22 88
55 2 3 67 50 101 7 32 9 99 11 79 13 14 64 16 17 18 19 57 87 22 47
55 2 3 67 50 101 7 32 9 99 11 79 13 14 64 16 17 18 19 57 87 22 23
55 2 3 67 50 101 7 32 9 99 11 79 13 14 64 62 17 18 19 57 87 22 88
55 2 3 67 50 101 7 32 9 99 11 79 13 14 64 62 17 18 19 57 87 22 47
55 2 3 67 50 101 7 32 9 99 11 79 13 14 64 62 17 18 19 57 87 22 23
55 2 3 67 50 101 7 32 9 99 11 79 13 72 15 16 17 18 19 57 87 22 88
55 2 3 67 50 101 7 32 9 99 11 79 13 72 15 16 17 18 19 57 87 22 47
55 2 3 67 50 101 7 32 9 99 11 79 13 72 15 16 17 18 19 57 87 22 23
55 2 3 67 50 101 7 32 9 99 11 79 13 72 15 62 17 18 19 57 87 22 88
55 2 3 67 50 101 7 32 9 99 11 79 13 72 15 62 17 18 19 57 87 22 47
55 2 3 67 50 101 7 32 9 99 11 79 13 72 15 62 17 18 19 57 87 22 23
55 2 3 67 50 101 7 32 9 99 11 79 13 72 64 16 17 18 19 57 87 22 88
55 2 3 67 50 101 7 32 9 99 11 79 13 72 64 16 17 18 19 57 87 22 47
55 2 3 67 50 101 7 32 9 99 11 79 13 72 64 16 17 18 19 57 87 22 23
55 2 3 67 50 101 7 32 9 99 11 79 13 72 64 62 17 18 19 57 87 22 88
55 2 3 67 50 101 7 32 9 99 11 79 13 72 64 62 17 18 19 57 87 22 47
55 2 3 67 50 101 7 32 9 99 11 79 13 72 64 62 17 18 19 57 87 22 23
55 2 3 67 50 101 7 32 9 99 11 79 71 14 15 16 17 18 19 57 87 22 88
55 2 3 67 50 101 7 32 9 99 11 79 71 14 15 16 17 18 19 57 87 22 47
55 2 3 67 50 101 7 32 9 99 11 79 71 14 15 16 17 18 19 57 87 22 23
55 2 3 67 50 101 7 32 9 99 11 79 71 14 15 62 17 18 19 57 87 22 88
55 2 3 67 50 101 7 32 9 99 11 79 71 14 15 62 17 18 19 57 87 22 47
55 2 3 67 50 101 7 32 9 99 11 79 71 14 15 62 17 18 19 57 87 22 23
55 2 3 67 50 101 7 32 9 99 11 79 71 14 64 16 17 18 19 57 87 22 88
55 2 3 67 50 101 7 32 9 99 11 79 71 14 64 16 17 18 19 57 87 22 47
55 2 3 67 50 101 7 32 9 99 11 79 71 14 64 16 17 18 19 57 87 22 23
55 2 3 67 50 101 7 32 9 99 11 79 71 14 64 62 17 18 19 57 87 22 88
55 2 3 67 50 101 7 32 9 99 11 79 71 14 64 62 17 18 19 57 87 22 47
55 2 3 67 50 101 7 32 9 99 11 79 71 14 64 62 17 18 19 57 87 22 23
55 2 3 67 50 101 7 32 9 99 11 79 71 72 15 16 17 18 19 57 87 22 88
55 2 3 67 50 101 7 32 9 99 11 79 71 72 15 16 17 18 19 57 87 22 47
55 2 3 67 50 101 7 32 9 99 11 79 71 72 15 16 17 18 19 57 87 22 23
55 2 3 67 50 101 7 32 9 99 11 79 71 72 15 62 17 18 19 57 87 22 88
55 2 3 67 50 101 7 32 9 99 11 79 71 72 15 62 17 18 19 57 87 22 47
55 2 3 67 50 101 7 32 9 99 11 79 71 72 15 62 17 18 19 57 87 22 23
55 2 3 67 50 101 7 32 9 99 11 79 71 72 64 16 17 18 19 57 87 22 88
55 2 3 67 50 101 7 32 9 99 11 79 71 72 64 16 17 18 19 57 87 22 47
55 2 3 67 50 101 7 32 9 99 11 79 71 72 64 16 17 18 19 57 87 22 23
55 2 3 67 50 101 7 32 9 99 11 79 71 72 64 62 17 18 19 57 87 22 88
55 2 3 67 50 101 7 32 9 99 11 79 71 72 64 62 17 18 19 57 87 22 47
55 2 3 67 50 101 7 32 9 99 11 79 71 72 64 62 17 18 19 57 87 22 23
55 2 3 48 50 70 7 32 9 99 11 79 13 14 15 16 17 18 19 57 87 22 88
55 2 3 48 50 70 7 32 9 99 11 79 13 14 15 16 17 18 19 57 87 22 47
55 2 3 48 50 70 7 32 9 99 11 79 13 14 15 16 17 18 19 57 87 22 23
55 2 3 48 50 70 7 32 9 99 11 79 13 14 15 62 17 18 19 57 87 22 88
55 2 3 48 50 70 7 32 9 99 11 79 13 14 15 62 17 18 19 57 87 22 47
55 2 3 48 50 70 7 32 9 99 11 79 13 14 15 62 17 18 19 57 87 22 23
55 2 3 48 50 70 7 32 9 99 11 79 13 14 64 16 17 18 19 57 87 22 88
55 2 3 48 50 70 7 32 9 99 11 79 13 14 64 16 17 18 19 57 87 22 47
55 2 3 48 50 70 7 32 9 99 11 79 13 14 64 16 17 18 19 57 87 22 23
55 2 3 48 50 70 7 32 9 99 11 79 13 14 64 62 17 18 19 57 87 22 88
55 2 3 48 50 70 7 32 9 99 11 79 13 14 64 62 17 18 19 57 87 22 47
55 2 3 48 50 70 7 32 9 99 11 79 13 14 64 62 17 18 19 57 87 22 23
55 2 3 48 50 70 7 32 9 99 11 79 13 72 15 16 17 18 19 57 87 22 88
55 2 3 48 50 70 7 32 9 99 11 79 13 72 15 16 17 18 19 57 87 22 47
55 2 3 48 50 70 7 32 9 99 11 79 13 72 15 16 17 18 19 57 87 22 23
55 2 3 48 50 70 7 32 9 99 11 79 13 72 15 62 17 18 19 57 87 22 88
55 2 3 48 50 70 7 32 9 99 11 79 13 72 15 62 17 18 19 57 87 22 47
55 2 3 48 50 70 7 32 9 99 11 79 13 72 15 62 17 18 19 57 87 22 23
55 2 3 48 50 70 7 32 9 99 11 79 13 72 64 16 17 18 19 57 87 22 88
55 2 3 48 50 70 7 32 9 99 11 79 13 72 64 16 17 18 19 57 87 22 47
55 2 3 48 50 70 7 32 9 99 11 79 13 72 64 16 17 18 19 57 87 22 23
55 2 3 48 50 70 7 32 9 99 11 79 13 72 64 62 17 18 19 57 87 22 88
55 2 3 48 50 70 7 32 9 99 11 79 13 72 64 62 17 18 19 57 87 22 47
55 2 3 48 50 70 7 32 9 99 11 79 13 72 64 62 17 18 19 57 87 22 23
55 2 3 48 50 70 7 32 9 99 11 79 71 14 15 16 17 18 19 57 87 22 88
55 2 3 48 50 70 7 32 9 99 11 79 71 14 15 16 17 18 19 57 87 22 47
55 2 3 48 50 70 7 32 9 99 11 79 71 14 15 16 17 18 19 57 87 22 23
55 2 3 48 50 70 7 32 9 99 11 79 71 14 15 62 17 18 19 57 87 22 88
55 2 3 48 50 70 7 32 9 99 11 79 71 14 15 62 17 18 19 57 87 22 47
55 2 3 48 50 70 7 32 9 99 11 79 71 14 15 62 17 18 19 57 87 22 23
55 2 3 48 50 70 7 32 9 99 11 79 71 14 64 16 17 18 19 57 87 22 88
55 2 3 48 50 70 7 32 9 99 11 79 71 14 64 16 17 18 19 57 87 22 47
55 2 3 48 50 70 7 32 9 99 11 79 71 14 64 16 17 18 19 57 87 22 23
55 2 3 48 50 70 7 32 9 99 11 79 71 14 64 62 17 18 19 57 87 22 88
55 2 3 48 50 70 7 32 9 99 11 79 71 14 64 62 17 18 19 57 87 22 47
55 2 3 48 50 70 7 32 9 99 11 79 71 14 64 62 17 18 19 57 87 22 23
55 2 3 48 50 70 7 32 9 99 11 79 71 72 15 16 17 18 19 57 87 22 88
55 2 3 48 50 70 7 32 9 99 11 79 71 72 15 16 17 18 19 57 87 22 47
55 2 3 48 50 70 7 32 9 99 11 79 71 72 15 16 17 18 19 57 87 22 23
55 2 3 48 50 70 7 32 9 99 11 79 71 72 15 62 17 18 19 57 87 22 88
55 2 3 48 50 70 7 32 9 99 11 79 71 72 15 62 17 18 19 57 87 22 47
55 2 3 48 50 70 7 32 9 99 11 79 71 72 15 62 17 18 19 57 87 22 23
55 2 3 48 50 70 7 32 9 99 11 79 71 72 64 16 17 18 19 57 87 22 88
55 2 3 48 50 70 7 32 9 99 11 79 71 72 64 16 17 18 19 57 87 22 47
55 2 3 48 50 70 7 32 9 99 11 79 71 72 64 16 17 18 19 57 87 22 23
55 2 3 48 50 70 7 32 9 99 11 79 71 72 64 62 17 18 19 57 87 22 88
55 2 3 48 50 70 7 32 9 99 11 79 71 72 64 62 17 18 19 57 87 22 47
55 2 3 48 50 70 7 32 9 99 11 79 71 72 64 62 17 18 19 57 87 22 23
55 2 3 48 50 100 7 32 9 99 11 79 13 14 15 16 17 18 19 57 87 22 88
55 2 3 48 50 100 7 32 9 99 11 79 13 14 15 16 17 18 19 57 87 22 47
55 2 3 48 50 100 7 32 9 99 11 79 13 14 15 16 17 18 19 57 87 22 23
55 2 3 48 50 100 7 32 9 99 11 79 13 14 15 62 17 18 19 57 87 22 88
55 2 3 48 50 100 7 32 9 99 11 79 13 14 15 62 17 18 19 57 87 22 47
55 2 3 48 50 100 7 32 9 99 11 79 13 14 15 62 17 18 19 57 87 22 23
55 2 3 48 50 100 7 32 9 99 11 79 13 14 64 16 17 18 19 57 87 22 88
55 2 3 48 50 100 7 32 9 99 11 79 13 14 64 16 17 18 19 57 87 22 47
55 2 3 48 50 100 7 32 9 99 11 79 13 14 64 16 17 18 19 57 87 22 23
55 2 3 48 50 100 7 32 9 99 11 79 13 14 64 62 17 18 19 57 87 22 88
55 2 3 48 50 100 7 32 9 99 11 79 13 14 64 62 17 18 19 57 87 22 47
55 2 3 48 50 100 7 32 9 99 11 79 13 14 64 62 17 18 19 57 87 22 23
55 2 3 48 50 100 7 32 9 99 11 79 13 72 15 16 17 18 19 57 87 22 88
55 2 3 48 50 100 7 32 9 99 11 79 13 72 15 16 17 18 19 57 87 22 47
55 2 3 48 50 100 7 32 9 99 11 79 13 72 15 16 17 18 19 57 87 22 23
55 2 3 48 50 100 7 32 9 99 11 79 13 72 15 62 17 18 19 57 87 22 88
55 2 3 48 50 100 7 32 9 99 11 79 13 72 15 62 17 18 19 57 87 22 47
55 2 3 48 50 100 7 32 9 99 11 79 13 72 15 62 17 18 19 57 87 22 23
55 2 3 48 50 100 7 32 9 99 11 79 13 72 64 16 17 18 19 57 87 22 88
55 2 3 48 50 100 7 32 9 99 11 79 13 72 64 16 17 18 19 57 87 22 47
55 2 3 48 50 100 7 32 9 99 11 79 13 72 64 16 17 18 19 57 87 22 23
55 2 3 48 50 100 7 32 9 99 11 79 13 72 64 62 17 18 19 57 87 22 88
55 2 3 48 50 100 7 32 9 99 11 79 13 72 64 62 17 18 19 57 87 22 47
55 2 3 48 50 100 7 32 9 99 11 79 13 72 64 62 17 18 19 57 87 22 23
55 2 3 48 50 100 7 32 9 99 11 79 71 14 15 16 17 18 19 57 87 22 88
55 2 3 48 50 100 7 32 9 99 11 79 71 14 15 16 17 18 19 57 87 22 47
55 2 3 48 50 100 7 32 9 99 11 79 71 14 15 16 17 18 19 57 87 22 23
55 2 3 48 50 100 7 32 9 99 11 79 71 14 15 62 17 18 19 57 87 22 88
55 2 3 48 50 100 7 32 9 99 11 79 71 14 15 62 17 18 19 57 87 22 47
55 2 3 48 50 100 7 32 9 99 11 79 71 14 15 62 17 18 19 57 87 22 23
55 2 3 48 50 100 7 32 9 99 11 79 71 14 64 16 17 18 19 57 87 22 88
55 2 3 48 50 100 7 32 9 99 11 79 71 14 64 16 17 18 19 57 87 22 47
55 2 3 48 50 100 7 32 9 99 11 79 71 14 64 16 17 18 19 57 87 22 23
55 2 3 48 50 100 7 32 9 99 11 79 71 14 64 62 17 18 19 57 87 22 88
55 2 3 48 50 100 7 32 9 99 11 79 71 14 64 62 17 18 19 57 87 22 47
55 2 3 48 50 100 7 32 9 99 11 79 71 14 64 62 17 18 19 57 87 22 23
55 2 3 48 50 100 7 32 9 99 11 79 71 72 15 16 17 18 19 57 87 22 88
55 2 3 48 50 100 7 32 9 99 11 79 71 72 15 16 17 18 19 57 87 22 47
55 2 3 48 50 100 7 32 9 99 11 79 71 72 15 16 17 18 19 57 87 22 23
55 2 3 48 50 100 7 32 9 99 11 79 71 72 15 62 17 18 19 57 87 22 88
55 2 3 48 50 100 7 32 9 99 11 79 71 72 15 62 17 18 19 57 87 22 47
55 2 3 48 50 100 7 32 9 99 11 79 71 72 15 62 17 18 19 57 87 22 23
55 2 3 48 50 100 7 32 9 99 11 79 71 72 64 16 17 18 19 57 87 22 88
55 2 3 48 50 100 7 32 9 99 11 79 71 72 64 16 17 18 19 57 87 22 47
55 2 3 48 50 100 7 32 9 99 11 79 71 72 64 16 17 18 19 57 87 22 23
55 2 3 48 50 100 7 32 9 99 11 79 71 72 64 62 17 18 19 57 87 22 88
55 2 3 48 50 100 7 32 9 99 11 79 71 72 64 62 17 18 19 57 87 22 47
55 2 3 48 50 100 7 32 9 99 11 79 71 72 64 62 17 18 19 57 87 22 23
55 2 3 48 50 101 7 32 9 99 11 79 13 14 15 16 17 18 19 57 87 22 88
55 2 3 48 50 101 7 32 9 99 11 79 13 14 15 16 17 18 19 57 87 22 47
55 2 3 48 50 101 7 32 9 99 11 79 13 14 15 16 17 18 19 57 87 22 23
55 2 3 48 50 101 7 32 9 99 11 79 13 14 15 62 17 18 19 57 87 22 88
55 2 3 48 50 101 7 32 9 99 11 79 13 14 15 62 17 18 19 57 87 22 47
55 2 3 48 50 101 7 32 9 99 11 79 13 14 15 62 17 18 19 57 87 22 23
55 2 3 48 50 101 7 32 9 99 11 79 13 14 64 16 17 18 19 57 87 22 88
55 2 3 48 50 101 7 32 9 99 11 79 13 14 64 16 17 18 19 57 87 22 47
55 2 3 48 50 101 7 32 9 99 11 79 13 14 64 16 17 18 19 57 87 22 23
55 2 3 48 50 101 7 32 9 99 11 79 13 14 64 62 17 18 19 57 87 22 88
55 2 3 48 50 101 7 32 9 99 11 79 13 14 64 62 17 18 19 57 87 22 47
55 2 3 48 50 101 7 32 9 99 11 79 13 14 64 62 17 18 19 57 87 22 23
55 2 3 48 50 101 7 32 9 99 11 79 13 72 15 16 17 18 19 57 87 22 88
55 2 3 48 50 101 7 32 9 99 11 79 13 72 15 16 17 18 19 57 87 22 47
55 2 3 48 50 101 7 32 9 99 11 79 13 72 15 16 17 18 19 57 87 22 23
55 2 3 48 50 101 7 32 9 99 11 79 13 72 15 62 17 18 19 57 87 22 88
55 2 3 48 50 101 7 32 9 99 11 79 13 72 15 62 17 18 19 57 87 22 47
55 2 3 48 50 101 7 32 9 99 11 79 13 72 15 62 17 18 19 57 87 22 23
55 2 3 48 50 101 7 32 9 99 11 79 13 72 64 16 17 18 19 57 87 22 88
55 2 3 48 50 101 7 32 9 99 11 79 13 72 64 16 17 18 19 57 87 22 47
55 2 3 48 50 101 7 32 9 99 11 79 13 72 64 16 17 18 19 57 87 22 23
55 2 3 48 50 101 7 32 9 99 11 79 13 72 64 62 17 18 19 57 87 22 88
55 2 3 48 50 101 7 32 9 99 11 79 13 72 64 62 17 18 19 57 87 22 47
55 2 3 48 50 101 7 32 9 99 11 79 13 72 64 62 17 18 19 57 87 22 23
55 2 3 48 50 101 7 32 9 99 11 79 71 14 15 16 17 18 19 57 87 22 88
55 2 3 48 50 101 7 32 9 99 11 79 71 14 15 16 17 18 19 57 87 22 47
55 2 3 48 50 101 7 32 9 99 11 79 71 14 15 16 17 18 19 57 87 22 23
55 2 3 48 50 101 7 32 9 99 11 79 71 14 15 62 17 18 19 57 87 22 88
55 2 3 48 50 101 7 32 9 99 11 79 71 14 15 62 17 18 19 57 87 22 47
55 2 3 48 50 101 7 32 9 99 11 79 71 14 15 62 17 18 19 57 87 22 23
55 2 3 48 50 101 7 32 9 99 11 79 71 14 64 16 17 18 19 57 87 22 88
55 2 3 48 50 101 7 32 9 99 11 79 71 14 64 16 17 18 19 57 87 22 47
55 2 3 48 50 101 7 32 9 99 11 79 71 14 64 16 17 18 19 57 87 22 23
55 2 3 48 50 101 7 32 9 99 11 79 71 14 64 62 17 18 19 57 87 22 88
55 2 3 48 50 101 7 32 9 99 11 79 71 14 64 62 17 18 19 57 87 22 47
55 2 3 48 50 101 7 32 9 99 11 79 71 14 64 62 17 18 19 57 87 22 23
55 2 3 48 50 101 7 32 9 99 11 79 71 72 15 16 17 18 19 57 87 22 88
55 2 3 48 50 101 7 32 9 99 11 79 71 72 15 16 17 18 19 57 87 22 47
55 2 3 48 50 101 7 32 9 99 11 79 71 72 15 16 17 18 19 57 87 22 23
55 2 3 48 50 101 7 32 9 99 11 79 71 72 15 62 17 18 19 57 87 22 88
55 2 3 48 50 101 7 32 9 99 11 79 71 72 15 62 17 18 19 57 87 22 47
55 2 3 48 50 101 7 32 9 99 11 79 71 72 15 62 17 18 19 57 87 22 23
55 2 3 48 50 101 7 32 9 99 11 79 71 72 64 16 17 18 19 57 87 22 88
55 2 3 48 50 101 7 32 9 99 11 79 71 72 64 16 17 18 19 57 87 22 47
55 2 3 48 50 101 7 32 9 99 11 79 71 72 64 16 17 18 19 57 87 22 23
55 2 3 48 50 101 7 32 9 99 11 79 71 72 64 62 17 18 19 57 87 22 88
55 2 3 48 50 101 7 32 9 99 11 79 71 72 64 62 17 18 19 57 87 22 47
55 2 3 48 50 101 7 32 9 99 11 79 71 72 64 62 17 18 19 57 87 22 23
55 2 43 67 50 70 7 32 9 99 11 79 13 14 15 16 17 18 19 57 87 22 88
55 2 43 67 50 70 7 32 9 99 11 79 13 14 15 16 17 18 19 57 87 22 47
55 2 43 67 50 70 7 32 9 99 11 79 13 14 15 16 17 18 19 57 87 22 23
55 2 43 67 50 70 7 32 9 99 11 79 13 14 15 62 17 18 19 57 87 22 88
55 2 43 67 50 70 7 32 9 99 11 79 13 14 15 62 17 18 19 57 87 22 47
55 2 43 67 50 70 7 32 9 99 11 79 13 14 15 62 17 18 19 57 87 22 23
55 2 43 67 50 70 7 32 9 99 11 79 13 14 64 16 17 18 19 57 87 22 88
55 2 43 67 50 70 7 32 9 99 11 79 13 14 64 16 17 18 19 57 87 22 47
55 2 43 67 50 70 7 32 9 99 11 79 13 14 64 16 17 18 19 57 87 22 23
55 2 43 67 50 70 7 32 9 99 11 79 13 14 64 62 17 18 19 57 87 22 88
55 2 43 67 50 70 7 32 9 99 11 79 13 14 64 62 17 18 19 57 87 22 47
55 2 43 67 50 70 7 32 9 99 11 79 13 14 64 62 17 18 19 57 87 22 23
55 2 43 67 50 70 7 32 9 99 11 79 13 72 15 16 17 18 19 57 87 22 88
55 2 43 67 50 70 7 32 9 99 11 79 13 72 15 16 17 18 19 57 87 22 47
55 2 43 67 50 70 7 32 9 99 11 79 13 72 15 16 17 18 19 57 87 22 23
55 2 43 67 50 70 7 32 9 99 11 79 13 72 15 62 17 18 19 57 87 22 88
55 2 43 67 50 70 7 32 9 99 11 79 13 72 15 62 17 18 19 57 87 22 47
55 2 43 67 50 70 7 32 9 99 11 79 13 72 15 62 17 18 19 57 87 22 23
55 2 43 67 50 70 7 32 9 99 11 79 13 72 64 16 17 18 19 57 87 22 88
55 2 43 67 50 70 7 32 9 99 11 79 13 72 64 16 17 18 19 57 87 22 47
55 2 43 67 50 70 7 32 9 99 11 79 13 72 64 16 17 18 19 57 87 22 23
55 2 43 67 50 70 7 32 9 99 11 79 13 72 64 62 17 18 19 57 87 22 88
55 2 43 67 50 70 7 32 9 99 11 79 13 72 64 62 17 18 19 57 87 22 47
55 2 43 67 50 70 7 32 9 99 11 79 13 72 64 62 17 18 19 57 87 22 23
55 2 43 67 50 70 7 32 9 99 11 79 71 14 15 16 17 18 19 57 87 22 88
55 2 43 67 50 70 7 32 9 99 11 79 71 14 15 16 17 18 19 57 87 22 47
55 2 43 67 50 70 7 32 9 99 11 79 71 14 15 16 17 18 19 57 87 22 23
55 2 43 67 50 70 7 32 9 99 11 79 71 14 15 62 17 18 19 57 87 22 88
55 2 43 67 50 70 7 32 9 99 11 79 71 14 15 62 17 18 19 57 87 22 47
55 2 43 67 50 70 7 32 9 99 11 79 71 14 15 62 17 18 19 57 87 22 23
55 2 43 67 50 70 7 32 9 99 11 79 71 14 64 16 17 18 19 57 87 22 88
55 2 43 67 50 70 7 32 9 99 11 79 71 14 64 16 17 18 19 57 87 22 47
55 2 43 67 50 70 7 32 9 99 11 79 71 14 64 16 17 18 19 57 87 22 23
55 2 43 67 50 70 7 32 9 99 11 79 71 14 64 62 17 18 19 57 87 22 88
55 2 43 67 50 70 7 32 9 99 11 79 71 14 64 62 17 18 19 57 87 22 47
55 2 43 67 50 70 7 32 9 99 11 79 71 14 64 62 17 18 19 57 87 22 23
55 2 43 67 50 70 7 32 9 99 11 79 71 72 15 16 17 18 19 57 87 22 88
55 2 43 67 50 70 7 32 9 99 11 79 71 72 15 16 17 18 19 57 87 22 47
55 2 43 67 50 70 7 32 9 99 11 79 71 72 15 16 17 18 19 57 87 22 23
55 2 43 67 50 70 7 32 9 99 11 79 71 72 15 62 17 18 19 57 87 22 88
55 2 43 67 50 70 7 32 9 99 11 79 71 72 15 62 17 18 19 57 87 22 47
55 2 43 67 50 70 7 32 9 99 11 79 71 72 15 62 17 18 19 57 87 22 23
55 2 43 67 50 70 7 32 9 99 11 79 71 72 64 16 17 18 19 57 87 22 88
55 2 43 67 50 70 7 32 9 99 11 79 71 72 64 16 17 18 19 57 87 22 47
55 2 43 67 50 70 7 32 9 99 11 79 71 72 64 16 17 18 19 57 87 22 23
55 2 43 67 50 70 7 32 9 99 11 79 71 72 64 62 17 18 19 57 87 22 88
55 2 43 67 50 70 7 32 9 99 11 79 71 72 64 62 17 18 19 57 87 22 47
55 2 43 67 50 70 7 32 9 99 11 79 71 72 64 62 17 18 19 57 87 22 23
55 2 43 67 50 100 7 32 9 99 11 79 13 14 15 16 17 18 19 57 87 22 88
55 2 43 67 50 100 7 32 9 99 11 79 13 14 15 16 17 18 19 57 87 22 47
55 2 43 67 50 100 7 32 9 99 11 79 13 14 15 16 17 18 19 57 87 22 23
55 2 43 67 50 100 7 32 9 99 11 79 13 14 15 62 17 18 19 57 87 22 88
55 2 43 67 50 100 7 32 9 99 11 79 13 14 15 62 17 18 19 57 87 22 47
55 2 43 67 50 100 7 32 9 99 11 79 13 14 15 62 17 18 19 57 87 22 23
55 2 43 67 50 100 7 32 9 99 11 79 13 14 64 16 17 18 19 57 87 22 88
55 2 43 67 50 100 7 32 9 99 11 79 13 14 64 16 17 18 19 57 87 22 47
55 2 43 67 50 100 7 32 9 99 11 79 13 14 64 16 17 18 19 57 87 22 23
55 2 43 67 50 100 7 32 9 99 11 79 13 14 64 62 17 18 19 57 87 22 88
55 2 43 67 50 100 7 32 9 99 11 79 13 14 64 62 17 18 19 57 87 22 47
55 2 43 67 50 100 7 32 9 99 11 79 13 14 64 62 17 18 19 57 87 22 23
55 2 43 67 50 100 7 32 9 99 11 79 13 72 15 16 17 18 19 57 87 22 88
55 2 43 67 50 100 7 32 9 99 11 79 13 72 15 16 17 18 19 57 87 22 47
55 2 43 67 50 100 7 32 9 99 11 79 13 72 15 16 17 18 19 57 87 22 23
55 2 43 67 50 100 7 32 9 99 11 79 13 72 15 62 17 18 19 57 87 22 88
55 2 43 67 50 100 7 32 9 99 11 79 13 72 15 62 17 18 19 57 87 22 47
55 2 43 67 50 100 7 32 9 99 11 79 13 72 15 62 17 18 19 57 87 22 23
55 2 43 67 50 100 7 32 9 99 11 79 13 72 64 16 17 18 19 57 87 22 88
55 2 43 67 50 100 7 32 9 99 11 79 13 72 64 16 17 18 19 57 87 22 47
55 2 43 67 50 100 7 32 9 99 11 79 13 72 64 16 17 18 19 57 87 22 23
55 2 43 67 50 100 7 32 9 99 11 79 13 72 64 62 17 18 19 57 87 22 88
55 2 43 67 50 100 7 32 9 99 11 79 13 72 64 62 17 18 19 57 87 22 47
55 2 43 67 50 100 7 32 9 99 11 79 13 72 64 62 17 18 19 57 87 22 23
55 2 43 67 50 100 7 32 9 99 11 79 71 14 15 16 17 18 19 57 87 22 88
55 2 43 67 50 100 7 32 9 99 11 79 71 14 15 16 17 18 19 57 87 22 47
55 2 43 67 50 100 7 32 9 99 11 79 71 14 15 16 17 18 19 57 87 22 23
55 2 43 67 50 100 7 32 9 99 11 79 71 14 15 62 17 18 19 57 87 22 88
55 2 43 67 50 100 7 32 9 99 11 79 71 14 15 62 17 18 19 57 87 22 47
55 2 43 67 50 100 7 32 9 99 11 79 71 14 15 62 17 18 19 57 87 22 23
55 2 43 67 50 100 7 32 9 99 11 79 71 14 64 16 17 18 19 57 87 22 88
55 2 43 67 50 100 7 32 9 99 11 79 71 14 64 16 17 18 19 57 87 22 47
55 2 43 67 50 100 7 32 9 99 11 79 71 14 64 16 17 18 19 57 87 22 23
55 2 43 67 50 100 7 32 9 99 11 79 71 14 64 62 17 18 19 57 87 22 88
55 2 43 67 50 100 7 32 9 99 11 79 71 14 64 62 17 18 19 57 87 22 47
55 2 43 67 50 100 7 32 9 99 11 79 71 14 64 62 17 18 19 57 87 22 23
55 2 43 67 50 100 7 32 9 99 11 79 71 72 15 16 17 18 19 57 87 22 88
55 2 43 67 50 100 7 32 9 99 11 79 71 72 15 16 17 18 19 57 87 22 47
55 2 43 67 50 100 7 32 9 99 11 79 71 72 15 16 17 18 19 57 87 22 23
55 2 43 67 50 100 7 32 9 99 11 79 71 72 15 62 17 18 19 57 87 22 88
55 2 43 67 50 100 7 32 9 99 11 79 71 72 15 62 17 18 19 57 87 22 47
55 2 43 67 50 100 7 32 9 99 11 79 71 72 15 62 17 18 19 57 87 22 23
55 2 43 67 50 100 7 32 9 99 11 79 71 72 64 16 17 18 19 57 87 22 88
55 2 43 67 50 100 7 32 9 99 11 79 71 72 64 16 17 18 19 57 87 22 47
55 2 43 67 50 100 7 32 9 99 11 79 71 72 64 16 17 18 19 57 87 22 23
55 2 43 67 50 100 7 32 9 99 11 79 71 72 64 62 17 18 19 57 87 22 88
55 2 43 67 50 100 7 32 9 99 11 79 71 72 64 62 17 18 19 57 87 22 47
55 2 43 67 50 100 7 32 9 99 11 79 71 72 64 62 17 18 19 57 87 22 23
55 2 43 67 50 101 7 32 9 99 11 79 13 14 15 16 17 18 19 57 87 22 88
55 2 43 67 50 101 7 32 9 99 11 79 13 14 15 16 17 18 19 57 87 22 47
55 2 43 67 50 101 7 32 9 99 11 79 13 14 15 16 17 18 19 57 87 22 23
55 2 43 67 50 101 7 32 9 99 11 79 13 14 15 62 17 18 19 57 87 22 88
55 2 43 67 50 101 7 32 9 99 11 79 13 14 15 62 17 18 19 57 87 22 47
55 2 43 67 50 101 7 32 9 99 11 79 13 14 15 62 17 18 19 57 87 22 23
55 2 43 67 50 101 7 32 9 99 11 79 13 14 64 16 17 18 19 57 87 22 88
55 2 43 67 50 101 7 32 9 99 11 79 13 14 64 16 17 18 19 57 87 22 47
55 2 43 67 50 101 7 32 9 99 11 79 13 14 64 16 17 18 19 57 87 22 23
55 2 43 67 50 101 7 32 9 99 11 79 13 14 64 62 17 18 19 57 87 22 88
55 2 43 67 50 101 7 32 9 99 11 79 13 14 64 62 17 18 19 57 87 22 47
55 2 43 67 50 101 7 32 9 99 11 79 13 14 64 62 17 18 19 57 87 22 23
55 2 43 67 50 101 7 32 9 99 11 79 13 72 15 16 17 18 19 57 87 22 88
55 2 43 67 50 101 7 32 9 99 11 79 13 72 15 16 17 18 19 57 87 22 47
55 2 43 67 50 101 7 32 9 99 11 79 13 72 15 16 17 18 19 57 87 22 23
55 2 43 67 50 101 7 32 9 99 11 79 13 72 15 62 17 18 19 57 87 22 88
55 2 43 67 50 101 7 32 9 99 11 79 13 72 15 62 17 18 19 57 87 22 47
55 2 43 67 50 101 7 32 9 99 11 79 13 72 15 62 17 18 19 57 87 22 23
55 2 43 67 50 101 7 32 9 99 11 79 13 72 64 16 17 18 19 57 87 22 88
55 2 43 67 50 101 7 32 9 99 11 79 13 72 64 16 17 18 19 57 87 22 47
55 2 43 67 50 101 7 32 9 99 11 79 13 72 64 16 17 18 19 57 87 22 23
55 2 43 67 50 101 7 32 9 99 11 79 13 72 64 62 17 18 19 57 87 22 88
55 2 43 67 50 101 7 32 9 99 11 79 13 72 64 62 17 18 19 57 87 22 47
55 2 43 67 50 101 7 32 9 99 11 79 13 72 64 62 17 18 19 57 87 22 23
55 2 43 67 50 101 7 32 9 99 11 79 71 14 15 16 17 18 19 57 87 22 88
55 2 43 67 50 101 7 32 9 99 11 79 71 14 15 16 17 18 19 57 87 22 47
55 2 43 67 50 101 7 32 9 99 11 79 71 14 15 16 17 18 19 57 87 22 23
55 2 43 67 50 101 7 32 9 99 11 79 71 14 15 62 17 18 19 57 87 22 88
55 2 43 67 50 101 7 32 9 99 11 79 71 14 15 62 17 18 19 57 87 22 47
55 2 43 67 50 101 7 32 9 99 11 79 71 14 15 62 17 18 19 57 87 22 23
55 2 43 67 50 101 7 32 9 99 11 79 71 14 64 16 17 18 19 57 87 22 88
55 2 43 67 50 101 7 32 9 99 11 79 71 14 64 16 17 18 19 57 87 22 47
55 2 43 67 50 101 7 32 9 99 11 79 71 14 64 16 17 18 19 57 87 22 23
55 2 43 67 50 101 7 32 9 99 11 79 71 14 64 62 17 18 19 57 87 22 88
55 2 43 67 50 101 7 32 9 99 11 79 71 14 64 62 17 18 19 57 87 22 47
55 2 43 67 50 101 7 32 9 99 11 79 71 14 64 62 17 18 19 57 87 22 23
55 2 43 67 50 101 7 32 9 99 11 79 71 72 15 16 17 18 19 57 87 22 88
55 2 43 67 50 101 7 32 9 99 11 79 71 72 15 16 17 18 19 57 87 22 47
55 2 43 67 50 101 7 32 9 99 11 79 71 72 15 16 17 18 19 57 87 22 23
55 2 43 67 50 101 7 32 9 99 11 79 71 72 15 62 17 18 19 57 87 22 88
55 2 43 67 50 101 7 32 9 99 11 79 71 72 15 62 17 18 19 57 87 22 47
55 2 43 67 50 101 7 32 9 99 11 79 71 72 15 62 17 18 19 57 87 22 23
55 2 43 67 50 101 7 32 9 99 11 79 71 72 64 16 17 18 19 57 87 22 88
55 2 43 67 50 101 7 32 9 99 11 79 71 72 64 16 17 18 19 57 87 22 47
55 2 43 67 50 101 7 32 9 99 11 79 71 72 64 16 17 18 19 57 87 22 23
55 2 43 67 50 101 7 32 9 99 11 79 71 72 64 62 17 18 19 57 87 22 88
55 2 43 67 50 101 7 32 9 99 11 79 71 72 64 62 17 18 19 57 87 22 47
55 2 43 67 50 101 7 32 9 99 11 79 71 72 64 62 17 18 19 57 87 22 23
55 2 43 48 50 70 7 32 9 99 11 79 13 14 15 16 17 18 19 57 87 22 88
55 2 43 48 50 70 7 32 9 99 11 79 13 14 15 16 17 18 19 57 87 22 47
55 2 43 48 50 70 7 32 9 99 11 79 13 14 15 16 17 18 19 57 87 22 23
55 2 43 48 50 70 7 32 9 99 11 79 13 14 15 62 17 18 19 57 87 22 88
55 2 43 48 50 70 7 32 9 99 11 79 13 14 15 62 17 18 19 57 87 22 47
55 2 43 48 50 70 7 32 9 99 11 79 13 14 15 62 17 18 19 57 87 22 23
55 2 43 48 50 70 7 32 9 99 11 79 13 14 64 16 17 18 19 57 87 22 88
55 2 43 48 50 70 7 32 9 99 11 79 13 14 64 16 17 18 19 57 87 22 47
55 2 43 48 50 70 7 32 9 99 11 79 13 14 64 16 17 18 19 57 87 22 23
55 2 43 48 50 70 7 32 9 99 11 79 13 14 64 62 17 18 19 57 87 22 88
55 2 43 48 50 70 7 32 9 99 11 79 13 14 64 62 17 18 19 57 87 22 47
55 2 43 48 50 70 7 32 9 99 11 79 13 14 64 62 17 18 19 57 87 22 23
55 2 43 48 50 70 7 32 9 99 11 79 13 72 15 16 17 18 19 57 87 22 88
55 2 43 48 50 70 7 32 9 99 11 79 13 72 15 16 17 18 19 57 87 22 47
55 2 43 48 50 70 7 32 9 99 11 79 13 72 15 16 17 18 19 57 87 22 23
55 2 43 48 50 70 7 32 9 99 11 79 13 72 15 62 17 18 19 57 87 22 88
55 2 43 48 50 70 7 32 9 99 11 79 13 72 15 62 17 18 19 57 87 22 47
55 2 43 48 50 70 7 32 9 99 11 79 13 72 15 62 17 18 19 57 87 22 23
55 2 43 48 50 70 7 32 9 99 11 79 13 72 64 16 17 18 19 57 87 22 88
55 2 43 48 50 70 7 32 9 99 11 79 13 72 64 16 17 18 19 57 87 22 47
55 2 43 48 50 70 7 32 9 99 11 79 13 72 64 16 17 18 19 57 87 22 23
55 2 43 48 50 70 7 32 9 99 11 79 13 72 64 62 17 18 19 57 87 22 88
55 2 43 48 50 70 7 32 9 99 11 79 13 72 64 62 17 18 19 57 87 22 47
55 2 43 48 50 70 7 32 9 99 11 79 13 72 64 62 17 18 19 57 87 22 23
55 2 43 48 50 70 7 32 9 99 11 79 71 14 15 16 17 18 19 57 87 22 88
55 2 43 48 50 70 7 32 9 99 11 79 71 14 15 16 17 18 19 57 87 22 47
55 2 43 48 50 70 7 32 9 99 11 79 71 14 15 16 17 18 19 57 87 22 23
55 2 43 48 50 70 7 32 9 99 11 79 71 14 15 62 17 18 19 57 87 22 88
55 2 43 48 50 70 7 32 9 99 11 79 71 14 15 62 17 18 19 57 87 22 47
55 2 43 48 50 70 7 32 9 99 11 79 71 14 15 62 17 18 19 57 87 22 23
55 2 43 48 50 70 7 32 9 99 11 79 71 14 64 16 17 18 19 57 87 22 88
55 2 43 48 50 70 7 32 9 99 11 79 71 14 64 16 17 18 19 57 87 22 47
55 2 43 48 50 70 7 32 9 99 11 79 71 14 64 16 17 18 19 57 87 22 23
55 2 43 48 50 70 7 32 9 99 11 79 71 14 64 62 17 18 19 57 87 22 88
55 2 43 48 50 70 7 32 9 99 11 79 71 14 64 62 17 18 19 57 87 22 47
55 2 43 48 50 70 7 32 9 99 11 79 71 14 64 62 17 18 19 57 87 22 23
55 2 43 48 50 70 7 32 9 99 11 79 71 72 15 16 17 18 19 57 87 22 88
55 2 43 48 50 70 7 32 9 99 11 79 71 72 15 16 17 18 19 57 87 22 47
55 2 43 48 50 70 7 32 9 99 11 79 71 72 15 16 17 18 19 57 87 22 23
55 2 43 48 50 70 7 32 9 99 11 79 71 72 15 62 17 18 19 57 87 22 88
55 2 43 48 50 70 7 32 9 99 11 79 71 72 15 62 17 18 19 57 87 22 47
55 2 43 48 50 70 7 32 9 99 11 79 71 72 15 62 17 18 19 57 87 22 23
55 2 43 48 50 70 7 32 9 99 11 79 71 72 64 16 17 18 19 57 87 22 88
55 2 43 48 50 70 7 32 9 99 11 79 71 72 64 16 17 18 19 57 87 22 47
55 2 43 48 50 70 7 32 9 99 11 79 71 72 64 16 17 18 19 57 87 22 23
55 2 43 48 50 70 7 32 9 99 11 79 71 72 64 62 17 18 19 57 87 22 88
55 2 43 48 50 70 7 32 9 99 11 79 71 72 64 62 17 18 19 57 87 22 47
55 2 43 48 50 70 7 32 9 99 11 79 71 72 64 62 17 18 19 57 87 22 23
55 2 43 48 50 100 7 32 9 99 11 79 13 14 15 16 17 18 19 57 87 22 88
55 2 43 48 50 100 7 32 9 99 11 79 13 14 15 16 17 18 19 57 87 22 47
55 2 43 48 50 100 7 32 9 99 11 79 13 14 15 16 17 18 19 57 87 22 23
55 2 43 48 50 100 7 32 9 99 11 79 13 14 15 62 17 18 19 57 87 22 88
55 2 43 48 50 100 7 32 9 99 11 79 13 14 15 62 17 18 19 57 87 22 47
55 2 43 48 50 100 7 32 9 99 11 79 13 14 15 62 17 18 19 57 87 22 23
55 2 43 48 50 100 7 32 9 99 11 79 13 14 64 16 17 18 19 57 87 22 88
55 2 43 48 50 100 7 32 9 99 11 79 13 14 64 16 17 18 19 57 87 22 47
55 2 43 48 50 100 7 32 9 99 11 79 13 14 64 16 17 18 19 57 87 22 23
55 2 43 48 50 100 7 32 9 99 11 79 13 14 64 62 17 18 19 57 87 22 88
55 2 43 48 50 100 7 32 9 99 11 79 13 14 64 62 17 18 19 57 87 22 47
55 2 43 48 50 100 7 32 9 99 11 79 13 14 64 62 17 18 19 57 87 22 23
55 2 43 48 50 100 7 32 9 99 11 79 13 72 15 16 17 18 19 57 87 22 88
55 2 43 48 50 100 7 32 9 99 11 79 13 72 15 16 17 18 19 57 87 22 47
55 2 43 48 50 100 7 32 9 99 11 79 13 72 15 16 17 18 19 57 87 22 23
55 2 43 48 50 100 7 32 9 99 11 79 13 72 15 62 17 18 19 57 87 22 88
55 2 43 48 50 100 7 32 9 99 11 79 13 72 15 62 17 18 19 57 87 22 47
55 2 43 48 50 100 7 32 9 99 11 79 13 72 15 62 17 18 19 57 87 22 23
55 2 43 48 50 100 7 32 9 99 11 79 13 72 64 16 17 18 19 57 87 22 88
55 2 43 48 50 100 7 32 9 99 11 79 13 72 64 16 17 18 19 57 87 22 47
55 2 43 48 50 100 7 32 9 99 11 79 13 72 64 16 17 18 19 57 87 22 23
55 2 43 48 50 100 7 32 9 99 11 79 13 72 64 62 17 18 19 57 87 22 88
55 2 43 48 50 100 7 32 9 99 11 79 13 72 64 62 17 18 19 57 87 22 47
55 2 43 48 50 100 7 32 9 99 11 79 13 72 64 62 17 18 19 57 87 22 23
55 2 43 48 50 100 7 32 9 99 11 79 71 14 15 16 17 18 19 57 87 22 88
55 2 43 48 50 100 7 32 9 99 11 79 71 14 15 16 17 18 19 57 87 22 47
55 2 43 48 50 100 7 32 9 99 11 79 71 14 15 16 17 18 19 57 87 22 23
55 2 43 48 50 100 7 32 9 99 11 79 71 14 15 62 17 18 19 57 87 22 88
55 2 43 48 50 100 7 32 9 99 11 79 71 14 15 62 17 18 19 57 87 22 47
55 2 43 48 50 100 7 32 9 99 11 79 71 14 15 62 17 18 19 57 87 22 23
55 2 43 48 50 100 7 32 9 99 11 79 71 14 64 16 17 18 19 57 87 22 88
55 2 43 48 50 100 7 32 9 99 11 79 71 14 64 16 17 18 19 57 87 22 47
55 2 43 48 50 100 7 32 9 99 11 79 71 14 64 16 17 18 19 57 87 22 23
55 2 43 48 50 100 7 32 9 99 11 79 71 14 64 62 17 18 19 57 87 22 88
55 2 43 48 50 100 7 32 9 99 11 79 71 14 64 62 17 18 19 57 87 22 47
55 2 43 48 50 100 7 32 9 99 11 79 71 14 64 62 17 18 19 57 87 22 23
55 2 43 48 50 100 7 32 9 99 11 79 71 72 15 16 17 18 19 57 87 22 88
55 2 43 48 50 100 7 32 9 99 11 79 71 72 15 16 17 18 19 57 87 22 47
55 2 43 48 50 100 7 32 9 99 11 79 71 72 15 16 17 18 19 57 87 22 23
55 2 43 48 50 100 7 32 9 99 11 79 71 72 15 62 17 18 19 57 87 22 88
55 2 43 48 50 100 7 32 9 99 11 79 71 72 15 62 17 18 19 57 87 22 47
55 2 43 48 50 100 7 32 9 99 11 79 71 72 15 62 17 18 19 57 87 22 23
55 2 43 48 50 100 7 32 9 99 11 79 71 72 64 16 17 18 19 57 87 22 88
55 2 43 48 50 100 7 32 9 99 11 79 71 72 64 16 17 18 19 57 87 22 47
55 2 43 48 50 100 7 32 9 99 11 79 71 72 64 16 17 18 19 57 87 22 23
55 2 43 48 50 100 7 32 9 99 11 79 71 72 64 62 17 18 19 57 87 22 88
55 2 43 48 50 100 7 32 9 99 11 79 71 72 64 62 17 18 19 57 87 22 47
55 2 43 48 50 100 7 32 9 99 11 79 71 72 64 62 17 18 19 57 87 22 23
55 2 43 48 50 101 7 32 9 99 11 79 13 14 15 16 17 18 19 57 87 22 88
55 2 43 48 50 101 7 32 9 99 11 79 13 14 15 16 17 18 19 57 87 22 47
55 2 43 48 50 101 7 32 9 99 11 79 13 14 15 16 17 18 19 57 87 22 23
55 2 43 48 50 101 7 32 9 99 11 79 13 14 15 62 17 18 19 57 87 22 88
55 2 43 48 50 101 7 32 9 99 11 79 13 14 15 62 17 18 19 57 87 22 47
55 2 43 48 50 101 7 32 9 99 11 79 13 14 15 62 17 18 19 57 87 22 23
55 2 43 48 50 101 7 32 9 99 11 79 13 14 64 16 17 18 19 57 87 22 88
55 2 43 48 50 101 7 32 9 99 11 79 13 14 64 16 17 18 19 57 87 22 47
55 2 43 48 50 101 7 32 9 99 11 79 13 14 64 16 17 18 19 57 87 22 23
55 2 43 48 50 101 7 32 9 99 11 79 13 14 64 62 17 18 19 57 87 22 88
55 2 43 48 50 101 7 32 9 99 11 79 13 14 64 62 17 18 19 57 87 22 47
55 2 43 48 50 101 7 32 9 99 11 79 13 14 64 62 17 18 19 57 87 22 23
55 2 43 48 50 101 7 32 9 99 11 79 13 72 15 16 17 18 19 57 87 22 88
55 2 43 48 50 101 7 32 9 99 11 79 13 72 15 16 17 18 19 57 87 22 47
55 2 43 48 50 101 7 32 9 99 11 79 13 72 15 16 17 18 19 57 87 22 23
55 2 43 48 50 101 7 32 9 99 11 79 13 72 15 62 17 18 19 57 87 22 88
55 2 43 48 50 101 7 32 9 99 11 79 13 72 15 62 17 18 19 57 87 22 47
55 2 43 48 50 101 7 32 9 99 11 79 13 72 15 62 17 18 19 57 87 22 23
55 2 43 48 50 101 7 32 9 99 11 79 13 72 64 16 17 18 19 57 87 22 88
55 2 43 48 50 101 7 32 9 99 11 79 13 72 64 16 17 18 19 57 87 22 47
55 2 43 48 50 101 7 32 9 99 11 79 13 72 64 16 17 18 19 57 87 22 23
55 2 43 48 50 101 7 32 9 99 11 79 13 72 64 62 17 18 19 57 87 22 88
55 2 43 48 50 101 7 32 9 99 11 79 13 72 64 62 17 18 19 57 87 22 47
55 2 43 48 50 101 7 32 9 99 11 79 13 72 64 62 17 18 19 57 87 22 23
55 2 43 48 50 101 7 32 9 99 11 79 71 14 15 16 17 18 19 57 87 22 88
55 2 43 48 50 101 7 32 9 99 11 79 71 14 15 16 17 18 19 57 87 22 47
55 2 43 48 50 101 7 32 9 99 11 79 71 14 15 16 17 18 19 57 87 22 23
55 2 43 48 50 101 7 32 9 99 11 79 71 14 15 62 17 18 19 57 87 22 88
55 2 43 48 50 101 7 32 9 99 11 79 71 14 15 62 17 18 19 57 87 22 47
55 2 43 48 50 101 7 32 9 99 11 79 71 14 15 62 17 18 19 57 87 22 23
55 2 43 48 50 101 7 32 9 99 11 79 71 14 64 16 17 18 19 57 87 22 88
55 2 43 48 50 101 7 32 9 99 11 79 71 14 64 16 17 18 19 57 87 22 47
55 2 43 48 50 101 7 32 9 99 11 79 71 14 64 16 17 18 19 57 87 22 23
55 2 43 48 50 101 7 32 9 99 11 79 71 14 64 62 17 18 19 57 87 22 88
55 2 43 48 50 101 7 32 9 99 11 79 71 14 64 62 17 18 19 57 87 22 47
55 2 43 48 50 101 7 32 9 99 11 79 71 14 64 62 17 18 19 57 87 22 23
55 2 43 48 50 101 7 32 9 99 11 79 71 72 15 16 17 18 19 57 87 22 88
55 2 43 48 50 101 7 32 9 99 11 79 71 72 15 16 17 18 19 57 87 22 47
55 2 43 48 50 101 7 32 9 99 11 79 71 72 15 16 17 18 19 57 87 22 23
55 2 43 48 50 101 7 32 9 99 11 79 71 72 15 62 17 18 19 57 87 22 88
55 2 43 48 50 101 7 32 9 99 11 79 71 72 15 62 17 18 19 57 87 22 47
55 2 43 48 50 101 7 32 9 99 11 79 71 72 15 62 17 18 19 57 87 22 23
55 2 43 48 50 101 7 32 9 99 11 79 71 72 64 16 17 18 19 57 87 22 88
55 2 43 48 50 101 7 32 9 99 11 79 71 72 64 16 17 18 19 57 87 22 47
55 2 43 48 50 101 7 32 9 99 11 79 71 72 64 16 17 18 19 57 87 22 23
55 2 43 48 50 101 7 32 9 99 11 79 71 72 64 62 17 18 19 57 87 22 88
55 2 43 48 50 101 7 32 9 99 11 79 71 72 64 62 17 18 19 57 87 22 47
55 2 43 48 50 101 7 32 9 99 11 79 71 72 64 62 17 18 19 57 87 22 23
55 30 3 67 50 70 7 32 9 99 11 79 13 14 15 16 17 18 19 57 87 22 88
55 30 3 67 50 70 7 32 9 99 11 79 13 14 15 16 17 18 19 57 87 22 47
55 30 3 67 50 70 7 32 9 99 11 79 13 14 15 16 17 18 19 57 87 22 23
55 30 3 67 50 70 7 32 9 99 11 79 13 14 15 62 17 18 19 57 87 22 88
55 30 3 67 50 70 7 32 9 99 11 79 13 14 15 62 17 18 19 57 87 22 47
55 30 3 67 50 70 7 32 9 99 11 79 13 14 15 62 17 18 19 57 87 22 23
55 30 3 67 50 70 7 32 9 99 11 79 13 14 64 16 17 18 19 57 87 22 88
55 30 3 67 50 70 7 32 9 99 11 79 13 14 64 16 17 18 19 57 87 22 47
55 30 3 67 50 70 7 32 9 99 11 79 13 14 64 16 17 18 19 57 87 22 23
55 30 3 67 50 70 7 32 9 99 11 79 13 14 64 62 17 18 19 57 87 22 88
55 30 3 67 50 70 7 32 9 99 11 79 13 14 64 62 17 18 19 57 87 22 47
55 30 3 67 50 70 7 32 9 99 11 79 13 14 64 62 17 18 19 57 87 22 23
55 30 3 67 50 70 7 32 9 99 11 79 13 72 15 16 17 18 19 57 87 22 88
55 30 3 67 50 70 7 32 9 99 11 79 13 72 15 16 17 18 19 57 87 22 47
55 30 3 67 50 70 7 32 9 99 11 79 13 72 15 16 17 18 19 57 87 22 23
55 30 3 67 50 70 7 32 9 99 11 79 13 72 15 62 17 18 19 57 87 22 88
55 30 3 67 50 70 7 32 9 99 11 79 13 72 15 62 17 18 19 57 87 22 47
55 30 3 67 50 70 7 32 9 99 11 79 13 72 15 62 17 18 19 57 87 22 23
55 30 3 67 50 70 7 32 9 99 11 79 13 72 64 16 17 18 19 57 87 22 88
55 30 3 67 50 70 7 32 9 99 11 79 13 72 64 16 17 18 19 57 87 22 47
55 30 3 67 50 70 7 32 9 99 11 79 13 72 64 16 17 18 19 57 87 22 23
55 30 3 67 50 70 7 32 9 99 11 79 13 72 64 62 17 18 19 57 87 22 88
55 30 3 67 50 70 7 32 9 99 11 79 13 72 64 62 17 18 19 57 87 22 47
55 30 3 67 50 70 7 32 9 99 11 79 13 72 64 62 17 18 19 57 87 22 23
55 30 3 67 50 70 7 32 9 99 11 79 71 14 15 16 17 18 19 57 87 22 88
55 30 3 67 50 70 7 32 9 99 11 79 71 14 15 16 17 18 19 57 87 22 47
55 30 3 67 50 70 7 32 9 99 11 79 71 14 15 16 17 18 19 57 87 22 23
55 30 3 67 50 70 7 32 9 99 11 79 71 14 15 62 17 18 19 57 87 22 88
55 30 3 67 50 70 7 32 9 99 11 79 71 14 15 62 17 18 19 57 87 22 47
55 30 3 67 50 70 7 32 9 99 11 79 71 14 15 62 17 18 19 57 87 22 23
55 30 3 67 50 70 7 32 9 99 11 79 71 14 64 16 17 18 19 57 87 22 88
55 30 3 67 50 70 7 32 9 99 11 79 71 14 64 16 17 18 19 57 87 22 47
55 30 3 67 50 70 7 32 9 99 11 79 71 14 64 16 17 18 19 57 87 22 23
55 30 3 67 50 70 7 32 9 99 11 79 71 14 64 62 17 18 19 57 87 22 88
55 30 3 67 50 70 7 32 9 99 11 79 71 14 64 62 17 18 19 57 87 22 47
55 30 3 67 50 70 7 32 9 99 11 79 71 14 64 62 17 18 19 57 87 22 23
55 30 3 67 50 70 7 32 9 99 11 79 71 72 15 16 17 18 19 57 87 22 88
55 30 3 67 50 70 7 32 9 99 11 79 71 72 15 16 17 18 19 57 87 22 47
55 30 3 67 50 70 7 32 9 99 11 79 71 72 15 16 17 18 19 57 87 22 23
55 30 3 67 50 70 7 32 9 99 11 79 71 72 15 62 17 18 19 57 87 22 88
55 30 3 67 50 70 7 32 9 99 11 79 71 72 15 62 17 18 19 57 87 22 47
55 30 3 67 50 70 7 32 9 99 11 79 71 72 15 62 17 18 19 57 87 22 23
55 30 3 67 50 70 7 32 9 99 11 79 71 72 64 16 17 18 19 57 87 22 88
55 30 3 67 50 70 7 32 9 99 11 79 71 72 64 16 17 18 19 57 87 22 47
55 30 3 67 50 70 7 32 9 99 11 79 71 72 64 16 17 18 19 57 87 22 23
55 30 3 67 50 70 7 32 9 99 11 79 71 72 64 62 17 18 19 57 87 22 88
55 30 3 67 50 70 7 32 9 99 11 79 71 72 64 62 17 18 19 57 87 22 47
55 30 3 67 50 70 7 32 9 99 11 79 71 72 64 62 17 18 19 57 87 22 23
55 30 3 67 50 100 7 32 9 99 11 79 13 14 15 16 17 18 19 57 87 22 88
55 30 3 67 50 100 7 32 9 99 11 79 13 14 15 16 17 18 19 57 87 22 47
55 30 3 67 50 100 7 32 9 99 11 79 13 14 15 16 17 18 19 57 87 22 23
55 30 3 67 50 100 7 32 9 99 11 79 13 14 15 62 17 18 19 57 87 22 88
55 30 3 67 50 100 7 32 9 99 11 79 13 14 15 62 17 18 19 57 87 22 47
55 30 3 67 50 100 7 32 9 99 11 79 13 14 15 62 17 18 19 57 87 22 23
55 30 3 67 50 100 7 32 9 99 11 79 13 14 64 16 17 18 19 57 87 22 88
55 30 3 67 50 100 7 32 9 99 11 79 13 14 64 16 17 18 19 57 87 22 47
55 30 3 67 50 100 7 32 9 99 11 79 13 14 64 16 17 18 19 57 87 22 23
55 30 3 67 50 100 7 32 9 99 11 79 13 14 64 62 17 18 19 57 87 22 88
55 30 3 67 50 100 7 32 9 99 11 79 13 14 64 62 17 18 19 57 87 22 47
55 30 3 67 50 100 7 32 9 99 11 79 13 14 64 62 17 18 19 57 87 22 23
55 30 3 67 50 100 7 32 9 99 11 79 13 72 15 16 17 18 19 57 87 22 88
55 30 3 67 50 100 7 32 9 99 11 79 13 72 15 16 17 18 19 57 87 22 47
55 30 3 67 50 100 7 32 9 99 11 79 13 72 15 16 17 18 19 57 87 22 23
55 30 3 67 50 100 7 32 9 99 11 79 13 72 15 62 17 18 19 57 87 22 88
55 30 3 67 50 100 7 32 9 99 11 79 13 72 15 62 17 18 19 57 87 22 47
55 30 3 67 50 100 7 32 9 99 11 79 13 72 15 62 17 18 19 57 87 22 23
55 30 3 67 50 100 7 32 9 99 11 79 13 72 64 16 17 18 19 57 87 22 88
55 30 3 67 50 100 7 32 9 99 11 79 13 72 64 16 17 18 19 57 87 22 47
55 30 3 67 50 100 7 32 9 99 11 79 13 72 64 16 17 18 19 57 87 22 23
55 30 3 67 50 100 7 32 9 99 11 79 13 72 64 62 17 18 19 57 87 22 88
55 30 3 67 50 100 7 32 9 99 11 79 13 72 64 62 17 18 19 57 87 22 47
55 30 3 67 50 100 7 32 9 99 11 79 13 72 64 62 17 18 19 57 87 22 23
55 30 3 67 50 100 7 32 9 99 11 79 71 14 15 16 17 18 19 57 87 22 88
55 30 3 67 50 100 7 32 9 99 11 79 71 14 15 16 17 18 19 57 87 22 47
55 30 3 67 50 100 7 32 9 99 11 79 71 14 15 16 17 18 19 57 87 22 23
55 30 3 67 50 100 7 32 9 99 11 79 71 14 15 62 17 18 19 57 87 22 88
55 30 3 67 50 100 7 32 9 99 11 79 71 14 15 62 17 18 19 57 87 22 47
55 30 3 67 50 100 7 32 9 99 11 79 71 14 15 62 17 18 19 57 87 22 23
55 30 3 67 50 100 7 32 9 99 11 79 71 14 64 16 17 18 19 57 87 22 88
55 30 3 67 50 100 7 32 9 99 11 79 71 14 64 16 17 18 19 57 87 22 47
55 30 3 67 50 100 7 32 9 99 11 79 71 14 64 16 17 18 19 57 87 22 23
55 30 3 67 50 100 7 32 9 99 11 79 71 14 64 62 17 18 19 57 87 22 88
55 30 3 67 50 100 7 32 9 99 11 79 71 14 64 62 17 18 19 57 87 22 47
55 30 3 67 50 100 7 32 9 99 11 79 71 14 64 62 17 18 19 57 87 22 23
55 30 3 67 50 100 7 32 9 99 11 79 71 72 15 16 17 18 19 57 87 22 88
55 30 3 67 50 100 7 32 9 99 11 79 71 72 15 16 17 18 19 57 87 22 47
55 30 3 67 50 100 7 32 9 99 11 79 71 72 15 16 17 18 19 57 87 22 23
55 30 3 67 50 100 7 32 9 99 11 79 71 72 15 62 17 18 19 57 87 22 88
55 30 3 67 50 100 7 32 9 99 11 79 71 72 15 62 17 18 19 57 87 22 47
55 30 3 67 50 100 7 32 9 99 11 79 71 72 15 62 17 18 19 57 87 22 23
55 30 3 67 50 100 7 32 9 99 11 79 71 72 64 16 17 18 19 57 87 22 88
55 30 3 67 50 100 7 32 9 99 11 79 71 72 64 16 17 18 19 57 87 22 47
55 30 3 67 50 100 7 32 9 99 11 79 71 72 64 16 17 18 19 57 87 22 23
55 30 3 67 50 100 7 32 9 99 11 79 71 72 64 62 17 18 19 57 87 22 88
55 30 3 67 50 100 7 32 9 99 11 79 71 72 64 62 17 18 19 57 87 22 47
55 30 3 67 50 100 7 32 9 99 11 79 71 72 64 62 17 18 19 57 87 22 23
55 30 3 67 50 101 7 32 9 99 11 79 13 14 15 16 17 18 19 57 87 22 88
55 30 3 67 50 101 7 32 9 99 11 79 13 14 15 16 17 18 19 57 87 22 47
55 30 3 67 50 101 7 32 9 99 11 79 13 14 15 16 17 18 19 57 87 22 23
55 30 3 67 50 101 7 32 9 99 11 79 13 14 15 62 17 18 19 57 87 22 88
55 30 3 67 50 101 7 32 9 99 11 79 13 14 15 62 17 18 19 57 87 22 47
55 30 3 67 50 101 7 32 9 99 11 79 13 14 15 62 17 18 19 57 87 22 23
55 30 3 67 50 101 7 32 9 99 11 79 13 14 64 16 17 18 19 57 87 22 88
55 30 3 67 50 101 7 32 9 99 11 79 13 14 64 16 17 18 19 57 87 22 47
55 30 3 67 50 101 7 32 9 99 11 79 13 14 64 16 17 18 19 57 87 22 23
55 30 3 67 50 101 7 32 9 99 11 79 13 14 64 62 17 18 19 57 87 22 88
55 30 3 67 50 101 7 32 9 99 11 79 13 14 64 62 17 18 19 57 87 22 47
55 30 3 67 50 101 7 32 9 99 11 79 13 14 64 62 17 18 19 57 87 22 23
55 30 3 67 50 101 7 32 9 99 11 79 13 72 15 16 17 18 19 57 87 22 88
55 30 3 67 50 101 7 32 9 99 11 79 13 72 15 16 17 18 19 57 87 22 47
55 30 3 67 50 101 7 32 9 99 11 79 13 72 15 16 17 18 19 57 87 22 23
55 30 3 67 50 101 7 32 9 99 11 79 13 72 15 62 17 18 19 57 87 22 88
55 30 3 67 50 101 7 32 9 99 11 79 13 72 15 62 17 18 19 57 87 22 47
55 30 3 67 50 101 7 32 9 99 11 79 13 72 15 62 17 18 19 57 87 22 23
55 30 3 67 50 101 7 32 9 99 11 79 13 72 64 16 17 18 19 57 87 22 88
55 30 3 67 50 101 7 32 9 99 11 79 13 72 64 16 17 18 19 57 87 22 47
55 30 3 67 50 101 7 32 9 99 11 79 13 72 64 16 17 18 19 57 87 22 23
55 30 3 67 50 101 7 32 9 99 11 79 13 72 64 62 17 18 19 57 87 22 88
55 30 3 67 50 101 7 32 9 99 11 79 13 72 64 62 17 18 19 57 87 22 47
55 30 3 67 50 101 7 32 9 99 11 79 13 72 64 62 17 18 19 57 87 22 23
55 30 3 67 50 101 7 32 9 99 11 79 71 14 15 16 17 18 19 57 87 22 88
55 30 3 67 50 101 7 32 9 99 11 79 71 14 15 16 17 18 19 57 87 22 47
55 30 3 67 50 101 7 32 9 99 11 79 71 14 15 16 17 18 19 57 87 22 23
55 30 3 67 50 101 7 32 9 99 11 79 71 14 15 62 17 18 19 57 87 22 88
55 30 3 67 50 101 7 32 9 99 11 79 71 14 15 62 17 18 19 57 87 22 47
55 30 3 67 50 101 7 32 9 99 11 79 71 14 15 62 17 18 19 57 87 22 23
55 30 3 67 50 101 7 32 9 99 11 79 71 14 64 16 17 18 19 57 87 22 88
55 30 3 67 50 101 7 32 9 99 11 79 71 14 64 16 17 18 19 57 87 22 47
55 30 3 67 50 101 7 32 9 99 11 79 71 14 64 16 17 18 19 57 87 22 23
55 30 3 67 50 101 7 32 9 99 11 79 71 14 64 62 17 18 19 57 87 22 88
55 30 3 67 50 101 7 32 9 99 11 79 71 14 64 62 17 18 19 57 87 22 47
55 30 3 67 50 101 7 32 9 99 11 79 71 14 64 62 17 18 19 57 87 22 23
55 30 3 67 50 101 7 32 9 99 11 79 71 72 15 16 17 18 19 57 87 22 88
55 30 3 67 50 101 7 32 9 99 11 79 71 72 15 16 17 18 19 57 87 22 47
55 30 3 67 50 101 7 32 9 99 11 79 71 72 15 16 17 18 19 57 87 22 23
55 30 3 67 50 101 7 32 9 99 11 79 71 72 15 62 17 18 19 57 87 22 88
55 30 3 67 50 101 7 32 9 99 11 79 71 72 15 62 17 18 19 57 87 22 47
55 30 3 67 50 101 7 32 9 99 11 79 71 72 15 62 17 18 19 57 87 22 23
55 30 3 67 50 101 7 32 9 99 11 79 71 72 64 16 17 18 19 57 87 22 88
55 30 3 67 50 101 7 32 9 99 11 79 71 72 64 16 17 18 19 57 87 22 47
55 30 3 67 50 101 7 32 9 99 11 79 71 72 64 16 17 18 19 57 87 22 23
55 30 3 67 50 101 7 32 9 99 11 79 71 72 64 62 17 18 19 57 87 22 88
55 30 3 67 50 101 7 32 9 99 11 79 71 72 64 62 17 18 19 57 87 22 47
55 30 3 67 50 101 7 32 9 99 11 79 71 72 64 62 17 18 19 57 87 22 23
55 30 3 48 50 70 7 32 9 99 11 79 13 14 15 16 17 18 19 57 87 22 88
55 30 3 48 50 70 7 32 9 99 11 79 13 14 15 16 17 18 19 57 87 22 47
55 30 3 48 50 70 7 32 9 99 11 79 13 14 15 16 17 18 19 57 87 22 23
55 30 3 48 50 70 7 32 9 99 11 79 13 14 15 62 17 18 19 57 87 22 88
55 30 3 48 50 70 7 32 9 99 11 79 13 14 15 62 17 18 19 57 87 22 47
55 30 3 48 50 70 7 32 9 99 11 79 13 14 15 62 17 18 19 57 87 22 23
55 30 3 48 50 70 7 32 9 99 11 79 13 14 64 16 17 18 19 57 87 22 88
55 30 3 48 50 70 7 32 9 99 11 79 13 14 64 16 17 18 19 57 87 22 47
55 30 3 48 50 70 7 32 9 99 11 79 13 14 64 16 17 18 19 57 87 22 23
55 30 3 48 50 70 7 32 9 99 11 79 13 14 64 62 17 18 19 57 87 22 88
55 30 3 48 50 70 7 32 9 99 11 79 13 14 64 62 17 18 19 57 87 22 47
55 30 3 48 50 70 7 32 9 99 11 79 13 14 64 62 17 18 19 57 87 22 23
55 30 3 48 50 70 7 32 9 99 11 79 13 72 15 16 17 18 19 57 87 22 88
55 30 3 48 50 70 7 32 9 99 11 79 13 72 15 16 17 18 19 57 87 22 47
55 30 3 48 50 70 7 32 9 99 11 79 13 72 15 16 17 18 19 57 87 22 23
55 30 3 48 50 70 7 32 9 99 11 79 13 72 15 62 17 18 19 57 87 22 88
55 30 3 48 50 70 7 32 9 99 11 79 13 72 15 62 17 18 19 57 87 22 47
55 30 3 48 50 70 7 32 9 99 11 79 13 72 15 62 17 18 19 57 87 22 23
55 30 3 48 50 70 7 32 9 99 11 79 13 72 64 16 17 18 19 57 87 22 88
55 30 3 48 50 70 7 32 9 99 11 79 13 72 64 16 17 18 19 57 87 22 47
55 30 3 48 50 70 7 32 9 99 11 79 13 72 64 16 17 18 19 57 87 22 23
55 30 3 48 50 70 7 32 9 99 11 79 13 72 64 62 17 18 19 57 87 22 88
55 30 3 48 50 70 7 32 9 99 11 79 13 72 64 62 17 18 19 57 87 22 47
55 30 3 48 50 70 7 32 9 99 11 79 13 72 64 62 17 18 19 57 87 22 23
55 30 3 48 50 70 7 32 9 99 11 79 71 14 15 16 17 18 19 57 87 22 88
55 30 3 48 50 70 7 32 9 99 11 79 71 14 15 16 17 18 19 57 87 22 47
55 30 3 48 50 70 7 32 9 99 11 79 71 14 15 16 17 18 19 57 87 22 23
55 30 3 48 50 70 7 32 9 99 11 79 71 14 15 62 17 18 19 57 87 22 88
55 30 3 48 50 70 7 32 9 99 11 79 71 14 15 62 17 18 19 57 87 22 47
55 30 3 48 50 70 7 32 9 99 11 79 71 14 15 62 17 18 19 57 87 22 23
55 30 3 48 50 70 7 32 9 99 11 79 71 14 64 16 17 18 19 57 87 22 88
55 30 3 48 50 70 7 32 9 99 11 79 71 14 64 16 17 18 19 57 87 22 47
55 30 3 48 50 70 7 32 9 99 11 79 71 14 64 16 17 18 19 57 87 22 23
55 30 3 48 50 70 7 32 9 99 11 79 71 14 64 62 17 18 19 57 87 22 88
55 30 3 48 50 70 7 32 9 99 11 79 71 14 64 62 17 18 19 57 87 22 47
55 30 3 48 50 70 7 32 9 99 11 79 71 14 64 62 17 18 19 57 87 22 23
55 30 3 48 50 70 7 32 9 99 11 79 71 72 15 16 17 18 19 57 87 22 88
55 30 3 48 50 70 7 32 9 99 11 79 71 72 15 16 17 18 19 57 87 22 47
55 30 3 48 50 70 7 32 9 99 11 79 71 72 15 16 17 18 19 57 87 22 23
55 30 3 48 50 70 7 32 9 99 11 79 71 72 15 62 17 18 19 57 87 22 88
55 30 3 48 50 70 7 32 9 99 11 79 71 72 15 62 17 18 19 57 87 22 47
55 30 3 48 50 70 7 32 9 99 11 79 71 72 15 62 17 18 19 57 87 22 23
55 30 3 48 50 70 7 32 9 99 11 79 71 72 64 16 17 18 19 57 87 22 88
55 30 3 48 50 70 7 32 9 99 11 79 71 72 64 16 17 18 19 57 87 22 47
55 30 3 48 50 70 7 32 9 99 11 79 71 72 64 16 17 18 19 57 87 22 23
55 30 3 48 50 70 7 32 9 99 11 79 71 72 64 62 17 18 19 57 87 22 88
55 30 3 48 50 70 7 32 9 99 11 79 71 72 64 62 17 18 19 57 87 22 47
55 30 3 48 50 70 7 32 9 99 11 79 71 72 64 62 17 18 19 57 87 22 23
55 30 3 48 50 100 7 32 9 99 11 79 13 14 15 16 17 18 19 57 87 22 88
55 30 3 48 50 100 7 32 9 99 11 79 13 14 15 16 17 18 19 57 87 22 47
55 30 3 48 50 100 7 32 9 99 11 79 13 14 15 16 17 18 19 57 87 22 23
55 30 3 48 50 100 7 32 9 99 11 79 13 14 15 62 17 18 19 57 87 22 88
55 30 3 48 50 100 7 32 9 99 11 79 13 14 15 62 17 18 19 57 87 22 47
55 30 3 48 50 100 7 32 9 99 11 79 13 14 15 62 17 18 19 57 87 22 23
55 30 3 48 50 100 7 32 9 99 11 79 13 14 64 16 17 18 19 57 87 22 88
55 30 3 48 50 100 7 32 9 99 11 79 13 14 64 16 17 18 19 57 87 22 47
55 30 3 48 50 100 7 32 9 99 11 79 13 14 64 16 17 18 19 57 87 22 23
55 30 3 48 50 100 7 32 9 99 11 79 13 14 64 62 17 18 19 57 87 22 88
55 30 3 48 50 100 7 32 9 99 11 79 13 14 64 62 17 18 19 57 87 22 47
55 30 3 48 50 100 7 32 9 99 11 79 13 14 64 62 17 18 19 57 87 22 23
55 30 3 48 50 100 7 32 9 99 11 79 13 72 15 16 17 18 19 57 87 22 88
55 30 3 48 50 100 7 32 9 99 11 79 13 72 15 16 17 18 19 57 87 22 47
55 30 3 48 50 100 7 32 9 99 11 79 13 72 15 16 17 18 19 57 87 22 23
55 30 3 48 50 100 7 32 9 99 11 79 13 72 15 62 17 18 19 57 87 22 88
55 30 3 48 50 100 7 32 9 99 11 79 13 72 15 62 17 18 19 57 87 22 47
55 30 3 48 50 100 7 32 9 99 11 79 13 72 15 62 17 18 19 57 87 22 23
55 30 3 48 50 100 7 32 9 99 11 79 13 72 64 16 17 18 19 57 87 22 88
55 30 3 48 50 100 7 32 9 99 11 79 13 72 64 16 17 18 19 57 87 22 47
55 30 3 48 50 100 7 32 9 99 11 79 13 72 64 16 17 18 19 57 87 22 23
55 30 3 48 50 100 7 32 9 99 11 79 13 72 64 62 17 18 19 57 87 22 88
55 30 3 48 50 100 7 32 9 99 11 79 13 72 64 62 17 18 19 57 87 22 47
55 30 3 48 50 100 7 32 9 99 11 79 13 72 64 62 17 18 19 57 87 22 23
55 30 3 48 50 100 7 32 9 99 11 79 71 14 15 16 17 18 19 57 87 22 88
55 30 3 48 50 100 7 32 9 99 11 79 71 14 15 16 17 18 19 57 87 22 47
55 30 3 48 50 100 7 32 9 99 11 79 71 14 15 16 17 18 19 57 87 22 23
55 30 3 48 50 100 7 32 9 99 11 79 71 14 15 62 17 18 19 57 87 22 88
55 30 3 48 50 100 7 32 9 99 11 79 71 14 15 62 17 18 19 57 87 22 47
55 30 3 48 50 100 7 32 9 99 11 79 71 14 15 62 17 18 19 57 87 22 23
55 30 3 48 50 100 7 32 9 99 11 79 71 14 64 16 17 18 19 57 87 22 88
55 30 3 48 50 100 7 32 9 99 11 79 71 14 64 16 17 18 19 57 87 22 47
55 30 3 48 50 100 7 32 9 99 11 79 71 14 64 16 17 18 19 57 87 22 23
55 30 3 48 50 100 7 32 9 99 11 79 71 14 64 62 17 18 19 57 87 22 88
55 30 3 48 50 100 7 32 9 99 11 79 71 14 64 62 17 18 19 57 87 22 47
55 30 3 48 50 100 7 32 9 99 11 79 71 14 64 62 17 18 19 57 87 22 23
55 30 3 48 50 100 7 32 9 99 11 79 71 72 15 16 17 18 19 57 87 22 88
55 30 3 48 50 100 7 32 9 99 11 79 71 72 15 16 17 18 19 57 87 22 47
55 30 3 48 50 100 7 32 9 99 11 79 71 72 15 16 17 18 19 57 87 22 23
55 30 3 48 50 100 7 32 9 99 11 79 71 72 15 62 17 18 19 57 87 22 88
55 30 3 48 50 100 7 32 9 99 11 79 71 72 15 62 17 18 19 57 87 22 47
55 30 3 48 50 100 7 32 9 99 11 79 71 72 15 62 17 18 19 57 87 22 23
55 30 3 48 50 100 7 32 9 99 11 79 71 72 64 16 17 18 19 57 87 22 88
55 30 3 48 50 100 7 32 9 99 11 79 71 72 64 16 17 18 19 57 87 22 47
55 30 3 48 50 100 7 32 9 99 11 79 71 72 64 16 17 18 19 57 87 22 23
55 30 3 48 50 100 7 32 9 99 11 79 71 72 64 62 17 18 19 57 87 22 88
55 30 3 48 50 100 7 32 9 99 11 79 71 72 64 62 17 18 19 57 87 22 47
55 30 3 48 50 100 7 32 9 99 11 79 71 72 64 62 17 18 19 57 87 22 23
55 30 3 48 50 101 7 32 9 99 11 79 13 14 15 16 17 18 19 57 87 22 88
55 30 3 48 50 101 7 32 9 99 11 79 13 14 15 16 17 18 19 57 87 22 47
55 30 3 48 50 101 7 32 9 99 11 79 13 14 15 16 17 18 19 57 87 22 23
55 30 3 48 50 101 7 32 9 99 11 79 13 14 15 62 17 18 19 57 87 22 88
55 30 3 48 50 101 7 32 9 99 11 79 13 14 15 62 17 18 19 57 87 22 47
55 30 3 48 50 101 7 32 9 99 11 79 13 14 15 62 17 18 19 57 87 22 23
55 30 3 48 50 101 7 32 9 99 11 79 13 14 64 16 17 18 19 57 87 22 88
55 30 3 48 50 101 7 32 9 99 11 79 13 14 64 16 17 18 19 57 87 22 47
55 30 3 48 50 101 7 32 9 99 11 79 13 14 64 16 17 18 19 57 87 22 23
55 30 3 48 50 101 7 32 9 99 11 79 13 14 64 62 17 18 19 57 87 22 88
55 30 3 48 50 101 7 32 9 99 11 79 13 14 64 62 17 18 19 57 87 22 47
55 30 3 48 50 101 7 32 9 99 11 79 13 14 64 62 17 18 19 57 87 22 23
55 30 3 48 50 101 7 32 9 99 11 79 13 72 15 16 17 18 19 57 87 22 88
55 30 3 48 50 101 7 32 9 99 11 79 13 72 15 16 17 18 19 57 87 22 47
55 30 3 48 50 101 7 32 9 99 11 79 13 72 15 16 17 18 19 57 87 22 23
55 30 3 48 50 101 7 32 9 99 11 79 13 72 15 62 17 18 19 57 87 22 88
55 30 3 48 50 101 7 32 9 99 11 79 13 72 15 62 17 18 19 57 87 22 47
55 30 3 48 50 101 7 32 9 99 11 79 13 72 15 62 17 18 19 57 87 22 23
55 30 3 48 50 101 7 32 9 99 11 79 13 72 64 16 17 18 19 57 87 22 88
55 30 3 48 50 101 7 32 9 99 11 79 13 72 64 16 17 18 19 57 87 22 47
55 30 3 48 50 101 7 32 9 99 11 79 13 72 64 16 17 18 19 57 87 22 23
55 30 3 48 50 101 7 32 9 99 11 79 13 72 64 62 17 18 19 57 87 22 88
55 30 3 48 50 101 7 32 9 99 11 79 13 72 64 62 17 18 19 57 87 22 47
55 30 3 48 50 101 7 32 9 99 11 79 13 72 64 62 17 18 19 57 87 22 23
55 30 3 48 50 101 7 32 9 99 11 79 71 14 15 16 17 18 19 57 87 22 88
55 30 3 48 50 101 7 32 9 99 11 79 71 14 15 16 17 18 19 57 87 22 47
55 30 3 48 50 101 7 32 9 99 11 79 71 14 15 16 17 18 19 57 87 22 23
55 30 3 48 50 101 7 32 9 99 11 79 71 14 15 62 17 18 19 57 87 22 88
55 30 3 48 50 101 7 32 9 99 11 79 71 14 15 62 17 18 19 57 87 22 47
55 30 3 48 50 101 7 32 9 99 11 79 71 14 15 62 17 18 19 57 87 22 23
55 30 3 48 50 101 7 32 9 99 11 79 71 14 64 16 17 18 19 57 87 22 88
55 30 3 48 50 101 7 32 9 99 11 79 71 14 64 16 17 18 19 57 87 22 47
55 30 3 48 50 101 7 32 9 99 11 79 71 14 64 16 17 18 19 57 87 22 23
55 30 3 48 50 101 7 32 9 99 11 79 71 14 64 62 17 18 19 57 87 22 88
55 30 3 48 50 101 7 32 9 99 11 79 71 14 64 62 17 18 19 57 87 22 47
55 30 3 48 50 101 7 32 9 99 11 79 71 14 64 62 17 18 19 57 87 22 23
55 30 3 48 50 101 7 32 9 99 11 79 71 72 15 16 17 18 19 57 87 22 88
55 30 3 48 50 101 7 32 9 99 11 79 71 72 15 16 17 18 19 57 87 22 47
55 30 3 48 50 101 7 32 9 99 11 79 71 72 15 16 17 18 19 57 87 22 23
55 30 3 48 50 101 7 32 9 99 11 79 71 72 15 62 17 18 19 57 87 22 88
55 30 3 48 50 101 7 32 9 99 11 79 71 72 15 62 17 18 19 57 87 22 47
55 30 3 48 50 101 7 32 9 99 11 79 71 72 15 62 17 18 19 57 87 22 23
55 30 3 48 50 101 7 32 9 99 11 79 71 72 64 16 17 18 19 57 87 22 88
55 30 3 48 50 101 7 32 9 99 11 79 71 72 64 16 17 18 19 57 87 22 47
55 30 3 48 50 101 7 32 9 99 11 79 71 72 64 16 17 18 19 57 87 22 23
55 30 3 48 50 101 7 32 9 99 11 79 71 72 64 62 17 18 19 57 87 22 88
55 30 3 48 50 101 7 32 9 99 11 79 71 72 64 62 17 18 19 57 87 22 47
55 30 3 48 50 101 7 32 9 99 11 79 71 72 64 62 17 18 19 57 87 22 23
55 30 43 67 50 70 7 32 9 99 11 79 13 14 15 16 17 18 19 57 87 22 88
55 30 43 67 50 70 7 32 9 99 11 79 13 14 15 16 17 18 19 57 87 22 47
55 30 43 67 50 70 7 32 9 99 11 79 13 14 15 16 17 18 19 57 87 22 23
55 30 43 67 50 70 7 32 9 99 11 79 13 14 15 62 17 18 19 57 87 22 88
55 30 43 67 50 70 7 32 9 99 11 79 13 14 15 62 17 18 19 57 87 22 47
55 30 43 67 50 70 7 32 9 99 11 79 13 14 15 62 17 18 19 57 87 22 23
55 30 43 67 50 70 7 32 9 99 11 79 13 14 64 16 17 18 19 57 87 22 88
55 30 43 67 50 70 7 32 9 99 11 79 13 14 64 16 17 18 19 57 87 22 47
55 30 43 67 50 70 7 32 9 99 11 79 13 14 64 16 17 18 19 57 87 22 23
55 30 43 67 50 70 7 32 9 99 11 79 13 14 64 62 17 18 19 57 87 22 88
55 30 43 67 50 70 7 32 9 99 11 79 13 14 64 62 17 18 19 57 87 22 47
55 30 43 67 50 70 7 32 9 99 11 79 13 14 64 62 17 18 19 57 87 22 23
55 30 43 67 50 70 7 32 9 99 11 79 13 72 15 16 17 18 19 57 87 22 88
55 30 43 67 50 70 7 32 9 99 11 79 13 72 15 16 17 18 19 57 87 22 47
55 30 43 67 50 70 7 32 9 99 11 79 13 72 15 16 17 18 19 57 87 22 23
55 30 43 67 50 70 7 32 9 99 11 79 13 72 15 62 17 18 19 57 87 22 88
55 30 43 67 50 70 7 32 9 99 11 79 13 72 15 62 17 18 19 57 87 22 47
55 30 43 67 50 70 7 32 9 99 11 79 13 72 15 62 17 18 19 57 87 22 23
55 30 43 67 50 70 7 32 9 99 11 79 13 72 64 16 17 18 19 57 87 22 88
55 30 43 67 50 70 7 32 9 99 11 79 13 72 64 16 17 18 19 57 87 22 47
55 30 43 67 50 70 7 32 9 99 11 79 13 72 64 16 17 18 19 57 87 22 23
55 30 43 67 50 70 7 32 9 99 11 79 13 72 64 62 17 18 19 57 87 22 88
55 30 43 67 50 70 7 32 9 99 11 79 13 72 64 62 17 18 19 57 87 22 47
55 30 43 67 50 70 7 32 9 99 11 79 13 72 64 62 17 18 19 57 87 22 23
55 30 43 67 50 70 7 32 9 99 11 79 71 14 15 16 17 18 19 57 87 22 88
55 30 43 67 50 70 7 32 9 99 11 79 71 14 15 16 17 18 19 57 87 22 47
55 30 43 67 50 70 7 32 9 99 11 79 71 14 15 16 17 18 19 57 87 22 23
55 30 43 67 50 70 7 32 9 99 11 79 71 14 15 62 17 18 19 57 87 22 88
55 30 43 67 50 70 7 32 9 99 11 79 71 14 15 62 17 18 19 57 87 22 47
55 30 43 67 50 70 7 32 9 99 11 79 71 14 15 62 17 18 19 57 87 22 23
55 30 43 67 50 70 7 32 9 99 11 79 71 14 64 16 17 18 19 57 87 22 88
55 30 43 67 50 70 7 32 9 99 11 79 71 14 64 16 17 18 19 57 87 22 47
55 30 43 67 50 70 7 32 9 99 11 79 71 14 64 16 17 18 19 57 87 22 23
55 30 43 67 50 70 7 32 9 99 11 79 71 14 64 62 17 18 19 57 87 22 88
55 30 43 67 50 70 7 32 9 99 11 79 71 14 64 62 17 18 19 57 87 22 47
55 30 43 67 50 70 7 32 9 99 11 79 71 14 64 62 17 18 19 57 87 22 23
55 30 43 67 50 70 7 32 9 99 11 79 71 72 15 16 17 18 19 57 87 22 88
55 30 43 67 50 70 7 32 9 99 11 79 71 72 15 16 17 18 19 57 87 22 47
55 30 43 67 50 70 7 32 9 99 11 79 71 72 15 16 17 18 19 57 87 22 23
55 30 43 67 50 70 7 32 9 99 11 79 71 72 15 62 17 18 19 57 87 22 88
55 30 43 67 50 70 7 32 9 99 11 79 71 72 15 62 17 18 19 57 87 22 47
55 30 43 67 50 70 7 32 9 99 11 79 71 72 15 62 17 18 19 57 87 22 23
55 30 43 67 50 70 7 32 9 99 11 79 71 72 64 16 17 18 19 57 87 22 88
55 30 43 67 50 70 7 32 9 99 11 79 71 72 64 16 17 18 19 57 87 22 47
55 30 43 67 50 70 7 32 9 99 11 79 71 72 64 16 17 18 19 57 87 22 23
55 30 43 67 50 70 7 32 9 99 11 79 71 72 64 62 17 18 19 57 87 22 88
55 30 43 67 50 70 7 32 9 99 11 79 71 72 64 62 17 18 19 57 87 22 47
55 30 43 67 50 70 7 32 9 99 11 79 71 72 64 62 17 18 19 57 87 22 23
55 30 43 67 50 100 7 32 9 99 11 79 13 14 15 16 17 18 19 57 87 22 88
55 30 43 67 50 100 7 32 9 99 11 79 13 14 15 16 17 18 19 57 87 22 47
55 30 43 67 50 100 7 32 9 99 11 79 13 14 15 16 17 18 19 57 87 22 23
55 30 43 67 50 100 7 32 9 99 11 79 13 14 15 62 17 18 19 57 87 22 88
55 30 43 67 50 100 7 32 9 99 11 79 13 14 15 62 17 18 19 57 87 22 47
55 30 43 67 50 100 7 32 9 99 11 79 13 14 15 62 17 18 19 57 87 22 23
55 30 43 67 50 100 7 32 9 99 11 79 13 14 64 16 17 18 19 57 87 22 88
55 30 43 67 50 100 7 32 9 99 11 79 13 14 64 16 17 18 19 57 87 22 47
55 30 43 67 50 100 7 32 9 99 11 79 13 14 64 16 17 18 19 57 87 22 23
55 30 43 67 50 100 7 32 9 99 11 79 13 14 64 62 17 18 19 57 87 22 88
55 30 43 67 50 100 7 32 9 99 11 79 13 14 64 62 17 18 19 57 87 22 47
55 30 43 67 50 100 7 32 9 99 11 79 13 14 64 62 17 18 19 57 87 22 23
55 30 43 67 50 100 7 32 9 99 11 79 13 72 15 16 17 18 19 57 87 22 88
55 30 43 67 50 100 7 32 9 99 11 79 13 72 15 16 17 18 19 57 87 22 47
55 30 43 67 50 100 7 32 9 99 11 79 13 72 15 16 17 18 19 57 87 22 23
55 30 43 67 50 100 7 32 9 99 11 79 13 72 15 62 17 18 19 57 87 22 88
55 30 43 67 50 100 7 32 9 99 11 79 13 72 15 62 17 18 19 57 87 22 47
55 30 43 67 50 100 7 32 9 99 11 79 13 72 15 62 17 18 19 57 87 22 23
55 30 43 67 50 100 7 32 9 99 11 79 13 72 64 16 17 18 19 57 87 22 88
55 30 43 67 50 100 7 32 9 99 11 79 13 72 64 16 17 18 19 57 87 22 47
55 30 43 67 50 100 7 32 9 99 11 79 13 72 64 16 17 18 19 57 87 22 23
55 30 43 67 50 100 7 32 9 99 11 79 13 72 64 62 17 18 19 57 87 22 88
55 30 43 67 50 100 7 32 9 99 11 79 13 72 64 62 17 18 19 57 87 22 47
55 30 43 67 50 100 7 32 9 99 11 79 13 72 64 62 17 18 19 57 87 22 23
55 30 43 67 50 100 7 32 9 99 11 79 71 14 15 16 17 18 19 57 87 22 88
55 30 43 67 50 100 7 32 9 99 11 79 71 14 15 16 17 18 19 57 87 22 47
55 30 43 67 50 100 7 32 9 99 11 79 71 14 15 16 17 18 19 57 87 22 23
55 30 43 67 50 100 7 32 9 99 11 79 71 14 15 62 17 18 19 57 87 22 88
55 30 43 67 50 100 7 32 9 99 11 79 71 14 15 62 17 18 19 57 87 22 47
55 30 43 67 50 100 7 32 9 99 11 79 71 14 15 62 17 18 19 57 87 22 23
55 30 43 67 50 100 7 32 9 99 11 79 71 14 64 16 17 18 19 57 87 22 88
55 30 43 67 50 100 7 32 9 99 11 79 71 14 64 16 17 18 19 57 87 22 47
55 30 43 67 50 100 7 32 9 99 11 79 71 14 64 16 17 18 19 57 87 22 23
55 30 43 67 50 100 7 32 9 99 11 79 71 14 64 62 17 18 19 57 87 22 88
55 30 43 67 50 100 7 32 9 99 11 79 71 14 64 62 17 18 19 57 87 22 47
55 30 43 67 50 100 7 32 9 99 11 79 71 14 64 62 17 18 19 57 87 22 23
55 30 43 67 50 100 7 32 9 99 11 79 71 72 15 16 17 18 19 57 87 22 88
55 30 43 67 50 100 7 32 9 99 11 79 71 72 15 16 17 18 19 57 87 22 47
55 30 43 67 50 100 7 32 9 99 11 79 71 72 15 16 17 18 19 57 87 22 23
55 30 43 67 50 100 7 32 9 99 11 79 71 72 15 62 17 18 19 57 87 22 88
55 30 43 67 50 100 7 32 9 99 11 79 71 72 15 62 17 18 19 57 87 22 47
55 30 43 67 50 100 7 32 9 99 11 79 71 72 15 62 17 18 19 57 87 22 23
55 30 43 67 50 100 7 32 9 99 11 79 71 72 64 16 17 18 19 57 87 22 88
55 30 43 67 50 100 7 32 9 99 11 79 71 72 64 16 17 18 19 57 87 22 47
55 30 43 67 50 100 7 32 9 99 11 79 71 72 64 16 17 18 19 57 87 22 23
55 30 43 67 50 100 7 32 9 99 11 79 71 72 64 62 17 18 19 57 87 22 88
55 30 43 67 50 100 7 32 9 99 11 79 71 72 64 62 17 18 19 57 87 22 47
55 30 43 67 50 100 7 32 9 99 11 79 71 72 64 62 17 18 19 57 87 22 23
55 30 43 67 50 101 7 32 9 99 11 79 13 14 15 16 17 18 19 57 87 22 88
55 30 43 67 50 101 7 32 9 99 11 79 13 14 15 16 17 18 19 57 87 22 47
55 30 43 67 50 101 7 32 9 99 11 79 13 14 15 16 17 18 19 57 87 22 23
55 30 43 67 50 101 7 32 9 99 11 79 13 14 15 62 17 18 19 57 87 22 88
55 30 43 67 50 101 7 32 9 99 11 79 13 14 15 62 17 18 19 57 87 22 47
55 30 43 67 50 101 7 32 9 99 11 79 13 14 15 62 17 18 19 57 87 22 23
55 30 43 67 50 101 7 32 9 99 11 79 13 14 64 16 17 18 19 57 87 22 88
55 30 43 67 50 101 7 32 9 99 11 79 13 14 64 16 17 18 19 57 87 22 47
55 30 43 67 50 101 7 32 9 99 11 79 13 14 64 16 17 18 19 57 87 22 23
55 30 43 67 50 101 7 32 9 99 11 79 13 14 64 62 17 18 19 57 87 22 88
55 30 43 67 50 101 7 32 9 99 11 79 13 14 64 62 17 18 19 57 87 22 47
55 30 43 67 50 101 7 32 9 99 11 79 13 14 64 62 17 18 19 57 87 22 23
55 30 43 67 50 101 7 32 9 99 11 79 13 72 15 16 17 18 19 57 87 22 88
55 30 43 67 50 101 7 32 9 99 11 79 13 72 15 16 17 18 19 57 87 22 47
55 30 43 67 50 101 7 32 9 99 11 79 13 72 15 16 17 18 19 57 87 22 23
55 30 43 67 50 101 7 32 9 99 11 79 13 72 15 62 17 18 19 57 87 22 88
55 30 43 67 50 101 7 32 9 99 11 79 13 72 15 62 17 18 19 57 87 22 47
55 30 43 67 50 101 7 32 9 99 11 79 13 72 15 62 17 18 19 57 87 22 23
55 30 43 67 50 101 7 32 9 99 11 79 13 72 64 16 17 18 19 57 87 22 88
55 30 43 67 50 101 7 32 9 99 11 79 13 72 64 16 17 18 19 57 87 22 47
55 30 43 67 50 101 7 32 9 99 11 79 13 72 64 16 17 18 19 57 87 22 23
55 30 43 67 50 101 7 32 9 99 11 79 13 72 64 62 17 18 19 57 87 22 88
55 30 43 67 50 101 7 32 9 99 11 79 13 72 64 62 17 18 19 57 87 22 47
55 30 43 67 50 101 7 32 9 99 11 79 13 72 64 62 17 18 19 57 87 22 23
55 30 43 67 50 101 7 32 9 99 11 79 71 14 15 16 17 18 19 57 87 22 88
55 30 43 67 50 101 7 32 9 99 11 79 71 14 15 16 17 18 19 57 87 22 47
55 30 43 67 50 101 7 32 9 99 11 79 71 14 15 16 17 18 19 57 87 22 23
55 30 43 67 50 101 7 32 9 99 11 79 71 14 15 62 17 18 19 57 87 22 88
55 30 43 67 50 101 7 32 9 99 11 79 71 14 15 62 17 18 19 57 87 22 47
55 30 43 67 50 101 7 32 9 99 11 79 71 14 15 62 17 18 19 57 87 22 23
55 30 43 67 50 101 7 32 9 99 11 79 71 14 64 16 17 18 19 57 87 22 88
55 30 43 67 50 101 7 32 9 99 11 79 71 14 64 16 17 18 19 57 87 22 47
55 30 43 67 50 101 7 32 9 99 11 79 71 14 64 16 17 18 19 57 87 22 23
55 30 43 67 50 101 7 32 9 99 11 79 71 14 64 62 17 18 19 57 87 22 88
55 30 43 67 50 101 7 32 9 99 11 79 71 14 64 62 17 18 19 57 87 22 47
55 30 43 67 50 101 7 32 9 99 11 79 71 14 64 62 17 18 19 57 87 22 23
55 30 43 67 50 101 7 32 9 99 11 79 71 72 15 16 17 18 19 57 87 22 88
55 30 43 67 50 101 7 32 9 99 11 79 71 72 15 16 17 18 19 57 87 22 47
55 30 43 67 50 101 7 32 9 99 11 79 71 72 15 16 17 18 19 57 87 22 23
55 30 43 67 50 101 7 32 9 99 11 79 71 72 15 62 17 18 19 57 87 22 88
55 30 43 67 50 101 7 32 9 99 11 79 71 72 15 62 17 18 19 57 87 22 47
55 30 43 67 50 101 7 32 9 99 11 79 71 72 15 62 17 18 19 57 87 22 23
55 30 43 67 50 101 7 32 9 99 11 79 71 72 64 16 17 18 19 57 87 22 88
55 30 43 67 50 101 7 32 9 99 11 79 71 72 64 16 17 18 19 57 87 22 47
55 30 43 67 50 101 7 32 9 99 11 79 71 72 64 16 17 18 19 57 87 22 23
55 30 43 67 50 101 7 32 9 99 11 79 71 72 64 62 17 18 19 57 87 22 88
55 30 43 67 50 101 7 32 9 99 11 79 71 72 64 62 17 18 19 57 87 22 47
55 30 43 67 50 101 7 32 9 99 11 79 71 72 64 62 17 18 19 57 87 22 23
55 30 43 48 50 70 7 32 9 99 11 79 13 14 15 16 17 18 19 57 87 22 88
55 30 43 48 50 70 7 32 9 99 11 79 13 14 15 16 17 18 19 57 87 22 47
55 30 43 48 50 70 7 32 9 99 11 79 13 14 15 16 17 18 19 57 87 22 23
55 30 43 48 50 70 7 32 9 99 11 79 13 14 15 62 17 18 19 57 87 22 88
55 30 43 48 50 70 7 32 9 99 11 79 13 14 15 62 17 18 19 57 87 22 47
55 30 43 48 50 70 7 32 9 99 11 79 13 14 15 62 17 18 19 57 87 22 23
55 30 43 48 50 70 7 32 9 99 11 79 13 14 64 16 17 18 19 57 87 22 88
55 30 43 48 50 70 7 32 9 99 11 79 13 14 64 16 17 18 19 57 87 22 47
55 30 43 48 50 70 7 32 9 99 11 79 13 14 64 16 17 18 19 57 87 22 23
55 30 43 48 50 70 7 32 9 99 11 79 13 14 64 62 17 18 19 57 87 22 88
55 30 43 48 50 70 7 32 9 99 11 79 13 14 64 62 17 18 19 57 87 22 47
55 30 43 48 50 70 7 32 9 99 11 79 13 14 64 62 17 18 19 57 87 22 23
55 30 43 48 50 70 7 32 9 99 11 79 13 72 15 16 17 18 19 57 87 22 88
55 30 43 48 50 70 7 32 9 99 11 79 13 72 15 16 17 18 19 57 87 22 47
55 30 43 48 50 70 7 32 9 99 11 79 13 72 15 16 17 18 19 57 87 22 23
55 30 43 48 50 70 7 32 9 99 11 79 13 72 15 62 17 18 19 57 87 22 88
55 30 43 48 50 70 7 32 9 99 11 79 13 72 15 62 17 18 19 57 87 22 47
55 30 43 48 50 70 7 32 9 99 11 79 13 72 15 62 17 18 19 57 87 22 23
55 30 43 48 50 70 7 32 9 99 11 79 13 72 64 16 17 18 19 57 87 22 88
55 30 43 48 50 70 7 32 9 99 11 79 13 72 64 16 17 18 19 57 87 22 47
55 30 43 48 50 70 7 32 9 99 11 79 13 72 64 16 17 18 19 57 87 22 23
55 30 43 48 50 70 7 32 9 99 11 79 13 72 64 62 17 18 19 57 87 22 88
55 30 43 48 50 70 7 32 9 99 11 79 13 72 64 62 17 18 19 57 87 22 47
55 30 43 48 50 70 7 32 9 99 11 79 13 72 64 62 17 18 19 57 87 22 23
55 30 43 48 50 70 7 32 9 99 11 79 71 14 15 16 17 18 19 57 87 22 88
55 30 43 48 50 70 7 32 9 99 11 79 71 14 15 16 17 18 19 57 87 22 47
55 30 43 48 50 70 7 32 9 99 11 79 71 14 15 16 17 18 19 57 87 22 23
55 30 43 48 50 70 7 32 9 99 11 79 71 14 15 62 17 18 19 57 87 22 88
55 30 43 48 50 70 7 32 9 99 11 79 71 14 15 62 17 18 19 57 87 22 47
55 30 43 48 50 70 7 32 9 99 11 79 71 14 15 62 17 18 19 57 87 22 23
55 30 43 48 50 70 7 32 9 99 11 79 71 14 64 16 17 18 19 57 87 22 88
55 30 43 48 50 70 7 32 9 99 11 79 71 14 64 16 17 18 19 57 87 22 47
55 30 43 48 50 70 7 32 9 99 11 79 71 14 64 16 17 18 19 57 87 22 23
55 30 43 48 50 70 7 32 9 99 11 79 71 14 64 62 17 18 19 57 87 22 88
55 30 43 48 50 70 7 32 9 99 11 79 71 14 64 62 17 18 19 57 87 22 47
55 30 43 48 50 70 7 32 9 99 11 79 71 14 64 62 17 18 19 57 87 22 23
55 30 43 48 50 70 7 32 9 99 11 79 71 72 15 16 17 18 19 57 87 22 88
55 30 43 48 50 70 7 32 9 99 11 79 71 72 15 16 17 18 19 57 87 22 47
55 30 43 48 50 70 7 32 9 99 11 79 71 72 15 16 17 18 19 57 87 22 23
55 30 43 48 50 70 7 32 9 99 11 79 71 72 15 62 17 18 19 57 87 22 88
55 30 43 48 50 70 7 32 9 99 11 79 71 72 15 62 17 18 19 57 87 22 47
55 30 43 48 50 70 7 32 9 99 11 79 71 72 15 62 17 18 19 57 87 22 23
55 30 43 48 50 70 7 32 9 99 11 79 71 72 64 16 17 18 19 57 87 22 88
55 30 43 48 50 70 7 32 9 99 11 79 71 72 64 16 17 18 19 57 87 22 47
55 30 43 48 50 70 7 32 9 99 11 79 71 72 64 16 17 18 19 57 87 22 23
55 30 43 48 50 70 7 32 9 99 11 79 71 72 64 62 17 18 19 57 87 22 88
55 30 43 48 50 70 7 32 9 99 11 79 71 72 64 62 17 18 19 57 87 22 47
55 30 43 48 50 70 7 32 9 99 11 79 71 72 64 62 17 18 19 57 87 22 23
55 30 43 48 50 100 7 32 9 99 11 79 13 14 15 16 17 18 19 57 87 22 88
55 30 43 48 50 100 7 32 9 99 11 79 13 14 15 16 17 18 19 57 87 22 47
55 30 43 48 50 100 7 32 9 99 11 79 13 14 15 16 17 18 19 57 87 22 23
55 30 43 48 50 100 7 32 9 99 11 79 13 14 15 62 17 18 19 57 87 22 88
55 30 43 48 50 100 7 32 9 99 11 79 13 14 15 62 17 18 19 57 87 22 47
55 30 43 48 50 100 7 32 9 99 11 79 13 14 15 62 17 18 19 57 87 22 23
55 30 43 48 50 100 7 32 9 99 11 79 13 14 64 16 17 18 19 57 87 22 88
55 30 43 48 50 100 7 32 9 99 11 79 13 14 64 16 17 18 19 57 87 22 47
55 30 43 48 50 100 7 32 9 99 11 79 13 14 64 16 17 18 19 57 87 22 23
55 30 43 48 50 100 7 32 9 99 11 79 13 14 64 62 17 18 19 57 87 22 88
55 30 43 48 50 100 7 32 9 99 11 79 13 14 64 62 17 18 19 57 87 22 47
55 30 43 48 50 100 7 32 9 99 11 79 13 14 64 62 17 18 19 57 87 22 23
55 30 43 48 50 100 7 32 9 99 11 79 13 72 15 16 17 18 19 57 87 22 88
55 30 43 48 50 100 7 32 9 99 11 79 13 72 15 16 17 18 19 57 87 22 47
55 30 43 48 50 100 7 32 9 99 11 79 13 72 15 16 17 18 19 57 87 22 23
55 30 43 48 50 100 7 32 9 99 11 79 13 72 15 62 17 18 19 57 87 22 88
55 30 43 48 50 100 7 32 9 99 11 79 13 72 15 62 17 18 19 57 87 22 47
55 30 43 48 50 100 7 32 9 99 11 79 13 72 15 62 17 18 19 57 87 22 23
55 30 43 48 50 100 7 32 9 99 11 79 13 72 64 16 17 18 19 57 87 22 88
55 30 43 48 50 100 7 32 9 99 11 79 13 72 64 16 17 18 19 57 87 22 47
55 30 43 48 50 100 7 32 9 99 11 79 13 72 64 16 17 18 19 57 87 22 23
55 30 43 48 50 100 7 32 9 99 11 79 13 72 64 62 17 18 19 57 87 22 88
55 30 43 48 50 100 7 32 9 99 11 79 13 72 64 62 17 18 19 57 87 22 47
55 30 43 48 50 100 7 32 9 99 11 79 13 72 64 62 17 18 19 57 87 22 23
55 30 43 48 50 100 7 32 9 99 11 79 71 14 15 16 17 18 19 57 87 22 88
55 30 43 48 50 100 7 32 9 99 11 79 71 14 15 16 17 18 19 57 87 22 47
55 30 43 48 50 100 7 32 9 99 11 79 71 14 15 16 17 18 19 57 87 22 23
55 30 43 48 50 100 7 32 9 99 11 79 71 14 15 62 17 18 19 57 87 22 88
55 30 43 48 50 100 7 32 9 99 11 79 71 14 15 62 17 18 19 57 87 22 47
55 30 43 48 50 100 7 32 9 99 11 79 71 14 15 62 17 18 19 57 87 22 23
55 30 43 48 50 100 7 32 9 99 11 79 71 14 64 16 17 18 19 57 87 22 88
55 30 43 48 50 100 7 32 9 99 11 79 71 14 64 16 17 18 19 57 87 22 47
55 30 43 48 50 100 7 32 9 99 11 79 71 14 64 16 17 18 19 57 87 22 23
55 30 43 48 50 100 7 32 9 99 11 79 71 14 64 62 17 18 19 57 87 22 88
55 30 43 48 50 100 7 32 9 99 11 79 71 14 64 62 17 18 19 57 87 22 47
55 30 43 48 50 100 7 32 9 99 11 79 71 14 64 62 17 18 19 57 87 22 23
55 30 43 48 50 100 7 32 9 99 11 79 71 72 15 16 17 18 19 57 87 22 88
55 30 43 48 50 100 7 32 9 99 11 79 71 72 15 16 17 18 19 57 87 22 47
55 30 43 48 50 100 7 32 9 99 11 79 71 72 15 16 17 18 19 57 87 22 23
55 30 43 48 50 100 7 32 9 99 11 79 71 72 15 62 17 18 19 57 87 22 88
55 30 43 48 50 100 7 32 9 99 11 79 71 72 15 62 17 18 19 57 87 22 47
55 30 43 48 50 100 7 32 9 99 11 79 71 72 15 62 17 18 19 57 87 22 23
55 30 43 48 50 100 7 32 9 99 11 79 71 72 64 16 17 18 19 57 87 22 88
55 30 43 48 50 100 7 32 9 99 11 79 71 72 64 16 17 18 19 57 87 22 47
55 30 43 48 50 100 7 32 9 99 11 79 71 72 64 16 17 18 19 57 87 22 23
55 30 43 48 50 100 7 32 9 99 11 79 71 72 64 62 17 18 19 57 87 22 88
55 30 43 48 50 100 7 32 9 99 11 79 71 72 64 62 17 18 19 57 87 22 47
55 30 43 48 50 100 7 32 9 99 11 79 71 72 64 62 17 18 19 57 87 22 23
55 30 43 48 50 101 7 32 9 99 11 79 13 14 15 16 17 18 19 57 87 22 88
55 30 43 48 50 101 7 32 9 99 11 79 13 14 15 16 17 18 19 57 87 22 47
55 30 43 48 50 101 7 32 9 99 11 79 13 14 15 16 17 18 19 57 87 22 23
55 30 43 48 50 101 7 32 9 99 11 79 13 14 15 62 17 18 19 57 87 22 88
55 30 43 48 50 101 7 32 9 99 11 79 13 14 15 62 17 18 19 57 87 22 47
55 30 43 48 50 101 7 32 9 99 11 79 13 14 15 62 17 18 19 57 87 22 23
55 30 43 48 50 101 7 32 9 99 11 79 13 14 64 16 17 18 19 57 87 22 88
55 30 43 48 50 101 7 32 9 99 11 79 13 14 64 16 17 18 19 57 87 22 47
55 30 43 48 50 101 7 32 9 99 11 79 13 14 64 16 17 18 19 57 87 22 23
55 30 43 48 50 101 7 32 9 99 11 79 13 14 64 62 17 18 19 57 87 22 88
55 30 43 48 50 101 7 32 9 99 11 79 13 14 64 62 17 18 19 57 87 22 47
55 30 43 48 50 101 7 32 9 99 11 79 13 14 64 62 17 18 19 57 87 22 23
55 30 43 48 50 101 7 32 9 99 11 79 13 72 15 16 17 18 19 57 87 22 88
55 30 43 48 50 101 7 32 9 99 11 79 13 72 15 16 17 18 19 57 87 22 47
55 30 43 48 50 101 7 32 9 99 11 79 13 72 15 16 17 18 19 57 87 22 23
55 30 43 48 50 101 7 32 9 99 11 79 13 72 15 62 17 18 19 57 87 22 88
55 30 43 48 50 101 7 32 9 99 11 79 13 72 15 62 17 18 19 57 87 22 47
55 30 43 48 50 101 7 32 9 99 11 79 13 72 15 62 17 18 19 57 87 22 23
55 30 43 48 50 101 7 32 9 99 11 79 13 72 64 16 17 18 19 57 87 22 88
55 30 43 48 50 101 7 32 9 99 11 79 13 72 64 16 17 18 19 57 87 22 47
55 30 43 48 50 101 7 32 9 99 11 79 13 72 64 16 17 18 19 57 87 22 23
55 30 43 48 50 101 7 32 9 99 11 79 13 72 64 62 17 18 19 57 87 22 88
55 30 43 48 50 101 7 32 9 99 11 79 13 72 64 62 17 18 19 57 87 22 47
55 30 43 48 50 101 7 32 9 99 11 79 13 72 64 62 17 18 19 57 87 22 23
55 30 43 48 50 101 7 32 9 99 11 79 71 14 15 16 17 18 19 57 87 22 88
55 30 43 48 50 101 7 32 9 99 11 79 71 14 15 16 17 18 19 57 87 22 47
55 30 43 48 50 101 7 32 9 99 11 79 71 14 15 16 17 18 19 57 87 22 23
55 30 43 48 50 101 7 32 9 99 11 79 71 14 15 62 17 18 19 57 87 22 88
55 30 43 48 50 101 7 32 9 99 11 79 71 14 15 62 17 18 19 57 87 22 47
55 30 43 48 50 101 7 32 9 99 11 79 71 14 15 62 17 18 19 57 87 22 23
55 30 43 48 50 101 7 32 9 99 11 79 71 14 64 16 17 18 19 57 87 22 88
55 30 43 48 50 101 7 32 9 99 11 79 71 14 64 16 17 18 19 57 87 22 47
55 30 43 48 50 101 7 32 9 99 11 79 71 14 64 16 17 18 19 57 87 22 23
55 30 43 48 50 101 7 32 9 99 11 79 71 14 64 62 17 18 19 57 87 22 88
55 30 43 48 50 101 7 32 9 99 11 79 71 14 64 62 17 18 19 57 87 22 47
55 30 43 48 50 101 7 32 9 99 11 79 71 14 64 62 17 18 19 57 87 22 23
55 30 43 48 50 101 7 32 9 99 11 79 71 72 15 16 17 18 19 57 87 22 88
55 30 43 48 50 101 7 32 9 99 11 79 71 72 15 16 17 18 19 57 87 22 47
55 30 43 48 50 101 7 32 9 99 11 79 71 72 15 16 17 18 19 57 87 22 23
55 30 43 48 50 101 7 32 9 99 11 79 71 72 15 62 17 18 19 57 87 22 88
55 30 43 48 50 101 7 32 9 99 11 79 71 72 15 62 17 18 19 57 87 22 47
55 30 43 48 50 101 7 32 9 99 11 79 71 72 15 62 17 18 19 57 87 22 23
55 30 43 48 50 101 7 32 9 99 11 79 71 72 64 16 17 18 19 57 87 22 88
55 30 43 48 50 101 7 32 9 99 11 79 71 72 64 16 17 18 19 57 87 22 47
55 30 43 48 50 101 7 32 9 99 11 79 71 72 64 16 17 18 19 57 87 22 23
55 30 43 48 50 101 7 32 9 99 11 79 71 72 64 62 17 18 19 57 87 22 88
55 30 43 48 50 101 7 32 9 99 11 79 71 72 64 62 17 18 19 57 87 22 47
55 30 43 48 50 101 7 32 9 99 11 79 71 72 64 62 17 18 19 57 87 22 23
55 90 3 67 50 70 7 32 9 99 11 79 13 14 15 16 17 18 19 57 87 22 88
55 90 3 67 50 70 7 32 9 99 11 79 13 14 15 16 17 18 19 57 87 22 47
55 90 3 67 50 70 7 32 9 99 11 79 13 14 15 16 17 18 19 57 87 22 23
55 90 3 67 50 70 7 32 9 99 11 79 13 14 15 62 17 18 19 57 87 22 88
55 90 3 67 50 70 7 32 9 99 11 79 13 14 15 62 17 18 19 57 87 22 47
55 90 3 67 50 70 7 32 9 99 11 79 13 14 15 62 17 18 19 57 87 22 23
55 90 3 67 50 70 7 32 9 99 11 79 13 14 64 16 17 18 19 57 87 22 88
55 90 3 67 50 70 7 32 9 99 11 79 13 14 64 16 17 18 19 57 87 22 47
55 90 3 67 50 70 7 32 9 99 11 79 13 14 64 16 17 18 19 57 87 22 23
55 90 3 67 50 70 7 32 9 99 11 79 13 14 64 62 17 18 19 57 87 22 88
55 90 3 67 50 70 7 32 9 99 11 79 13 14 64 62 17 18 19 57 87 22 47
55 90 3 67 50 70 7 32 9 99 11 79 13 14 64 62 17 18 19 57 87 22 23
55 90 3 67 50 70 7 32 9 99 11 79 13 72 15 16 17 18 19 57 87 22 88
55 90 3 67 50 70 7 32 9 99 11 79 13 72 15 16 17 18 19 57 87 22 47
55 90 3 67 50 70 7 32 9 99 11 79 13 72 15 16 17 18 19 57 87 22 23
55 90 3 67 50 70 7 32 9 99 11 79 13 72 15 62 17 18 19 57 87 22 88
55 90 3 67 50 70 7 32 9 99 11 79 13 72 15 62 17 18 19 57 87 22 47
55 90 3 67 50 70 7 32 9 99 11 79 13 72 15 62 17 18 19 57 87 22 23
55 90 3 67 50 70 7 32 9 99 11 79 13 72 64 16 17 18 19 57 87 22 88
55 90 3 67 50 70 7 32 9 99 11 79 13 72 64 16 17 18 19 57 87 22 47
55 90 3 67 50 70 7 32 9 99 11 79 13 72 64 16 17 18 19 57 87 22 23
55 90 3 67 50 70 7 32 9 99 11 79 13 72 64 62 17 18 19 57 87 22 88
55 90 3 67 50 70 7 32 9 99 11 79 13 72 64 62 17 18 19 57 87 22 47
55 90 3 67 50 70 7 32 9 99 11 79 13 72 64 62 17 18 19 57 87 22 23
55 90 3 67 50 70 7 32 9 99 11 79 71 14 15 16 17 18 19 57 87 22 88
55 90 3 67 50 70 7 32 9 99 11 79 71 14 15 16 17 18 19 57 87 22 47
55 90 3 67 50 70 7 32 9 99 11 79 71 14 15 16 17 18 19 57 87 22 23
55 90 3 67 50 70 7 32 9 99 11 79 71 14 15 62 17 18 19 57 87 22 88
55 90 3 67 50 70 7 32 9 99 11 79 71 14 15 62 17 18 19 57 87 22 47
55 90 3 67 50 70 7 32 9 99 11 79 71 14 15 62 17 18 19 57 87 22 23
55 90 3 67 50 70 7 32 9 99 11 79 71 14 64 16 17 18 19 57 87 22 88
55 90 3 67 50 70 7 32 9 99 11 79 71 14 64 16 17 18 19 57 87 22 47
55 90 3 67 50 70 7 32 9 99 11 79 71 14 64 16 17 18 19 57 87 22 23
55 90 3 67 50 70 7 32 9 99 11 79 71 14 64 62 17 18 19 57 87 22 88
55 90 3 67 50 70 7 32 9 99 11 79 71 14 64 62 17 18 19 57 87 22 47
55 90 3 67 50 70 7 32 9 99 11 79 71 14 64 62 17 18 19 57 87 22 23
55 90 3 67 50 70 7 32 9 99 11 79 71 72 15 16 17 18 19 57 87 22 88
55 90 3 67 50 70 7 32 9 99 11 79 71 72 15 16 17 18 19 57 87 22 47
55 90 3 67 50 70 7 32 9 99 11 79 71 72 15 16 17 18 19 57 87 22 23
55 90 3 67 50 70 7 32 9 99 11 79 71 72 15 62 17 18 19 57 87 22 88
55 90 3 67 50 70 7 32 9 99 11 79 71 72 15 62 17 18 19 57 87 22 47
55 90 3 67 50 70 7 32 9 99 11 79 71 72 15 62 17 18 19 57 87 22 23
55 90 3 67 50 70 7 32 9 99 11 79 71 72 64 16 17 18 19 57 87 22 88
55 90 3 67 50 70 7 32 9 99 11 79 71 72 64 16 17 18 19 57 87 22 47
55 90 3 67 50 70 7 32 9 99 11 79 71 72 64 16 17 18 19 57 87 22 23
55 90 3 67 50 70 7 32 9 99 11 79 71 72 64 62 17 18 19 57 87 22 88
55 90 3 67 50 70 7 32 9 99 11 79 71 72 64 62 17 18 19 57 87 22 47
55 90 3 67 50 70 7 32 9 99 11 79 71 72 64 62 17 18 19 57 87 22 23
55 90 3 67 50 100 7 32 9 99 11 79 13 14 15 16 17 18 19 57 87 22 88
55 90 3 67 50 100 7 32 9 99 11 79 13 14 15 16 17 18 19 57 87 22 47
55 90 3 67 50 100 7 32 9 99 11 79 13 14 15 16 17 18 19 57 87 22 23
55 90 3 67 50 100 7 32 9 99 11 79 13 14 15 62 17 18 19 57 87 22 88
55 90 3 67 50 100 7 32 9 99 11 79 13 14 15 62 17 18 19 57 87 22 47
55 90 3 67 50 100 7 32 9 99 11 79 13 14 15 62 17 18 19 57 87 22 23
55 90 3 67 50 100 7 32 9 99 11 79 13 14 64 16 17 18 19 57 87 22 88
55 90 3 67 50 100 7 32 9 99 11 79 13 14 64 16 17 18 19 57 87 22 47
55 90 3 67 50 100 7 32 9 99 11 79 13 14 64 16 17 18 19 57 87 22 23
55 90 3 67 50 100 7 32 9 99 11 79 13 14 64 62 17 18 19 57 87 22 88
55 90 3 67 50 100 7 32 9 99 11 79 13 14 64 62 17 18 19 57 87 22 47
55 90 3 67 50 100 7 32 9 99 11 79 13 14 64 62 17 18 19 57 87 22 23
55 90 3 67 50 100 7 32 9 99 11 79 13 72 15 16 17 18 19 57 87 22 88
55 90 3 67 50 100 7 32 9 99 11 79 13 72 15 16 17 18 19 57 87 22 47
55 90 3 67 50 100 7 32 9 99 11 79 13 72 15 16 17 18 19 57 87 22 23
55 90 3 67 50 100 7 32 9 99 11 79 13 72 15 62 17 18 19 57 87 22 88
55 90 3 67 50 100 7 32 9 99 11 79 13 72 15 62 17 18 19 57 87 22 47
55 90 3 67 50 100 7 32 9 99 11 79 13 72 15 62 17 18 19 57 87 22 23
55 90 3 67 50 100 7 32 9 99 11 79 13 72 64 16 17 18 19 57 87 22 88
55 90 3 67 50 100 7 32 9 99 11 79 13 72 64 16 17 18 19 57 87 22 47
55 90 3 67 50 100 7 32 9 99 11 79 13 72 64 16 17 18 19 57 87 22 23
55 90 3 67 50 100 7 32 9 99 11 79 13 72 64 62 17 18 19 57 87 22 88
55 90 3 67 50 100 7 32 9 99 11 79 13 72 64 62 17 18 19 57 87 22 47
55 90 3 67 50 100 7 32 9 99 11 79 13 72 64 62 17 18 19 57 87 22 23
55 90 3 67 50 100 7 32 9 99 11 79 71 14 15 16 17 18 19 57 87 22 88
55 90 3 67 50 100 7 32 9 99 11 79 71 14 15 16 17 18 19 57 87 22 47
55 90 3 67 50 100 7 32 9 99 11 79 71 14 15 16 17 18 19 57 87 22 23
55 90 3 67 50 100 7 32 9 99 11 79 71 14 15 62 17 18 19 57 87 22 88
55 90 3 67 50 100 7 32 9 99 11 79 71 14 15 62 17 18 19 57 87 22 47
55 90 3 67 50 100 7 32 9 99 11 79 71 14 15 62 17 18 19 57 87 22 23
55 90 3 67 50 100 7 32 9 99 11 79 71 14 64 16 17 18 19 57 87 22 88
55 90 3 67 50 100 7 32 9 99 11 79 71 14 64 16 17 18 19 57 87 22 47
55 90 3 67 50 100 7 32 9 99 11 79 71 14 64 16 17 18 19 57 87 22 23
55 90 3 67 50 100 7 32 9 99 11 79 71 14 64 62 17 18 19 57 87 22 88
55 90 3 67 50 100 7 32 9 99 11 79 71 14 64 62 17 18 19 57 87 22 47
55 90 3 67 50 100 7 32 9 99 11 79 71 14 64 62 17 18 19 57 87 22 23
55 90 3 67 50 100 7 32 9 99 11 79 71 72 15 16 17 18 19 57 87 22 88
55 90 3 67 50 100 7 32 9 99 11 79 71 72 15 16 17 18 19 57 87 22 47
55 90 3 67 50 100 7 32 9 99 11 79 71 72 15 16 17 18 19 57 87 22 23
55 90 3 67 50 100 7 32 9 99 11 79 71 72 15 62 17 18 19 57 87 22 88
55 90 3 67 50 100 7 32 9 99 11 79 71 72 15 62 17 18 19 57 87 22 47
55 90 3 67 50 100 7 32 9 99 11 79 71 72 15 62 17 18 19 57 87 22 23
55 90 3 67 50 100 7 32 9 99 11 79 71 72 64 16 17 18 19 57 87 22 88
55 90 3 67 50 100 7 32 9 99 11 79 71 72 64 16 17 18 19 57 87 22 47
55 90 3 67 50 100 7 32 9 99 11 79 71 72 64 16 17 18 19 57 87 22 23
55 90 3 67 50 100 7 32 9 99 11 79 71 72 64 62 17 18 19 57 87 22 88
55 90 3 67 50 100 7 32 9 99 11 79 71 72 64 62 17 18 19 57 87 22 47
55 90 3 67 50 100 7 32 9 99 11 79 71 72 64 62 17 18 19 57 87 22 23
55 90 3 67 50 101 7 32 9 99 11 79 13 14 15 16 17 18 19 57 87 22 88
55 90 3 67 50 101 7 32 9 99 11 79 13 14 15 16 17 18 19 57 87 22 47
55 90 3 67 50 101 7 32 9 99 11 79 13 14 15 16 17 18 19 57 87 22 23
55 90 3 67 50 101 7 32 9 99 11 79 13 14 15 62 17 18 19 57 87 22 88
55 90 3 67 50 101 7 32 9 99 11 79 13 14 15 62 17 18 19 57 87 22 47
55 90 3 67 50 101 7 32 9 99 11 79 13 14 15 62 17 18 19 57 87 22 23
55 90 3 67 50 101 7 32 9 99 11 79 13 14 64 16 17 18 19 57 87 22 88
55 90 3 67 50 101 7 32 9 99 11 79 13 14 64 16 17 18 19 57 87 22 47
55 90 3 67 50 101 7 32 9 99 11 79 13 14 64 16 17 18 19 57 87 22 23
55 90 3 67 50 101 7 32 9 99 11 79 13 14 64 62 17 18 19 57 87 22 88
55 90 3 67 50 101 7 32 9 99 11 79 13 14 64 62 17 18 19 57 87 22 47
55 90 3 67 50 101 7 32 9 99 11 79 13 14 64 62 17 18 19 57 87 22 23
55 90 3 67 50 101 7 32 9 99 11 79 13 72 15 16 17 18 19 57 87 22 88
55 90 3 67 50 101 7 32 9 99 11 79 13 72 15 16 17 18 19 57 87 22 47
55 90 3 67 50 101 7 32 9 99 11 79 13 72 15 16 17 18 19 57 87 22 23
55 90 3 67 50 101 7 32 9 99 11 79 13 72 15 62 17 18 19 57 87 22 88
55 90 3 67 50 101 7 32 9 99 11 79 13 72 15 62 17 18 19 57 87 22 47
55 90 3 67 50 101 7 32 9 99 11 79 13 72 15 62 17 18 19 57 87 22 23
55 90 3 67 50 101 7 32 9 99 11 79 13 72 64 16 17 18 19 57 87 22 88
55 90 3 67 50 101 7 32 9 99 11 79 13 72 64 16 17 18 19 57 87 22 47
55 90 3 67 50 101 7 32 9 99 11 79 13 72 64 16 17 18 19 57 87 22 23
55 90 3 67 50 101 7 32 9 99 11 79 13 72 64 62 17 18 19 57 87 22 88
55 90 3 67 50 101 7 32 9 99 11 79 13 72 64 62 17 18 19 57 87 22 47
55 90 3 67 50 101 7 32 9 99 11 79 13 72 64 62 17 18 19 57 87 22 23
55 90 3 67 50 101 7 32 9 99 11 79 71 14 15 16 17 18 19 57 87 22 88
55 90 3 67 50 101 7 32 9 99 11 79 71 14 15 16 17 18 19 57 87 22 47
55 90 3 67 50 101 7 32 9 99 11 79 71 14 15 16 17 18 19 57 87 22 23
55 90 3 67 50 101 7 32 9 99 11 79 71 14 15 62 17 18 19 57 87 22 88
55 90 3 67 50 101 7 32 9 99 11 79 71 14 15 62 17 18 19 57 87 22 47
55 90 3 67 50 101 7 32 9 99 11 79 71 14 15 62 17 18 19 57 87 22 23
55 90 3 67 50 101 7 32 9 99 11 79 71 14 64 16 17 18 19 57 87 22 88
55 90 3 67 50 101 7 32 9 99 11 79 71 14 64 16 17 18 19 57 87 22 47
55 90 3 67 50 101 7 32 9 99 11 79 71 14 64 16 17 18 19 57 87 22 23
55 90 3 67 50 101 7 32 9 99 11 79 71 14 64 62 17 18 19 57 87 22 88
55 90 3 67 50 101 7 32 9 99 11 79 71 14 64 62 17 18 19 57 87 22 47
55 90 3 67 50 101 7 32 9 99 11 79 71 14 64 62 17 18 19 57 87 22 23
55 90 3 67 50 101 7 32 9 99 11 79 71 72 15 16 17 18 19 57 87 22 88
55 90 3 67 50 101 7 32 9 99 11 79 71 72 15 16 17 18 19 57 87 22 47
55 90 3 67 50 101 7 32 9 99 11 79 71 72 15 16 17 18 19 57 87 22 23
55 90 3 67 50 101 7 32 9 99 11 79 71 72 15 62 17 18 19 57 87 22 88
55 90 3 67 50 101 7 32 9 99 11 79 71 72 15 62 17 18 19 57 87 22 47
55 90 3 67 50 101 7 32 9 99 11 79 71 72 15 62 17 18 19 57 87 22 23
55 90 3 67 50 101 7 32 9 99 11 79 71 72 64 16 17 18 19 57 87 22 88
55 90 3 67 50 101 7 32 9 99 11 79 71 72 64 16 17 18 19 57 87 22 47
55 90 3 67 50 101 7 32 9 99 11 79 71 72 64 16 17 18 19 57 87 22 23
55 90 3 67 50 101 7 32 9 99 11 79 71 72 64 62 17 18 19 57 87 22 88
55 90 3 67 50 101 7 32 9 99 11 79 71 72 64 62 17 18 19 57 87 22 47
55 90 3 67 50 101 7 32 9 99 11 79 71 72 64 62 17 18 19 57 87 22 23
55 90 3 48 50 70 7 32 9 99 11 79 13 14 15 16 17 18 19 57 87 22 88
55 90 3 48 50 70 7 32 9 99 11 79 13 14 15 16 17 18 19 57 87 22 47
55 90 3 48 50 70 7 32 9 99 11 79 13 14 15 16 17 18 19 57 87 22 23
55 90 3 48 50 70 7 32 9 99 11 79 13 14 15 62 17 18 19 57 87 22 88
55 90 3 48 50 70 7 32 9 99 11 79 13 14 15 62 17 18 19 57 87 22 47
55 90 3 48 50 70 7 32 9 99 11 79 13 14 15 62 17 18 19 57 87 22 23
55 90 3 48 50 70 7 32 9 99 11 79 13 14 64 16 17 18 19 57 87 22 88
55 90 3 48 50 70 7 32 9 99 11 79 13 14 64 16 17 18 19 57 87 22 47
55 90 3 48 50 70 7 32 9 99 11 79 13 14 64 16 17 18 19 57 87 22 23
55 90 3 48 50 70 7 32 9 99 11 79 13 14 64 62 17 18 19 57 87 22 88
55 90 3 48 50 70 7 32 9 99 11 79 13 14 64 62 17 18 19 57 87 22 47
55 90 3 48 50 70 7 32 9 99 11 79 13 14 64 62 17 18 19 57 87 22 23
55 90 3 48 50 70 7 32 9 99 11 79 13 72 15 16 17 18 19 57 87 22 88
55 90 3 48 50 70 7 32 9 99 11 79 13 72 15 16 17 18 19 57 87 22 47
55 90 3 48 50 70 7 32 9 99 11 79 13 72 15 16 17 18 19 57 87 22 23
55 90 3 48 50 70 7 32 9 99 11 79 13 72 15 62 17 18 19 57 87 22 88
55 90 3 48 50 70 7 32 9 99 11 79 13 72 15 62 17 18 19 57 87 22 47
55 90 3 48 50 70 7 32 9 99 11 79 13 72 15 62 17 18 19 57 87 22 23
55 90 3 48 50 70 7 32 9 99 11 79 13 72 64 16 17 18 19 57 87 22 88
55 90 3 48 50 70 7 32 9 99 11 79 13 72 64 16 17 18 19 57 87 22 47
55 90 3 48 50 70 7 32 9 99 11 79 13 72 64 16 17 18 19 57 87 22 23
55 90 3 48 50 70 7 32 9 99 11 79 13 72 64 62 17 18 19 57 87 22 88
55 90 3 48 50 70 7 32 9 99 11 79 13 72 64 62 17 18 19 57 87 22 47
55 90 3 48 50 70 7 32 9 99 11 79 13 72 64 62 17 18 19 57 87 22 23
55 90 3 48 50 70 7 32 9 99 11 79 71 14 15 16 17 18 19 57 87 22 88
55 90 3 48 50 70 7 32 9 99 11 79 71 14 15 16 17 18 19 57 87 22 47
55 90 3 48 50 70 7 32 9 99 11 79 71 14 15 16 17 18 19 57 87 22 23
55 90 3 48 50 70 7 32 9 99 11 79 71 14 15 62 17 18 19 57 87 22 88
55 90 3 48 50 70 7 32 9 99 11 79 71 14 15 62 17 18 19 57 87 22 47
55 90 3 48 50 70 7 32 9 99 11 79 71 14 15 62 17 18 19 57 87 22 23
55 90 3 48 50 70 7 32 9 99 11 79 71 14 64 16 17 18 19 57 87 22 88
55 90 3 48 50 70 7 32 9 99 11 79 71 14 64 16 17 18 19 57 87 22 47
55 90 3 48 50 70 7 32 9 99 11 79 71 14 64 16 17 18 19 57 87 22 23
55 90 3 48 50 70 7 32 9 99 11 79 71 14 64 62 17 18 19 57 87 22 88
55 90 3 48 50 70 7 32 9 99 11 79 71 14 64 62 17 18 19 57 87 22 47
55 90 3 48 50 70 7 32 9 99 11 79 71 14 64 62 17 18 19 57 87 22 23
55 90 3 48 50 70 7 32 9 99 11 79 71 72 15 16 17 18 19 57 87 22 88
55 90 3 48 50 70 7 32 9 99 11 79 71 72 15 16 17 18 19 57 87 22 47
55 90 3 48 50 70 7 32 9 99 11 79 71 72 15 16 17 18 19 57 87 22 23
55 90 3 48 50 70 7 32 9 99 11 79 71 72 15 62 17 18 19 57 87 22 88
55 90 3 48 50 70 7 32 9 99 11 79 71 72 15 62 17 18 19 57 87 22 47
55 90 3 48 50 70 7 32 9 99 11 79 71 72 15 62 17 18 19 57 87 22 23
55 90 3 48 50 70 7 32 9 99 11 79 71 72 64 16 17 18 19 57 87 22 88
55 90 3 48 50 70 7 32 9 99 11 79 71 72 64 16 17 18 19 57 87 22 47
55 90 3 48 50 70 7 32 9 99 11 79 71 72 64 16 17 18 19 57 87 22 23
55 90 3 48 50 70 7 32 9 99 11 79 71 72 64 62 17 18 19 57 87 22 88
55 90 3 48 50 70 7 32 9 99 11 79 71 72 64 62 17 18 19 57 87 22 47
55 90 3 48 50 70 7 32 9 99 11 79 71 72 64 62 17 18 19 57 87 22 23
55 90 3 48 50 100 7 32 9 99 11 79 13 14 15 16 17 18 19 57 87 22 88
55 90 3 48 50 100 7 32 9 99 11 79 13 14 15 16 17 18 19 57 87 22 47
55 90 3 48 50 100 7 32 9 99 11 79 13 14 15 16 17 18 19 57 87 22 23
55 90 3 48 50 100 7 32 9 99 11 79 13 14 15 62 17 18 19 57 87 22 88
55 90 3 48 50 100 7 32 9 99 11 79 13 14 15 62 17 18 19 57 87 22 47
55 90 3 48 50 100 7 32 9 99 11 79 13 14 15 62 17 18 19 57 87 22 23
55 90 3 48 50 100 7 32 9 99 11 79 13 14 64 16 17 18 19 57 87 22 88
55 90 3 48 50 100 7 32 9 99 11 79 13 14 64 16 17 18 19 57 87 22 47
55 90 3 48 50 100 7 32 9 99 11 79 13 14 64 16 17 18 19 57 87 22 23
55 90 3 48 50 100 7 32 9 99 11 79 13 14 64 62 17 18 19 57 87 22 88
55 90 3 48 50 100 7 32 9 99 11 79 13 14 64 62 17 18 19 57 87 22 47
55 90 3 48 50 100 7 32 9 99 11 79 13 14 64 62 17 18 19 57 87 22 23
55 90 3 48 50 100 7 32 9 99 11 79 13 72 15 16 17 18 19 57 87 22 88
55 90 3 48 50 100 7 32 9 99 11 79 13 72 15 16 17 18 19 57 87 22 47
55 90 3 48 50 100 7 32 9 99 11 79 13 72 15 16 17 18 19 57 87 22 23
55 90 3 48 50 100 7 32 9 99 11 79 13 72 15 62 17 18 19 57 87 22 88
55 90 3 48 50 100 7 32 9 99 11 79 13 72 15 62 17 18 19 57 87 22 47
55 90 3 48 50 100 7 32 9 99 11 79 13 72 15 62 17 18 19 57 87 22 23
55 90 3 48 50 100 7 32 9 99 11 79 13 72 64 16 17 18 19 57 87 22 88
55 90 3 48 50 100 7 32 9 99 11 79 13 72 64 16 17 18 19 57 87 22 47
55 90 3 48 50 100 7 32 9 99 11 79 13 72 64 16 17 18 19 57 87 22 23
55 90 3 48 50 100 7 32 9 99 11 79 13 72 64 62 17 18 19 57 87 22 88
55 90 3 48 50 100 7 32 9 99 11 79 13 72 64 62 17 18 19 57 87 22 47
55 90 3 48 50 100 7 32 9 99 11 79 13 72 64 62 17 18 19 57 87 22 23
55 90 3 48 50 100 7 32 9 99 11 79 71 14 15 16 17 18 19 57 87 22 88
55 90 3 48 50 100 7 32 9 99 11 79 71 14 15 16 17 18 19 57 87 22 47
55 90 3 48 50 100 7 32 9 99 11 79 71 14 15 16 17 18 19 57 87 22 23
55 90 3 48 50 100 7 32 9 99 11 79 71 14 15 62 17 18 19 57 87 22 88
55 90 3 48 50 100 7 32 9 99 11 79 71 14 15 62 17 18 19 57 87 22 47
55 90 3 48 50 100 7 32 9 99 11 79 71 14 15 62 17 18 19 57 87 22 23
55 90 3 48 50 100 7 32 9 99 11 79 71 14 64 16 17 18 19 57 87 22 88
55 90 3 48 50 100 7 32 9 99 11 79 71 14 64 16 17 18 19 57 87 22 47
55 90 3 48 50 100 7 32 9 99 11 79 71 14 64 16 17 18 19 57 87 22 23
55 90 3 48 50 100 7 32 9 99 11 79 71 14 64 62 17 18 19 57 87 22 88
55 90 3 48 50 100 7 32 9 99 11 79 71 14 64 62 17 18 19 57 87 22 47
55 90 3 48 50 100 7 32 9 99 11 79 71 14 64 62 17 18 19 57 87 22 23
55 90 3 48 50 100 7 32 9 99 11 79 71 72 15 16 17 18 19 57 87 22 88
55 90 3 48 50 100 7 32 9 99 11 79 71 72 15 16 17 18 19 57 87 22 47
55 90 3 48 50 100 7 32 9 99 11 79 71 72 15 16 17 18 19 57 87 22 23
55 90 3 48 50 100 7 32 9 99 11 79 71 72 15 62 17 18 19 57 87 22 88
55 90 3 48 50 100 7 32 9 99 11 79 71 72 15 62 17 18 19 57 87 22 47
55 90 3 48 50 100 7 32 9 99 11 79 71 72 15 62 17 18 19 57 87 22 23
55 90 3 48 50 100 7 32 9 99 11 79 71 72 64 16 17 18 19 57 87 22 88
55 90 3 48 50 100 7 32 9 99 11 79 71 72 64 16 17 18 19 57 87 22 47
55 90 3 48 50 100 7 32 9 99 11 79 71 72 64 16 17 18 19 57 87 22 23
55 90 3 48 50 100 7 32 9 99 11 79 71 72 64 62 17 18 19 57 87 22 88
55 90 3 48 50 100 7 32 9 99 11 79 71 72 64 62 17 18 19 57 87 22 47
55 90 3 48 50 100 7 32 9 99 11 79 71 72 64 62 17 18 19 57 87 22 23
55 90 3 48 50 101 7 32 9 99 11 79 13 14 15 16 17 18 19 57 87 22 88
55 90 3 48 50 101 7 32 9 99 11 79 13 14 15 16 17 18 19 57 87 22 47
55 90 3 48 50 101 7 32 9 99 11 79 13 14 15 16 17 18 19 57 87 22 23
55 90 3 48 50 101 7 32 9 99 11 79 13 14 15 62 17 18 19 57 87 22 88
55 90 3 48 50 101 7 32 9 99 11 79 13 14 15 62 17 18 19 57 87 22 47
55 90 3 48 50 101 7 32 9 99 11 79 13 14 15 62 17 18 19 57 87 22 23
55 90 3 48 50 101 7 32 9 99 11 79 13 14 64 16 17 18 19 57 87 22 88
55 90 3 48 50 101 7 32 9 99 11 79 13 14 64 16 17 18 19 57 87 22 47
55 90 3 48 50 101 7 32 9 99 11 79 13 14 64 16 17 18 19 57 87 22 23
55 90 3 48 50 101 7 32 9 99 11 79 13 14 64 62 17 18 19 57 87 22 88
55 90 3 48 50 101 7 32 9 99 11 79 13 14 64 62 17 18 19 57 87 22 47
55 90 3 48 50 101 7 32 9 99 11 79 13 14 64 62 17 18 19 57 87 22 23
55 90 3 48 50 101 7 32 9 99 11 79 13 72 15 16 17 18 19 57 87 22 88
55 90 3 48 50 101 7 32 9 99 11 79 13 72 15 16 17 18 19 57 87 22 47
55 90 3 48 50 101 7 32 9 99 11 79 13 72 15 16 17 18 19 57 87 22 23
55 90 3 48 50 101 7 32 9 99 11 79 13 72 15 62 17 18 19 57 87 22 88
55 90 3 48 50 101 7 32 9 99 11 79 13 72 15 62 17 18 19 57 87 22 47
55 90 3 48 50 101 7 32 9 99 11 79 13 72 15 62 17 18 19 57 87 22 23
55 90 3 48 50 101 7 32 9 99 11 79 13 72 64 16 17 18 19 57 87 22 88
55 90 3 48 50 101 7 32 9 99 11 79 13 72 64 16 17 18 19 57 87 22 47
55 90 3 48 50 101 7 32 9 99 11 79 13 72 64 16 17 18 19 57 87 22 23
55 90 3 48 50 101 7 32 9 99 11 79 13 72 64 62 17 18 19 57 87 22 88
55 90 3 48 50 101 7 32 9 99 11 79 13 72 64 62 17 18 19 57 87 22 47
55 90 3 48 50 101 7 32 9 99 11 79 13 72 64 62 17 18 19 57 87 22 23
55 90 3 48 50 101 7 32 9 99 11 79 71 14 15 16 17 18 19 57 87 22 88
55 90 3 48 50 101 7 32 9 99 11 79 71 14 15 16 17 18 19 57 87 22 47
55 90 3 48 50 101 7 32 9 99 11 79 71 14 15 16 17 18 19 57 87 22 23
55 90 3 48 50 101 7 32 9 99 11 79 71 14 15 62 17 18 19 57 87 22 88
55 90 3 48 50 101 7 32 9 99 11 79 71 14 15 62 17 18 19 57 87 22 47
55 90 3 48 50 101 7 32 9 99 11 79 71 14 15 62 17 18 19 57 87 22 23
55 90 3 48 50 101 7 32 9 99 11 79 71 14 64 16 17 18 19 57 87 22 88
55 90 3 48 50 101 7 32 9 99 11 79 71 14 64 16 17 18 19 57 87 22 47
55 90 3 48 50 101 7 32 9 99 11 79 71 14 64 16 17 18 19 57 87 22 23
55 90 3 48 50 101 7 32 9 99 11 79 71 14 64 62 17 18 19 57 87 22 88
55 90 3 48 50 101 7 32 9 99 11 79 71 14 64 62 17 18 19 57 87 22 47
55 90 3 48 50 101 7 32 9 99 11 79 71 14 64 62 17 18 19 57 87 22 23
55 90 3 48 50 101 7 32 9 99 11 79 71 72 15 16 17 18 19 57 87 22 88
55 90 3 48 50 101 7 32 9 99 11 79 71 72 15 16 17 18 19 57 87 22 47
55 90 3 48 50 101 7 32 9 99 11 79 71 72 15 16 17 18 19 57 87 22 23
55 90 3 48 50 101 7 32 9 99 11 79 71 72 15 62 17 18 19 57 87 22 88
55 90 3 48 50 101 7 32 9 99 11 79 71 72 15 62 17 18 19 57 87 22 47
55 90 3 48 50 101 7 32 9 99 11 79 71 72 15 62 17 18 19 57 87 22 23
55 90 3 48 50 101 7 32 9 99 11 79 71 72 64 16 17 18 19 57 87 22 88
55 90 3 48 50 101 7 32 9 99 11 79 71 72 64 16 17 18 19 57 87 22 47
55 90 3 48 50 101 7 32 9 99 11 79 71 72 64 16 17 18 19 57 87 22 23
55 90 3 48 50 101 7 32 9 99 11 79 71 72 64 62 17 18 19 57 87 22 88
55 90 3 48 50 101 7 32 9 99 11 79 71 72 64 62 17 18 19 57 87 22 47
55 90 3 48 50 101 7 32 9 99 11 79 71 72 64 62 17 18 19 57 87 22 23
55 90 43 67 50 70 7 32 9 99 11 79 13 14 15 16 17 18 19 57 87 22 88
55 90 43 67 50 70 7 32 9 99 11 79 13 14 15 16 17 18 19 57 87 22 47
55 90 43 67 50 70 7 32 9 99 11 79 13 14 15 16 17 18 19 57 87 22 23
55 90 43 67 50 70 7 32 9 99 11 79 13 14 15 62 17 18 19 57 87 22 88
55 90 43 67 50 70 7 32 9 99 11 79 13 14 15 62 17 18 19 57 87 22 47
55 90 43 67 50 70 7 32 9 99 11 79 13 14 15 62 17 18 19 57 87 22 23
55 90 43 67 50 70 7 32 9 99 11 79 13 14 64 16 17 18 19 57 87 22 88
55 90 43 67 50 70 7 32 9 99 11 79 13 14 64 16 17 18 19 57 87 22 47
55 90 43 67 50 70 7 32 9 99 11 79 13 14 64 16 17 18 19 57 87 22 23
55 90 43 67 50 70 7 32 9 99 11 79 13 14 64 62 17 18 19 57 87 22 88
55 90 43 67 50 70 7 32 9 99 11 79 13 14 64 62 17 18 19 57 87 22 47
55 90 43 67 50 70 7 32 9 99 11 79 13 14 64 62 17 18 19 57 87 22 23
55 90 43 67 50 70 7 32 9 99 11 79 13 72 15 16 17 18 19 57 87 22 88
55 90 43 67 50 70 7 32 9 99 11 79 13 72 15 16 17 18 19 57 87 22 47
55 90 43 67 50 70 7 32 9 99 11 79 13 72 15 16 17 18 19 57 87 22 23
55 90 43 67 50 70 7 32 9 99 11 79 13 72 15 62 17 18 19 57 87 22 88
55 90 43 67 50 70 7 32 9 99 11 79 13 72 15 62 17 18 19 57 87 22 47
55 90 43 67 50 70 7 32 9 99 11 79 13 72 15 62 17 18 19 57 87 22 23
55 90 43 67 50 70 7 32 9 99 11 79 13 72 64 16 17 18 19 57 87 22 88
55 90 43 67 50 70 7 32 9 99 11 79 13 72 64 16 17 18 19 57 87 22 47
55 90 43 67 50 70 7 32 9 99 11 79 13 72 64 16 17 18 19 57 87 22 23
55 90 43 67 50 70 7 32 9 99 11 79 13 72 64 62 17 18 19 57 87 22 88
55 90 43 67 50 70 7 32 9 99 11 79 13 72 64 62 17 18 19 57 87 22 47
55 90 43 67 50 70 7 32 9 99 11 79 13 72 64 62 17 18 19 57 87 22 23
55 90 43 67 50 70 7 32 9 99 11 79 71 14 15 16 17 18 19 57 87 22 88
55 90 43 67 50 70 7 32 9 99 11 79 71 14 15 16 17 18 19 57 87 22 47
55 90 43 67 50 70 7 32 9 99 11 79 71 14 15 16 17 18 19 57 87 22 23
55 90 43 67 50 70 7 32 9 99 11 79 71 14 15 62 17 18 19 57 87 22 88
55 90 43 67 50 70 7 32 9 99 11 79 71 14 15 62 17 18 19 57 87 22 47
55 90 43 67 50 70 7 32 9 99 11 79 71 14 15 62 17 18 19 57 87 22 23
55 90 43 67 50 70 7 32 9 99 11 79 71 14 64 16 17 18 19 57 87 22 88
55 90 43 67 50 70 7 32 9 99 11 79 71 14 64 16 17 18 19 57 87 22 47
55 90 43 67 50 70 7 32 9 99 11 79 71 14 64 16 17 18 19 57 87 22 23
55 90 43 67 50 70 7 32 9 99 11 79 71 14 64 62 17 18 19 57 87 22 88
55 90 43 67 50 70 7 32 9 99 11 79 71 14 64 62 17 18 19 57 87 22 47
55 90 43 67 50 70 7 32 9 99 11 79 71 14 64 62 17 18 19 57 87 22 23
55 90 43 67 50 70 7 32 9 99 11 79 71 72 15 16 17 18 19 57 87 22 88
55 90 43 67 50 70 7 32 9 99 11 79 71 72 15 16 17 18 19 57 87 22 47
55 90 43 67 50 70 7 32 9 99 11 79 71 72 15 16 17 18 19 57 87 22 23
55 90 43 67 50 70 7 32 9 99 11 79 71 72 15 62 17 18 19 57 87 22 88
55 90 43 67 50 70 7 32 9 99 11 79 71 72 15 62 17 18 19 57 87 22 47
55 90 43 67 50 70 7 32 9 99 11 79 71 72 15 62 17 18 19 57 87 22 23
55 90 43 67 50 70 7 32 9 99 11 79 71 72 64 16 17 18 19 57 87 22 88
55 90 43 67 50 70 7 32 9 99 11 79 71 72 64 16 17 18 19 57 87 22 47
55 90 43 67 50 70 7 32 9 99 11 79 71 72 64 16 17 18 19 57 87 22 23
55 90 43 67 50 70 7 32 9 99 11 79 71 72 64 62 17 18 19 57 87 22 88
55 90 43 67 50 70 7 32 9 99 11 79 71 72 64 62 17 18 19 57 87 22 47
55 90 43 67 50 70 7 32 9 99 11 79 71 72 64 62 17 18 19 57 87 22 23
55 90 43 67 50 100 7 32 9 99 11 79 13 14 15 16 17 18 19 57 87 22 88
55 90 43 67 50 100 7 32 9 99 11 79 13 14 15 16 17 18 19 57 87 22 47
55 90 43 67 50 100 7 32 9 99 11 79 13 14 15 16 17 18 19 57 87 22 23
55 90 43 67 50 100 7 32 9 99 11 79 13 14 15 62 17 18 19 57 87 22 88
55 90 43 67 50 100 7 32 9 99 11 79 13 14 15 62 17 18 19 57 87 22 47
55 90 43 67 50 100 7 32 9 99 11 79 13 14 15 62 17 18 19 57 87 22 23
55 90 43 67 50 100 7 32 9 99 11 79 13 14 64 16 17 18 19 57 87 22 88
55 90 43 67 50 100 7 32 9 99 11 79 13 14 64 16 17 18 19 57 87 22 47
55 90 43 67 50 100 7 32 9 99 11 79 13 14 64 16 17 18 19 57 87 22 23
55 90 43 67 50 100 7 32 9 99 11 79 13 14 64 62 17 18 19 57 87 22 88
55 90 43 67 50 100 7 32 9 99 11 79 13 14 64 62 17 18 19 57 87 22 47
55 90 43 67 50 100 7 32 9 99 11 79 13 14 64 62 17 18 19 57 87 22 23
55 90 43 67 50 100 7 32 9 99 11 79 13 72 15 16 17 18 19 57 87 22 88
55 90 43 67 50 100 7 32 9 99 11 79 13 72 15 16 17 18 19 57 87 22 47
55 90 43 67 50 100 7 32 9 99 11 79 13 72 15 16 17 18 19 57 87 22 23
55 90 43 67 50 100 7 32 9 99 11 79 13 72 15 62 17 18 19 57 87 22 88
55 90 43 67 50 100 7 32 9 99 11 79 13 72 15 62 17 18 19 57 87 22 47
55 90 43 67 50 100 7 32 9 99 11 79 13 72 15 62 17 18 19 57 87 22 23
55 90 43 67 50 100 7 32 9 99 11 79 13 72 64 16 17 18 19 57 87 22 88
55 90 43 67 50 100 7 32 9 99 11 79 13 72 64 16 17 18 19 57 87 22 47
55 90 43 67 50 100 7 32 9 99 11 79 13 72 64 16 17 18 19 57 87 22 23
55 90 43 67 50 100 7 32 9 99 11 79 13 72 64 62 17 18 19 57 87 22 88
55 90 43 67 50 100 7 32 9 99 11 79 13 72 64 62 17 18 19 57 87 22 47
55 90 43 67 50 100 7 32 9 99 11 79 13 72 64 62 17 18 19 57 87 22 23
55 90 43 67 50 100 7 32 9 99 11 79 71 14 15 16 17 18 19 57 87 22 88
55 90 43 67 50 100 7 32 9 99 11 79 71 14 15 16 17 18 19 57 87 22 47
55 90 43 67 50 100 7 32 9 99 11 79 71 14 15 16 17 18 19 57 87 22 23
55 90 43 67 50 100 7 32 9 99 11 79 71 14 15 62 17 18 19 57 87 22 88
55 90 43 67 50 100 7 32 9 99 11 79 71 14 15 62 17 18 19 57 87 22 47
55 90 43 67 50 100 7 32 9 99 11 79 71 14 15 62 17 18 19 57 87 22 23
55 90 43 67 50 100 7 32 9 99 11 79 71 14 64 16 17 18 19 57 87 22 88
55 90 43 67 50 100 7 32 9 99 11 79 71 14 64 16 17 18 19 57 87 22 47
55 90 43 67 50 100 7 32 9 99 11 79 71 14 64 16 17 18 19 57 87 22 23
55 90 43 67 50 100 7 32 9 99 11 79 71 14 64 62 17 18 19 57 87 22 88
55 90 43 67 50 100 7 32 9 99 11 79 71 14 64 62 17 18 19 57 87 22 47
55 90 43 67 50 100 7 32 9 99 11 79 71 14 64 62 17 18 19 57 87 22 23
55 90 43 67 50 100 7 32 9 99 11 79 71 72 15 16 17 18 19 57 87 22 88
55 90 43 67 50 100 7 32 9 99 11 79 71 72 15 16 17 18 19 57 87 22 47
55 90 43 67 50 100 7 32 9 99 11 79 71 72 15 16 17 18 19 57 87 22 23
55 90 43 67 50 100 7 32 9 99 11 79 71 72 15 62 17 18 19 57 87 22 88
55 90 43 67 50 100 7 32 9 99 11 79 71 72 15 62 17 18 19 57 87 22 47
55 90 43 67 50 100 7 32 9 99 11 79 71 72 15 62 17 18 19 57 87 22 23
55 90 43 67 50 100 7 32 9 99 11 79 71 72 64 16 17 18 19 57 87 22 88
55 90 43 67 50 100 7 32 9 99 11 79 71 72 64 16 17 18 19 57 87 22 47
55 90 43 67 50 100 7 32 9 99 11 79 71 72 64 16 17 18 19 57 87 22 23
55 90 43 67 50 100 7 32 9 99 11 79 71 72 64 62 17 18 19 57 87 22 88
55 90 43 67 50 100 7 32 9 99 11 79 71 72 64 62 17 18 19 57 87 22 47
55 90 43 67 50 100 7 32 9 99 11 79 71 72 64 62 17 18 19 57 87 22 23
55 90 43 67 50 101 7 32 9 99 11 79 13 14 15 16 17 18 19 57 87 22 88
55 90 43 67 50 101 7 32 9 99 11 79 13 14 15 16 17 18 19 57 87 22 47
55 90 43 67 50 101 7 32 9 99 11 79 13 14 15 16 17 18 19 57 87 22 23
55 90 43 67 50 101 7 32 9 99 11 79 13 14 15 62 17 18 19 57 87 22 88
55 90 43 67 50 101 7 32 9 99 11 79 13 14 15 62 17 18 19 57 87 22 47
55 90 43 67 50 101 7 32 9 99 11 79 13 14 15 62 17 18 19 57 87 22 23
55 90 43 67 50 101 7 32 9 99 11 79 13 14 64 16 17 18 19 57 87 22 88
55 90 43 67 50 101 7 32 9 99 11 79 13 14 64 16 17 18 19 57 87 22 47
55 90 43 67 50 101 7 32 9 99 11 79 13 14 64 16 17 18 19 57 87 22 23
55 90 43 67 50 101 7 32 9 99 11 79 13 14 64 62 17 18 19 57 87 22 88
55 90 43 67 50 101 7 32 9 99 11 79 13 14 64 62 17 18 19 57 87 22 47
55 90 43 67 50 101 7 32 9 99 11 79 13 14 64 62 17 18 19 57 87 22 23
55 90 43 67 50 101 7 32 9 99 11 79 13 72 15 16 17 18 19 57 87 22 88
55 90 43 67 50 101 7 32 9 99 11 79 13 72 15 16 17 18 19 57 87 22 47
55 90 43 67 50 101 7 32 9 99 11 79 13 72 15 16 17 18 19 57 87 22 23
55 90 43 67 50 101 7 32 9 99 11 79 13 72 15 62 17 18 19 57 87 22 88
55 90 43 67 50 101 7 32 9 99 11 79 13 72 15 62 17 18 19 57 87 22 47
55 90 43 67 50 101 7 32 9 99 11 79 13 72 15 62 17 18 19 57 87 22 23
55 90 43 67 50 101 7 32 9 99 11 79 13 72 64 16 17 18 19 57 87 22 88
55 90 43 67 50 101 7 32 9 99 11 79 13 72 64 16 17 18 19 57 87 22 47
55 90 43 67 50 101 7 32 9 99 11 79 13 72 64 16 17 18 19 57 87 22 23
55 90 43 67 50 101 7 32 9 99 11 79 13 72 64 62 17 18 19 57 87 22 88
55 90 43 67 50 101 7 32 9 99 11 79 13 72 64 62 17 18 19 57 87 22 47
55 90 43 67 50 101 7 32 9 99 11 79 13 72 64 62 17 18 19 57 87 22 23
55 90 43 67 50 101 7 32 9 99 11 79 71 14 15 16 17 18 19 57 87 22 88
55 90 43 67 50 101 7 32 9 99 11 79 71 14 15 16 17 18 19 57 87 22 47
55 90 43 67 50 101 7 32 9 99 11 79 71 14 15 16 17 18 19 57 87 22 23
55 90 43 67 50 101 7 32 9 99 11 79 71 14 15 62 17 18 19 57 87 22 88
55 90 43 67 50 101 7 32 9 99 11 79 71 14 15 62 17 18 19 57 87 22 47
55 90 43 67 50 101 7 32 9 99 11 79 71 14 15 62 17 18 19 57 87 22 23
55 90 43 67 50 101 7 32 9 99 11 79 71 14 64 16 17 18 19 57 87 22 88
55 90 43 67 50 101 7 32 9 99 11 79 71 14 64 16 17 18 19 57 87 22 47
55 90 43 67 50 101 7 32 9 99 11 79 71 14 64 16 17 18 19 57 87 22 23
55 90 43 67 50 101 7 32 9 99 11 79 71 14 64 62 17 18 19 57 87 22 88
55 90 43 67 50 101 7 32 9 99 11 79 71 14 64 62 17 18 19 57 87 22 47
55 90 43 67 50 101 7 32 9 99 11 79 71 14 64 62 17 18 19 57 87 22 23
55 90 43 67 50 101 7 32 9 99 11 79 71 72 15 16 17 18 19 57 87 22 88
55 90 43 67 50 101 7 32 9 99 11 79 71 72 15 16 17 18 19 57 87 22 47
55 90 43 67 50 101 7 32 9 99 11 79 71 72 15 16 17 18 19 57 87 22 23
55 90 43 67 50 101 7 32 9 99 11 79 71 72 15 62 17 18 19 57 87 22 88
55 90 43 67 50 101 7 32 9 99 11 79 71 72 15 62 17 18 19 57 87 22 47
55 90 43 67 50 101 7 32 9 99 11 79 71 72 15 62 17 18 19 57 87 22 23
55 90 43 67 50 101 7 32 9 99 11 79 71 72 64 16 17 18 19 57 87 22 88
55 90 43 67 50 101 7 32 9 99 11 79 71 72 64 16 17 18 19 57 87 22 47
55 90 43 67 50 101 7 32 9 99 11 79 71 72 64 16 17 18 19 57 87 22 23
55 90 43 67 50 101 7 32 9 99 11 79 71 72 64 62 17 18 19 57 87 22 88
55 90 43 67 50 101 7 32 9 99 11 79 71 72 64 62 17 18 19 57 87 22 47
55 90 43 67 50 101 7 32 9 99 11 79 71 72 64 62 17 18 19 57 87 22 23
55 90 43 48 50 70 7 32 9 99 11 79 13 14 15 16 17 18 19 57 87 22 88
55 90 43 48 50 70 7 32 9 99 11 79 13 14 15 16 17 18 19 57 87 22 47
55 90 43 48 50 70 7 32 9 99 11 79 13 14 15 16 17 18 19 57 87 22 23
55 90 43 48 50 70 7 32 9 99 11 79 13 14 15 62 17 18 19 57 87 22 88
55 90 43 48 50 70 7 32 9 99 11 79 13 14 15 62 17 18 19 57 87 22 47
55 90 43 48 50 70 7 32 9 99 11 79 13 14 15 62 17 18 19 57 87 22 23
55 90 43 48 50 70 7 32 9 99 11 79 13 14 64 16 17 18 19 57 87 22 88
55 90 43 48 50 70 7 32 9 99 11 79 13 14 64 16 17 18 19 57 87 22 47
55 90 43 48 50 70 7 32 9 99 11 79 13 14 64 16 17 18 19 57 87 22 23
55 90 43 48 50 70 7 32 9 99 11 79 13 14 64 62 17 18 19 57 87 22 88
55 90 43 48 50 70 7 32 9 99 11 79 13 14 64 62 17 18 19 57 87 22 47
55 90 43 48 50 70 7 32 9 99 11 79 13 14 64 62 17 18 19 57 87 22 23
55 90 43 48 50 70 7 32 9 99 11 79 13 72 15 16 17 18 19 57 87 22 88
55 90 43 48 50 70 7 32 9 99 11 79 13 72 15 16 17 18 19 57 87 22 47
55 90 43 48 50 70 7 32 9 99 11 79 13 72 15 16 17 18 19 57 87 22 23
55 90 43 48 50 70 7 32 9 99 11 79 13 72 15 62 17 18 19 57 87 22 88
55 90 43 48 50 70 7 32 9 99 11 79 13 72 15 62 17 18 19 57 87 22 47
55 90 43 48 50 70 7 32 9 99 11 79 13 72 15 62 17 18 19 57 87 22 23
55 90 43 48 50 70 7 32 9 99 11 79 13 72 64 16 17 18 19 57 87 22 88
55 90 43 48 50 70 7 32 9 99 11 79 13 72 64 16 17 18 19 57 87 22 47
55 90 43 48 50 70 7 32 9 99 11 79 13 72 64 16 17 18 19 57 87 22 23
55 90 43 48 50 70 7 32 9 99 11 79 13 72 64 62 17 18 19 57 87 22 88
55 90 43 48 50 70 7 32 9 99 11 79 13 72 64 62 17 18 19 57 87 22 47
55 90 43 48 50 70 7 32 9 99 11 79 13 72 64 62 17 18 19 57 87 22 23
55 90 43 48 50 70 7 32 9 99 11 79 71 14 15 16 17 18 19 57 87 22 88
55 90 43 48 50 70 7 32 9 99 11 79 71 14 15 16 17 18 19 57 87 22 47
55 90 43 48 50 70 7 32 9 99 11 79 71 14 15 16 17 18 19 57 87 22 23
55 90 43 48 50 70 7 32 9 99 11 79 71 14 15 62 17 18 19 57 87 22 88
55 90 43 48 50 70 7 32 9 99 11 79 71 14 15 62 17 18 19 57 87 22 47
55 90 43 48 50 70 7 32 9 99 11 79 71 14 15 62 17 18 19 57 87 22 23
55 90 43 48 50 70 7 32 9 99 11 79 71 14 64 16 17 18 19 57 87 22 88
55 90 43 48 50 70 7 32 9 99 11 79 71 14 64 16 17 18 19 57 87 22 47
55 90 43 48 50 70 7 32 9 99 11 79 71 14 64 16 17 18 19 57 87 22 23
55 90 43 48 50 70 7 32 9 99 11 79 71 14 64 62 17 18 19 57 87 22 88
55 90 43 48 50 70 7 32 9 99 11 79 71 14 64 62 17 18 19 57 87 22 47
55 90 43 48 50 70 7 32 9 99 11 79 71 14 64 62 17 18 19 57 87 22 23
55 90 43 48 50 70 7 32 9 99 11 79 71 72 15 16 17 18 19 57 87 22 88
55 90 43 48 50 70 7 32 9 99 11 79 71 72 15 16 17 18 19 57 87 22 47
55 90 43 48 50 70 7 32 9 99 11 79 71 72 15 16 17 18 19 57 87 22 23
55 90 43 48 50 70 7 32 9 99 11 79 71 72 15 62 17 18 19 57 87 22 88
55 90 43 48 50 70 7 32 9 99 11 79 71 72 15 62 17 18 19 57 87 22 47
55 90 43 48 50 70 7 32 9 99 11 79 71 72 15 62 17 18 19 57 87 22 23
55 90 43 48 50 70 7 32 9 99 11 79 71 72 64 16 17 18 19 57 87 22 88
55 90 43 48 50 70 7 32 9 99 11 79 71 72 64 16 17 18 19 57 87 22 47
55 90 43 48 50 70 7 32 9 99 11 79 71 72 64 16 17 18 19 57 87 22 23
55 90 43 48 50 70 7 32 9 99 11 79 71 72 64 62 17 18 19 57 87 22 88
55 90 43 48 50 70 7 32 9 99 11 79 71 72 64 62 17 18 19 57 87 22 47
55 90 43 48 50 70 7 32 9 99 11 79 71 72 64 62 17 18 19 57 87 22 23
55 90 43 48 50 100 7 32 9 99 11 79 13 14 15 16 17 18 19 57 87 22 88
55 90 43 48 50 100 7 32 9 99 11 79 13 14 15 16 17 18 19 57 87 22 47
55 90 43 48 50 100 7 32 9 99 11 79 13 14 15 16 17 18 19 57 87 22 23
55 90 43 48 50 100 7 32 9 99 11 79 13 14 15 62 17 18 19 57 87 22 88
55 90 43 48 50 100 7 32 9 99 11 79 13 14 15 62 17 18 19 57 87 22 47
55 90 43 48 50 100 7 32 9 99 11 79 13 14 15 62 17 18 19 57 87 22 23
55 90 43 48 50 100 7 32 9 99 11 79 13 14 64 16 17 18 19 57 87 22 88
55 90 43 48 50 100 7 32 9 99 11 79 13 14 64 16 17 18 19 57 87 22 47
55 90 43 48 50 100 7 32 9 99 11 79 13 14 64 16 17 18 19 57 87 22 23
55 90 43 48 50 100 7 32 9 99 11 79 13 14 64 62 17 18 19 57 87 22 88
55 90 43 48 50 100 7 32 9 99 11 79 13 14 64 62 17 18 19 57 87 22 47
55 90 43 48 50 100 7 32 9 99 11 79 13 14 64 62 17 18 19 57 87 22 23
55 90 43 48 50 100 7 32 9 99 11 79 13 72 15 16 17 18 19 57 87 22 88
55 90 43 48 50 100 7 32 9 99 11 79 13 72 15 16 17 18 19 57 87 22 47
55 90 43 48 50 100 7 32 9 99 11 79 13 72 15 16 17 18 19 57 87 22 23
55 90 43 48 50 100 7 32 9 99 11 79 13 72 15 62 17 18 19 57 87 22 88
55 90 43 48 50 100 7 32 9 99 11 79 13 72 15 62 17 18 19 57 87 22 47
55 90 43 48 50 100 7 32 9 99 11 79 13 72 15 62 17 18 19 57 87 22 23
55 90 43 48 50 100 7 32 9 99 11 79 13 72 64 16 17 18 19 57 87 22 88
55 90 43 48 50 100 7 32 9 99 11 79 13 72 64 16 17 18 19 57 87 22 47
55 90 43 48 50 100 7 32 9 99 11 79 13 72 64 16 17 18 19 57 87 22 23
55 90 43 48 50 100 7 32 9 99 11 79 13 72 64 62 17 18 19 57 87 22 88
55 90 43 48 50 100 7 32 9 99 11 79 13 72 64 62 17 18 19 57 87 22 47
55 90 43 48 50 100 7 32 9 99 11 79 13 72 64 62 17 18 19 57 87 22 23
55 90 43 48 50 100 7 32 9 99 11 79 71 14 15 16 17 18 19 57 87 22 88
55 90 43 48 50 100 7 32 9 99 11 79 71 14 15 16 17 18 19 57 87 22 47
55 90 43 48 50 100 7 32 9 99 11 79 71 14 15 16 17 18 19 57 87 22 23
55 90 43 48 50 100 7 32 9 99 11 79 71 14 15 62 17 18 19 57 87 22 88
55 90 43 48 50 100 7 32 9 99 11 79 71 14 15 62 17 18 19 57 87 22 47
55 90 43 48 50 100 7 32 9 99 11 79 71 14 15 62 17 18 19 57 87 22 23
55 90 43 48 50 100 7 32 9 99 11 79 71 14 64 16 17 18 19 57 87 22 88
55 90 43 48 50 100 7 32 9 99 11 79 71 14 64 16 17 18 19 57 87 22 47
55 90 43 48 50 100 7 32 9 99 11 79 71 14 64 16 17 18 19 57 87 22 23
55 90 43 48 50 100 7 32 9 99 11 79 71 14 64 62 17 18 19 57 87 22 88
55 90 43 48 50 100 7 32 9 99 11 79 71 14 64 62 17 18 19 57 87 22 47
55 90 43 48 50 100 7 32 9 99 11 79 71 14 64 62 17 18 19 57 87 22 23
55 90 43 48 50 100 7 32 9 99 11 79 71 72 15 16 17 18 19 57 87 22 88
55 90 43 48 50 100 7 32 9 99 11 79 71 72 15 16 17 18 19 57 87 22 47
55 90 43 48 50 100 7 32 9 99 11 79 71 72 15 16 17 18 19 57 87 22 23
55 90 43 48 50 100 7 32 9 99 11 79 71 72 15 62 17 18 19 57 87 22 88
55 90 43 48 50 100 7 32 9 99 11 79 71 72 15 62 17 18 19 57 87 22 47
55 90 43 48 50 100 7 32 9 99 11 79 71 72 15 62 17 18 19 57 87 22 23
55 90 43 48 50 100 7 32 9 99 11 79 71 72 64 16 17 18 19 57 87 22 88
55 90 43 48 50 100 7 32 9 99 11 79 71 72 64 16 17 18 19 57 87 22 47
55 90 43 48 50 100 7 32 9 99 11 79 71 72 64 16 17 18 19 57 87 22 23
55 90 43 48 50 100 7 32 9 99 11 79 71 72 64 62 17 18 19 57 87 22 88
55 90 43 48 50 100 7 32 9 99 11 79 71 72 64 62 17 18 19 57 87 22 47
55 90 43 48 50 100 7 32 9 99 11 79 71 72 64 62 17 18 19 57 87 22 23
55 90 43 48 50 101 7 32 9 99 11 79 13 14 15 16 17 18 19 57 87 22 88
55 90 43 48 50 101 7 32 9 99 11 79 13 14 15 16 17 18 19 57 87 22 47
55 90 43 48 50 101 7 32 9 99 11 79 13 14 15 16 17 18 19 57 87 22 23
55 90 43 48 50 101 7 32 9 99 11 79 13 14 15 62 17 18 19 57 87 22 88
55 90 43 48 50 101 7 32 9 99 11 79 13 14 15 62 17 18 19 57 87 22 47
55 90 43 48 50 101 7 32 9 99 11 79 13 14 15 62 17 18 19 57 87 22 23
55 90 43 48 50 101 7 32 9 99 11 79 13 14 64 16 17 18 19 57 87 22 88
55 90 43 48 50 101 7 32 9 99 11 79 13 14 64 16 17 18 19 57 87 22 47
55 90 43 48 50 101 7 32 9 99 11 79 13 14 64 16 17 18 19 57 87 22 23
55 90 43 48 50 101 7 32 9 99 11 79 13 14 64 62 17 18 19 57 87 22 88
55 90 43 48 50 101 7 32 9 99 11 79 13 14 64 62 17 18 19 57 87 22 47
55 90 43 48 50 101 7 32 9 99 11 79 13 14 64 62 17 18 19 57 87 22 23
55 90 43 48 50 101 7 32 9 99 11 79 13 72 15 16 17 18 19 57 87 22 88
55 90 43 48 50 101 7 32 9 99 11 79 13 72 15 16 17 18 19 57 87 22 47
55 90 43 48 50 101 7 32 9 99 11 79 13 72 15 16 17 18 19 57 87 22 23
55 90 43 48 50 101 7 32 9 99 11 79 13 72 15 62 17 18 19 57 87 22 88
55 90 43 48 50 101 7 32 9 99 11 79 13 72 15 62 17 18 19 57 87 22 47
55 90 43 48 50 101 7 32 9 99 11 79 13 72 15 62 17 18 19 57 87 22 23
55 90 43 48 50 101 7 32 9 99 11 79 13 72 64 16 17 18 19 57 87 22 88
55 90 43 48 50 101 7 32 9 99 11 79 13 72 64 16 17 18 19 57 87 22 47
55 90 43 48 50 101 7 32 9 99 11 79 13 72 64 16 17 18 19 57 87 22 23
55 90 43 48 50 101 7 32 9 99 11 79 13 72 64 62 17 18 19 57 87 22 88
55 90 43 48 50 101 7 32 9 99 11 79 13 72 64 62 17 18 19 57 87 22 47
55 90 43 48 50 101 7 32 9 99 11 79 13 72 64 62 17 18 19 57 87 22 23
55 90 43 48 50 101 7 32 9 99 11 79 71 14 15 16 17 18 19 57 87 22 88
55 90 43 48 50 101 7 32 9 99 11 79 71 14 15 16 17 18 19 57 87 22 47
55 90 43 48 50 101 7 32 9 99 11 79 71 14 15 16 17 18 19 57 87 22 23
55 90 43 48 50 101 7 32 9 99 11 79 71 14 15 62 17 18 19 57 87 22 88
55 90 43 48 50 101 7 32 9 99 11 79 71 14 15 62 17 18 19 57 87 22 47
55 90 43 48 50 101 7 32 9 99 11 79 71 14 15 62 17 18 19 57 87 22 23
55 90 43 48 50 101 7 32 9 99 11 79 71 14 64 16 17 18 19 57 87 22 88
55 90 43 48 50 101 7 32 9 99 11 79 71 14 64 16 17 18 19 57 87 22 47
55 90 43 48 50 101 7 32 9 99 11 79 71 14 64 16 17 18 19 57 87 22 23
55 90 43 48 50 101 7 32 9 99 11 79 71 14 64 62 17 18 19 57 87 22 88
55 90 43 48 50 101 7 32 9 99 11 79 71 14 64 62 17 18 19 57 87 22 47
55 90 43 48 50 101 7 32 9 99 11 79 71 14 64 62 17 18 19 57 87 22 23
55 90 43 48 50 101 7 32 9 99 11 79 71 72 15 16 17 18 19 57 87 22 88
55 90 43 48 50 101 7 32 9 99 11 79 71 72 15 16 17 18 19 57 87 22 47
55 90 43 48 50 101 7 32 9 99 11 79 71 72 15 16 17 18 19 57 87 22 23
55 90 43 48 50 101 7 32 9 99 11 79 71 72 15 62 17 18 19 57 87 22 88
55 90 43 48 50 101 7 32 9 99 11 79 71 72 15 62 17 18 19 57 87 22 47
55 90 43 48 50 101 7 32 9 99 11 79 71 72 15 62 17 18 19 57 87 22 23
55 90 43 48 50 101 7 32 9 99 11 79 71 72 64 16 17 18 19 57 87 22 88
55 90 43 48 50 101 7 32 9 99 11 79 71 72 64 16 17 18 19 57 87 22 47
55 90 43 48 50 101 7 32 9 99 11 79 71 72 64 16 17 18 19 57 87 22 23
55 90 43 48 50 101 7 32 9 99 11 79 71 72 64 62 17 18 19 57 87 22 88
55 90 43 48 50 101 7 32 9 99 11 79 71 72 64 62 17 18 19 57 87 22 47
55 90 43 48 50 101 7 32 9 99 11 79 71 72 64 62 17 18 19 57 87 22 23
55 2 43 89 50 102 7 32 33 10 34 35 71 45 103 104 17 18 105 106 87 91 23
55 2 43 89 50 102 7 32 33 107 34 35 71 45 103 104 17 18 105 106 87 91 23
55 2 43 89 50 102 108 32 33 10 34 35 71 45 103 104 17 18 105 106 87 91 23
55 2 43 89 50 102 108 32 33 107 34 35 71 45 103 104 17 18 105 106 87 91 23
55 2 43 48 50 102 7 32 33 10 34 35 71 45 103 104 17 18 105 106 87 91 23
55 2 43 48 50 102 7 32 33 107 34 35 71 45 103 104 17 18 105 106 87 91 23
55 2 43 48 50 102 108 32 33 10 34 35 71 45 103 104 17 18 105 106 87 91 23
55 2 43 48 50 102 108 32 33 107 34 35 71 45 103 104 17 18 105 106 87 91 23
55 2 43 67 50 102 7 32 33 10 34 35 71 45 103 104 17 18 105 106 87 91 23
55 2 43 67 50 102 7 32 33 107 34 35 71 45 103 104 17 18 105 106 87 91 23
55 2 43 67 50 102 108 32 33 10 34 35 71 45 103 104 17 18 105 106 87 91 23
55 2 43 67 50 102 108 32 33 107 34 35 71 45 103 104 17 18 105 106 87 91 23
55 2 43 48 50 102 7 32 33 10 34 35 71 45 103 104 17 18 105 106 87 91 23
55 2 43 48 50 102 7 32 33 107 34 35 71 45 103 104 17 18 105 106 87 91 23
55 2 43 48 50 102 108 32 33 10 34 35 71 45 103 104 17 18 105 106 87 91 23
55 2 43 48 50 102 108 32 33 107 34 35 71 45 103 104 17 18 105 106 87 91 23
55 30 43 89 50 102 7 32 33 10 34 35 71 45 103 104 17 18 105 106 87 91 23
55 30 43 89 50 102 7 32 33 107 34 35 71 45 103 104 17 18 105 106 87 91 23
55 30 43 89 50 102 108 32 33 10 34 35 71 45 103 104 17 18 105 106 87 91 23
55 30 43 89 50 102 108 32 33 107 34 35 71 45 103 104 17 18 105 106 87 91 23
55 30 43 48 50 102 7 32 33 10 34 35 71 45 103 104 17 18 105 106 87 91 23
55 30 43 48 50 102 7 32 33 107 34 35 71 45 103 104 17 18 105 106 87 91 23
55 30 43 48 50 102 108 32 33 10 34 35 71 45 103 104 17 18 105 106 87 91 23
55 30 43 48 50 102 108 32 33 107 34 35 71 45 103 104 17 18 105 106 87 91 23
55 30 43 67 50 102 7 32 33 10 34 35 71 45 103 104 17 18 105 106 87 91 23
55 30 43 67 50 102 7 32 33 107 34 35 71 45 103 104 17 18 105 106 87 91 23
55 30 43 67 50 102 108 32 33 10 34 35 71 45 103 104 17 18 105 106 87 91 23
55 30 43 67 50 102 108 32 33 107 34 35 71 45 103 104 17 18 105 106 87 91 23
55 30 43 48 50 102 7 32 33 10 34 35 71 45 103 104 17 18 105 106 87 91 23
55 30 43 48 50 102 7 32 33 107 34 35 71 45 103 104 17 18 105 106 87 91 23
55 30 43 48 50 102 108 32 33 10 34 35 71 45 103 104 17 18 105 106 87 91 23
55 30 43 48 50 102 108 32 33 107 34 35 71 45 103 104 17 18 105 106 87 91 23
55 90 43 89 50 102 7 32 33 10 34 35 71 45 103 104 17 18 105 106 87 91 23
55 90 43 89 50 102 7 32 33 107 34 35 71 45 103 104 17 18 105 106 87 91 23
55 90 43 89 50 102 108 32 33 10 34 35 71 45 103 104 17 18 105 106 87 91 23
55 90 43 89 50 102 108 32 33 107 34 35 71 45 103 104 17 18 105 106 87 91 23
55 90 43 48 50 102 7 32 33 10 34 35 71 45 103 104 17 18 105 106 87 91 23
55 90 43 48 50 102 7 32 33 107 34 35 71 45 103 104 17 18 105 106 87 91 23
55 90 43 48 50 102 108 32 33 10 34 35 71 45 103 104 17 18 105 106 87 91 23
55 90 43 48 50 102 108 32 33 107 34 35 71 45 103 104 17 18 105 106 87 91 23
55 90 43 67 50 102 7 32 33 10 34 35 71 45 103 104 17 18 105 106 87 91 23
55 90 43 67 50 102 7 32 33 107 34 35 71 45 103 104 17 18 105 106 87 91 23
55 90 43 67 50 102 108 32 33 10 34 35 71 45 103 104 17 18 105 106 87 91 23
55 90 43 67 50 102 108 32 33 107 34 35 71 45 103 104 17 18 105 106 87 91 23
55 90 43 48 50 102 7 32 33 10 34 35 71 45 103 104 17 18 105 106 87 91 23
55 90 43 48 50 102 7 32 33 107 34 35 71 45 103 104 17 18 105 106 87 91 23
55 90 43 48 50 102 108 32 33 10 34 35 71 45 103 104 17 18 105 106 87 91 23
55 90 43 48 50 102 108 32 33 107 34 35 71 45 103 104 17 18 105 106 87 91 23
55 31 43 28 50 51 7 8 9 107 34 35 109 45 110 98 17 111 19 57 87 91 88
55 31 43 28 50 51 7 8 9 10 34 35 109 45 110 98 17 111 19 57 87 91 88
55 97 43 28 50 51 7 8 9 107 34 35 109 45 110 98 17 111 19 57 87 91 88
55 97 43 28 50 51 7 8 9 10 34 35 109 45 110 98 17 111 19 57 87 91 88
55 30 43 28 50 51 7 8 9 107 34 35 109 45 110 98 17 111 19 57 87 91 88
55 30 43 28 50 51 7 8 9 10 34 35 109 45 110 98 17 111 19 57 87 91 88
55 90 43 28 50 51 7 8 9 107 34 35 109 45 110 98 17 111 19 57 87 91 88
55 90 43 28 50 51 7 8 9 10 34 35 109 45 110 98 17 111 19 57 87 91 88
1 31 3 4 50 51 7 8 33 10 34 79 13 14 15 16 17 18 84 20 87 37 39
1 31 3 4 50 51 7 8 33 10 34 79 13 14 15 16 17 18 84 20 87 40 39
1 31 3 4 50 51 7 8 33 10 34 79 13 72 15 16 17 18 84 20 87 37 39
1 31 3 4 50 51 7 8 33 10 34 79 13 72 15 16 17 18 84 20 87 40 39
1 31 3 4 50 51 7 8 33 10 34 79 71 14 15 16 17 18 84 20 87 37 39
1 31 3 4 50 51 7 8 33 10 34 79 71 14 15 16 17 18 84 20 87 40 39
1 31 3 4 50 51 7 8 33 10 34 79 71 72 15 16 17 18 84 20 87 37 39
1 31 3 4 50 51 7 8 33 10 34 79 71 72 15 16 17 18 84 20 87 40 39
1 31 3 4 50 51 7 8 33 41 34 79 13 14 15 16 17 18 84 20 87 37 39
1 31 3 4 50 51 7 8 33 41 34 79 13 14 15 16 17 18 84 20 87 40 39
1 31 3 4 50 51 7 8 33 41 34 79 13 72 15 16 17 18 84 20 87 37 39
1 31 3 4 50 51 7 8 33 41 34 79 13 72 15 16 17 18 84 20 87 40 39
1 31 3 4 50 51 7 8 33 41 34 79 71 14 15 16 17 18 84 20 87 37 39
1 31 3 4 50 51 7 8 33 41 34 79 71 14 15 16 17 18 84 20 87 40 39
1 31 3 4 50 51 7 8 33 41 34 79 71 72 15 16 17 18 84 20 87 37 39
1 31 3 4 50 51 7 8 33 41 34 79 71 72 15 16 17 18 84 20 87 40 39
1 31 3 4 50 51 7 8 33 25 34 79 13 14 15 16 17 18 84 20 87 37 39
1 31 3 4 50 51 7 8 33 25 34 79 13 14 15 16 17 18 84 20 87 40 39
1 31 3 4 50 51 7 8 33 25 34 79 13 72 15 16 17 18 84 20 87 37 39
1 31 3 4 50 51 7 8 33 25 34 79 13 72 15 16 17 18 84 20 87 40 39
1 31 3 4 50 51 7 8 33 25 34 79 71 14 15 16 17 18 84 20 87 37 39
1 31 3 4 50 51 7 8 33 25 34 79 71 14 15 16 17 18 84 20 87 40 39
1 31 3 4 50 51 7 8 33 25 34 79 71 72 15 16 17 18 84 20 87 37 39
1 31 3 4 50 51 7 8 33 25 34 79 71 72 15 16 17 18 84 20 87 40 39
1 31 3 49 50 51 7 8 33 10 34 79 13 14 15 16 17 18 84 20 87 37 39
1 31 3 49 50 51 7 8 33 10 34 79 13 14 15 16 17 18 84 20 87 40 39
1 31 3 49 50 51 7 8 33 10 34 79 13 72 15 16 17 18 84 20 87 37 39
1 31 3 49 50 51 7 8 33 10 34 79 13 72 15 16 17 18 84 20 87 40 39
1 31 3 49 50 51 7 8 33 10 34 79 71 14 15 16 17 18 84 20 87 37 39
1 31 3 49 50 51 7 8 33 10 34 79 71 14 15 16 17 18 84 20 87 40 39
1 31 3 49 50 51 7 8 33 10 34 79 71 72 15 16 17 18 84 20 87 37 39
1 31 3 49 50 51 7 8 33 10 34 79 71 72 15 16 17 18 84 20 87 40 39
1 31 3 49 50 51 7 8 33 41 34 79 13 14 15 16 17 18 84 20 87 37 39
1 31 3 49 50 51 7 8 33 41 34 79 13 14 15 16 17 18 84 20 87 40 39
1 31 3 49 50 51 7 8 33 41 34 79 13 72 15 16 17 18 84 20 87 37 39
1 31 3 49 50 51 7 8 33 41 34 79 13 72 15 16 17 18 84 20 87 40 39
1 31 3 49 50 51 7 8 33 41 34 79 71 14 15 16 17 18 84 20 87 37 39
1 31 3 49 50 51 7 8 33 41 34 79 71 14 15 16 17 18 84 20 87 40 39
1 31 3 49 50 51 7 8 33 41 34 79 71 72 15 16 17 18 84 20 87 37 39
1 31 3 49 50 51 7 8 33 41 34 79 71 72 15 16 17 18 84 20 87 40 39
1 31 3 49 50 51 7 8 33 25 34 79 13 14 15 16 17 18 84 20 87 37 39
1 31 3 49 50 51 7 8 33 25 34 79 13 14 15 16 17 18 84 20 87 40 39
1 31 3 49 50 51 7 8 33 25 34 79 13 72 15 16 17 18 84 20 87 37 39
1 31 3 49 50 51 7 8 33 25 34 79 13 72 15 16 17 18 84 20 87 40 39
1 31 3 49 50 51 7 8 33 25 34 79 71 14 15 16 17 18 84 20 87 37 39
1 31 3 49 50 51 7 8 33 25 34 79 71 14 15 16 17 18 84 20 87 40 39
1 31 3 49 50 51 7 8 33 25 34 79 71 72 15 16 17 18 84 20 87 37 39
1 31 3 49 50 51 7 8 33 25 34 79 71 72 15 16 17 18 84 20 87 40 39
1 31 29 4 50 51 7 8 33 10 34 79 13 14 15 16 17 18 84 20 87 37 39
1 31 29 4 50 51 7 8 33 10 34 79 13 14 15 16 17 18 84 20 87 40 39
1 31 29 4 50 51 7 8 33 10 34 79 13 72 15 16 17 18 84 20 87 37 39
1 31 29 4 50 51 7 8 33 10 34 79 13 72 15 16 17 18 84 20 87 40 39
1 31 29 4 50 51 7 8 33 10 34 79 71 14 15 16 17 18 84 20 87 37 39
1 31 29 4 50 51 7 8 33 10 34 79 71 14 15 16 17 18 84 20 87 40 39
1 31 29 4 50 51 7 8 33 10 34 79 71 72 15 16 17 18 84 20 87 37 39
1 31 29 4 50 51 7 8 33 10 34 79 71 72 15 16 17 18 84 20 87 40 39
1 31 29 4 50 51 7 8 33 41 34 79 13 14 15 16 17 18 84 20 87 37 39
1 31 29 4 50 51 7 8 33 41 34 79 13 14 15 16 17 18 84 20 87 40 39
1 31 29 4 50 51 7 8 33 41 34 79 13 72 15 16 17 18 84 20 87 37 39
1 31 29 4 50 51 7 8 33 41 34 79 13 72 15 16 17 18 84 20 87 40 39
1 31 29 4 50 51 7 8 33 41 34 79 71 14 15 16 17 18 84 20 87 37 39
1 31 29 4 50 51 7 8 33 41 34 79 71 14 15 16 17 18 84 20 87 40 39
1 31 29 4 50 51 7 8 33 41 34 79 71 72 15 16 17 18 84 20 87 37 39
1 31 29 4 50 51 7 8 33 41 34 79 71 72 15 16 17 18 84 20 87 40 39
1 31 29 4 50 51 7 8 33 25 34 79 13 14 15 16 17 18 84 20 87 37 39
1 31 29 4 50 51 7 8 33 25 34 79 13 14 15 16 17 18 84 20 87 40 39
1 31 29 4 50 51 7 8 33 25 34 79 13 72 15 16 17 18 84 20 87 37 39
1 31 29 4 50 51 7 8 33 25 34 79 13 72 15 16 17 18 84 20 87 40 39
1 31 29 4 50 51 7 8 33 25 34 79 71 14 15 16 17 18 84 20 87 37 39
1 31 29 4 50 51 7 8 33 25 34 79 71 14 15 16 17 18 84 20 87 40 39
1 31 29 4 50 51 7 8 33 25 34 79 71 72 15 16 17 18 84 20 87 37 39
1 31 29 4 50 51 7 8 33 25 34 79 71 72 15 16 17 18 84 20 87 40 39
1 31 29 49 50 51 7 8 33 10 34 79 13 14 15 16 17 18 84 20 87 37 39
1 31 29 49 50 51 7 8 33 10 34 79 13 14 15 16 17 18 84 20 87 40 39
1 31 29 49 50 51 7 8 33 10 34 79 13 72 15 16 17 18 84 20 87 37 39
1 31 29 49 50 51 7 8 33 10 34 79 13 72 15 16 17 18 84 20 87 40 39
1 31 29 49 50 51 7 8 33 10 34 79 71 14 15 16 17 18 84 20 87 37 39
1 31 29 49 50 51 7 8 33 10 34 79 71 14 15 16 17 18 84 20 87 40 39
1 31 29 49 50 51 7 8 33 10 34 79 71 72 15 16 17 18 84 20 87 37 39
1 31 29 49 50 51 7 8 33 10 34 79 71 72 15 16 17 18 84 20 87 40 39
1 31 29 49 50 51 7 8 33 41 34 79 13 14 15 16 17 18 84 20 87 37 39
1 31 29 49 50 51 7 8 33 41 34 79 13 14 15 16 17 18 84 20 87 40 39
1 31 29 49 50 51 7 8 33 41 34 79 13 72 15 16 17 18 84 20 87 37 39
1 31 29 49 50 51 7 8 33 41 34 79 13 72 15 16 17 18 84 20 87 40 39
1 31 29 49 50 51 7 8 33 41 34 79 71 14 15 16 17 18 84 20 87 37 39
1 31 29 49 50 51 7 8 33 41 34 79 71 14 15 16 17 18 84 20 87 40 39
1 31 29 49 50 51 7 8 33 41 34 79 71 72 15 16 17 18 84 20 87 37 39
1 31 29 49 50 51 7 8 33 41 34 79 71 72 15 16 17 18 84 20 87 40 39
1 31 29 49 50 51 7 8 33 25 34 79 13 14 15 16 17 18 84 20 87 37 39
1 31 29 49 50 51 7 8 33 25 34 79 13 14 15 16 17 18 84 20 87 40 39
1 31 29 49 50 51 7 8 33 25 34 79 13 72 15 16 17 18 84 20 87 37 39
1 31 29 49 50 51 7 8 33 25 34 79 13 72 15 16 17 18 84 20 87 40 39
1 31 29 49 50 51 7 8 33 25 34 79 71 14 15 16 17 18 84 20 87 37 39
1 31 29 49 50 51 7 8 33 25 34 79 71 14 15 16 17 18 84 20 87 40 39
1 31 29 49 50 51 7 8 33 25 34 79 71 72 15 16 17 18 84 20 87 37 39
1 31 29 49 50 51 7 8 33 25 34 79 71 72 15 16 17 18 84 20 87 40 39
1 2 3 4 50 51 7 8 33 10 34 79 13 14 15 16 17 18 84 20 87 37 39
1 2 3 4 50 51 7 8 33 10 34 79 13 14 15 16 17 18 84 20 87 40 39
1 2 3 4 50 51 7 8 33 10 34 79 13 72 15 16 17 18 84 20 87 37 39
1 2 3 4 50 51 7 8 33 10 34 79 13 72 15 16 17 18 84 20 87 40 39
1 2 3 4 50 51 7 8 33 10 34 79 71 14 15 16 17 18 84 20 87 37 39
1 2 3 4 50 51 7 8 33 10 34 79 71 14 15 16 17 18 84 20 87 40 39
1 2 3 4 50 51 7 8 33 10 34 79 71 72 15 16 17 18 84 20 87 37 39
1 2 3 4 50 51 7 8 33 10 34 79 71 72 15 16 17 18 84 20 87 40 39
1 2 3 4 50 51 7 8 33 41 34 79 13 14 15 16 17 18 84 20 87 37 39
1 2 3 4 50 51 7 8 33 41 34 79 13 14 15 16 17 18 84 20 87 40 39
1 2 3 4 50 51 7 8 33 41 34 79 13 72 15 16 17 18 84 20 87 37 39
1 2 3 4 50 51 7 8 33 41 34 79 13 72 15 16 17 18 84 20 87 40 39
1 2 3 4 50 51 7 8 33 41 34 79 71 14 15 16 17 18 84 20 87 37 39
1 2 3 4 50 51 7 8 33 41 34 79 71 14 15 16 17 18 84 20 87 40 39
1 2 3 4 50 51 7 8 33 41 34 79 71 72 15 16 17 18 84 20 87 37 39
1 2 3 4 50 51 7 8 33 41 34 79 71 72 15 16 17 18 84 20 87 40 39
1 2 3 4 50 51 7 8 33 25 34 79 13 14 15 16 17 18 84 20 87 37 39
1 2 3 4 50 51 7 8 33 25 34 79 13 14 15 16 17 18 84 20 87 40 39
1 2 3 4 50 51 7 8 33 25 34 79 13 72 15 16 17 18 84 20 87 37 39
1 2 3 4 50 51 7 8 33 25 34 79 13 72 15 16 17 18 84 20 87 40 39
1 2 3 4 50 51 7 8 33 25 34 79 71 14 15 16 17 18 84 20 87 37 39
1 2 3 4 50 51 7 8 33 25 34 79 71 14 15 16 17 18 84 20 87 40 39
1 2 3 4 50 51 7 8 33 25 34 79 71 72 15 16 17 18 84 20 87 37 39
1 2 3 4 50 51 7 8 33 25 34 79 71 72 15 16 17 18 84 20 87 40 39
1 2 3 49 50 51 7 8 33 10 34 79 13 14 15 16 17 18 84 20 87 37 39
1 2 3 49 50 51 7 8 33 10 34 79 13 14 15 16 17 18 84 20 87 40 39
1 2 3 49 50 51 7 8 33 10 34 79 13 72 15 16 17 18 84 20 87 37 39
1 2 3 49 50 51 7 8 33 10 34 79 13 72 15 16 17 18 84 20 87 40 39
1 2 3 49 50 51 7 8 33 10 34 79 71 14 15 16 17 18 84 20 87 37 39
1 2 3 49 50 51 7 8 33 10 34 79 71 14 15 16 17 18 84 20 87 40 39
1 2 3 49 50 51 7 8 33 10 34 79 71 72 15 16 17 18 84 20 87 37 39
1 2 3 49 50 51 7 8 33 10 34 79 71 72 15 16 17 18 84 20 87 40 39
1 2 3 49 50 51 7 8 33 41 34 79 13 14 15 16 17 18 84 20 87 37 39
1 2 3 49 50 51 7 8 33 41 34 79 13 14 15 16 17 18 84 20 87 40 39
1 2 3 49 50 51 7 8 33 41 34 79 13 72 15 16 17 18 84 20 87 37 39
1 2 3 49 50 51 7 8 33 41 34 79 13 72 15 16 17 18 84 20 87 40 39
1 2 3 49 50 51 7 8 33 41 34 79 71 14 15 16 17 18 84 20 87 37 39
1 2 3 49 50 51 7 8 33 41 34 79 71 14 15 16 17 18 84 20 87 40 39
1 2 3 49 50 51 7 8 33 41 34 79 71 72 15 16 17 18 84 20 87 37 39
1 2 3 49 50 51 7 8 33 41 34 79 71 72 15 16 17 18 84 20 87 40 39
1 2 3 49 50 51 7 8 33 25 34 79 13 14 15 16 17 18 84 20 87 37 39
1 2 3 49 50 51 7 8 33 25 34 79 13 14 15 16 17 18 84 20 87 40 39
1 2 3 49 50 51 7 8 33 25 34 79 13 72 15 16 17 18 84 20 87 37 39
1 2 3 49 50 51 7 8 33 25 34 79 13 72 15 16 17 18 84 20 87 40 39
1 2 3 49 50 51 7 8 33 25 34 79 71 14 15 16 17 18 84 20 87 37 39
1 2 3 49 50 51 7 8 33 25 34 79 71 14 15 16 17 18 84 20 87 40 39
1 2 3 49 50 51 7 8 33 25 34 79 71 72 15 16 17 18 84 20 87 37 39
1 2 3 49 50 51 7 8 33 25 34 79 71 72 15 16 17 18 84 20 87 40 39
1 2 29 4 50 51 7 8 33 10 34 79 13 14 15 16 17 18 84 20 87 37 39
1 2 29 4 50 51 7 8 33 10 34 79 13 14 15 16 17 18 84 20 87 40 39
1 2 29 4 50 51 7 8 33 10 34 79 13 72 15 16 17 18 84 20 87 37 39
1 2 29 4 50 51 7 8 33 10 34 79 13 72 15 16 17 18 84 20 87 40 39
1 2 29 4 50 51 7 8 33 10 34 79 71 14 15 16 17 18 84 20 87 37 39
1 2 29 4 50 51 7 8 33 10 34 79 71 14 15 16 17 18 84 20 87 40 39
1 2 29 4 50 51 7 8 33 10 34 79 71 72 15 16 17 18 84 20 87 37 39
1 2 29 4 50 51 7 8 33 10 34 79 71 72 15 16 17 18 84 20 87 40 39
1 2 29 4 50 51 7 8 33 41 34 79 13 14 15 16 17 18 84 20 87 37 39
1 2 29 4 50 51 7 8 33 41 34 79 13 14 15 16 17 18 84 20 87 40 39
1 2 29 4 50 51 7 8 33 41 34 79 13 72 15 16 17 18 84 20 87 37 39
1 2 29 4 50 51 7 8 33 41 34 79 13 72 15 16 17 18 84 20 87 40 39
1 2 29 4 50 51 7 8 33 41 34 79 71 14 15 16 17 18 84 20 87 37 39
1 2 29 4 50 51 7 8 33 41 34 79 71 14 15 16 17 18 84 20 87 40 39
1 2 29 4 50 51 7 8 33 41 34 79 71 72 15 16 17 18 84 20 87 37 39
1 2 29 4 50 51 7 8 33 41 34 79 71 72 15 16 17 18 84 20 87 40 39
1 2 29 4 50 51 7 8 33 25 34 79 13 14 15 16 17 18 84 20 87 37 39
1 2 29 4 50 51 7 8 33 25 34 79 13 14 15 16 17 18 84 20 87 40 39
1 2 29 4 50 51 7 8 33 25 34 79 13 72 15 16 17 18 84 20 87 37 39
1 2 29 4 50 51 7 8 33 25 34 79 13 72 15 16 17 18 84 20 87 40 39
1 2 29 4 50 51 7 8 33 25 34 79 71 14 15 16 17 18 84 20 87 37 39
1 2 29 4 50 51 7 8 33 25 34 79 71 14 15 16 17 18 84 20 87 40 39
1 2 29 4 50 51 7 8 33 25 34 79 71 72 15 16 17 18 84 20 87 37 39
1 2 29 4 50 51 7 8 33 25 34 79 71 72 15 16 17 18 84 20 87 40 39
1 2 29 49 50 51 7 8 33 10 34 79 13 14 15 16 17 18 84 20 87 37 39
1 2 29 49 50 51 7 8 33 10 34 79 13 14 15 16 17 18 84 20 87 40 39
1 2 29 49 50 51 7 8 33 10 34 79 13 72 15 16 17 18 84 20 87 37 39
1 2 29 49 50 51 7 8 33 10 34 79 13 72 15 16 17 18 84 20 87 40 39
1 2 29 49 50 51 7 8 33 10 34 79 71 14 15 16 17 18 84 20 87 37 39
1 2 29 49 50 51 7 8 33 10 34 79 71 14 15 16 17 18 84 20 87 40 39
1 2 29 49 50 51 7 8 33 10 34 79 71 72 15 16 17 18 84 20 87 37 39
1 2 29 49 50 51 7 8 33 10 34 79 71 72 15 16 17 18 84 20 87 40 39
1 2 29 49 50 51 7 8 33 41 34 79 13 14 15 16 17 18 84 20 87 37 39
1 2 29 49 50 51 7 8 33 41 34 79 13 14 15 16 17 18 84 20 87 40 39
1 2 29 49 50 51 7 8 33 41 34 79 13 72 15 16 17 18 84 20 87 37 39
1 2 29 49 50 51 7 8 33 41 34 79 13 72 15 16 17 18 84 20 87 40 39
1 2 29 49 50 51 7 8 33 41 34 79 71 14 15 16 17 18 84 20 87 37 39
1 2 29 49 50 51 7 8 33 41 34 79 71 14 15 16 17 18 84 20 87 40 39
1 2 29 49 50 51 7 8 33 41 34 79 71 72 15 16 17 18 84 20 87 37 39
1 2 29 49 50 51 7 8 33 41 34 79 71 72 15 16 17 18 84 20 87 40 39
1 2 29 49 50 51 7 8 33 25 34 79 13 14 15 16 17 18 84 20 87 37 39
1 2 29 49 50 51 7 8 33 25 34 79 13 14 15 16 17 18 84 20 87 40 39
1 2 29 49 50 51 7 8 33 25 34 79 13 72 15 16 17 18 84 20 87 37 39
1 2 29 49 50 51 7 8 33 25 34 79 13 72 15 16 17 18 84 20 87 40 39
1 2 29 49 50 51 7 8 33 25 34 79 71 14 15 16 17 18 84 20 87 37 39
1 2 29 49 50 51 7 8 33 25 34 79 71 14 15 16 17 18 84 20 87 40 39
1 2 29 49 50 51 7 8 33 25 34 79 71 72 15 16 17 18 84 20 87 37 39
1 2 29 49 50 51 7 8 33 25 34 79 71 72 15 16 17 18 84 20 87 40 39
1 90 3 4 50 51 7 8 33 10 34 79 13 14 15 16 17 18 84 20 87 37 39
1 90 3 4 50 51 7 8 33 10 34 79 13 14 15 16 17 18 84 20 87 40 39
1 90 3 4 50 51 7 8 33 10 34 79 13 72 15 16 17 18 84 20 87 37 39
1 90 3 4 50 51 7 8 33 10 34 79 13 72 15 16 17 18 84 20 87 40 39
1 90 3 4 50 51 7 8 33 10 34 79 71 14 15 16 17 18 84 20 87 37 39
1 90 3 4 50 51 7 8 33 10 34 79 71 14 15 16 17 18 84 20 87 40 39
1 90 3 4 50 51 7 8 33 10 34 79 71 72 15 16 17 18 84 20 87 37 39
1 90 3 4 50 51 7 8 33 10 34 79 71 72 15 16 17 18 84 20 87 40 39
1 90 3 4 50 51 7 8 33 41 34 79 13 14 15 16 17 18 84 20 87 37 39
1 90 3 4 50 51 7 8 33 41 34 79 13 14 15 16 17 18 84 20 87 40 39
1 90 3 4 50 51 7 8 33 41 34 79 13 72 15 16 17 18 84 20 87 37 39
1 90 3 4 50 51 7 8 33 41 34 79 13 72 15 16 17 18 84 20 87 40 39
1 90 3 4 50 51 7 8 33 41 34 79 71 14 15 16 17 18 84 20 87 37 39
1 90 3 4 50 51 7 8 33 41 34 79 71 14 15 16 17 18 84 20 87 40 39
1 90 3 4 50 51 7 8 33 41 34 79 71 72 15 16 17 18 84 20 87 37 39
1 90 3 4 50 51 7 8 33 41 34 79 71 72 15 16 17 18 84 20 87 40 39
1 90 3 4 50 51 7 8 33 25 34 79 13 14 15 16 17 18 84 20 87 37 39
1 90 3 4 50 51 7 8 33 25 34 79 13 14 15 16 17 18 84 20 87 40 39
1 90 3 4 50 51 7 8 33 25 34 79 13 72 15 16 17 18 84 20 87 37 39
1 90 3 4 50 51 7 8 33 25 34 79 13 72 15 16 17 18 84 20 87 40 39
1 90 3 4 50 51 7 8 33 25 34 79 71 14 15 16 17 18 84 20 87 37 39
1 90 3 4 50 51 7 8 33 25 34 79 71 14 15 16 17 18 84 20 87 40 39
1 90 3 4 50 51 7 8 33 25 34 79 71 72 15 16 17 18 84 20 87 37 39
1 90 3 4 50 51 7 8 33 25 34 79 71 72 15 16 17 18 84 20 87 40 39
1 90 3 49 50 51 7 8 33 10 34 79 13 14 15 16 17 18 84 20 87 37 39
1 90 3 49 50 51 7 8 33 10 34 79 13 14 15 16 17 18 84 20 87 40 39
1 90 3 49 50 51 7 8 33 10 34 79 13 72 15 16 17 18 84 20 87 37 39
1 90 3 49 50 51 7 8 33 10 34 79 13 72 15 16 17 18 84 20 87 40 39
1 90 3 49 50 51 7 8 33 10 34 79 71 14 15 16 17 18 84 20 87 37 39
1 90 3 49 50 51 7 8 33 10 34 79 71 14 15 16 17 18 84 20 87 40 39
1 90 3 49 50 51 7 8 33 10 34 79 71 72 15 16 17 18 84 20 87 37 39
1 90 3 49 50 51 7 8 33 10 34 79 71 72 15 16 17 18 84 20 87 40 39
1 90 3 49 50 51 7 8 33 41 34 79 13 14 15 16 17 18 84 20 87 37 39
1 90 3 49 50 51 7 8 33 41 34 79 13 14 15 16 17 18 84 20 87 40 39
1 90 3 49 50 51 7 8 33 41 34 79 13 72 15 16 17 18 84 20 87 37 39
1 90 3 49 50 51 7 8 33 41 34 79 13 72 15 16 17 18 84 20 87 40 39
1 90 3 49 50 51 7 8 33 41 34 79 71 14 15 16 17 18 84 20 87 37 39
1 90 3 49 50 51 7 8 33 41 34 79 71 14 15 16 17 18 84 20 87 40 39
1 90 3 49 50 51 7 8 33 41 34 79 71 72 15 16 17 18 84 20 87 37 39
1 90 3 49 50 51 7 8 33 41 34 79 71 72 15 16 17 18 84 20 87 40 39
1 90 3 49 50 51 7 8 33 25 34 79 13 14 15 16 17 18 84 20 87 37 39
1 90 3 49 50 51 7 8 33 25 34 79 13 14 15 16 17 18 84 20 87 40 39
1 90 3 49 50 51 7 8 33 25 34 79 13 72 15 16 17 18 84 20 87 37 39
1 90 3 49 50 51 7 8 33 25 34 79 13 72 15 16 17 18 84 20 87 40 39
1 90 3 49 50 51 7 8 33 25 34 79 71 14 15 16 17 18 84 20 87 37 39
1 90 3 49 50 51 7 8 33 25 34 79 71 14 15 16 17 18 84 20 87 40 39
1 90 3 49 50 51 7 8 33 25 34 79 71 72 15 16 17 18 84 20 87 37 39
1 90 3 49 50 51 7 8 33 25 34 79 71 72 15 16 17 18 84 20 87 40 39
1 90 29 4 50 51 7 8 33 10 34 79 13 14 15 16 17 18 84 20 87 37 39
1 90 29 4 50 51 7 8 33 10 34 79 13 14 15 16 17 18 84 20 87 40 39
1 90 29 4 50 51 7 8 33 10 34 79 13 72 15 16 17 18 84 20 87 37 39
1 90 29 4 50 51 7 8 33 10 34 79 13 72 15 16 17 18 84 20 87 40 39
1 90 29 4 50 51 7 8 33 10 34 79 71 14 15 16 17 18 84 20 87 37 39
1 90 29 4 50 51 7 8 33 10 34 79 71 14 15 16 17 18 84 20 87 40 39
1 90 29 4 50 51 7 8 33 10 34 79 71 72 15 16 17 18 84 20 87 37 39
1 90 29 4 50 51 7 8 33 10 34 79 71 72 15 16 17 18 84 20 87 40 39
1 90 29 4 50 51 7 8 33 41 34 79 13 14 15 16 17 18 84 20 87 37 39
1 90 29 4 50 51 7 8 33 41 34 79 13 14 15 16 17 18 84 20 87 40 39
1 90 29 4 50 51 7 8 33 41 34 79 13 72 15 16 17 18 84 20 87 37 39
1 90 29 4 50 51 7 8 33 41 34 79 13 72 15 16 17 18 84 20 87 40 39
1 90 29 4 50 51 7 8 33 41 34 79 71 14 15 16 17 18 84 20 87 37 39
1 90 29 4 50 51 7 8 33 41 34 79 71 14 15 16 17 18 84 20 87 40 39
1 90 29 4 50 51 7 8 33 41 34 79 71 72 15 16 17 18 84 20 87 37 39
1 90 29 4 50 51 7 8 33 41 34 79 71 72 15 16 17 18 84 20 87 40 39
1 90 29 4 50 51 7 8 33 25 34 79 13 14 15 16 17 18 84 20 87 37 39
1 90 29 4 50 51 7 8 33 25 34 79 13 14 15 16 17 18 84 20 87 40 39
1 90 29 4 50 51 7 8 33 25 34 79 13 72 15 16 17 18 84 20 87 37 39
1 90 29 4 50 51 7 8 33 25 34 79 13 72 15 16 17 18 84 20 87 40 39
1 90 29 4 50 51 7 8 33 25 34 79 71 14 15 16 17 18 84 20 87 37 39
1 90 29 4 50 51 7 8 33 25 34 79 71 14 15 16 17 18 84 20 87 40 39
1 90 29 4 50 51 7 8 33 25 34 79 71 72 15 16 17 18 84 20 87 37 39
1 90 29 4 50 51 7 8 33 25 34 79 71 72 15 16 17 18 84 20 87 40 39
1 90 29 49 50 51 7 8 33 10 34 79 13 14 15 16 17 18 84 20 87 37 39
1 90 29 49 50 51 7 8 33 10 34 79 13 14 15 16 17 18 84 20 87 40 39
1 90 29 49 50 51 7 8 33 10 34 79 13 72 15 16 17 18 84 20 87 37 39
1 90 29 49 50 51 7 8 33 10 34 79 13 72 15 16 17 18 84 20 87 40 39
1 90 29 49 50 51 7 8 33 10 34 79 71 14 15 16 17 18 84 20 87 37 39
1 90 29 49 50 51 7 8 33 10 34 79 71 14 15 16 17 18 84 20 87 40 39
1 90 29 49 50 51 7 8 33 10 34 79 71 72 15 16 17 18 84 20 87 37 39
1 90 29 49 50 51 7 8 33 10 34 79 71 72 15 16 17 18 84 20 87 40 39
1 90 29 49 50 51 7 8 33 41 34 79 13 14 15 16 17 18 84 20 87 37 39
1 90 29 49 50 51 7 8 33 41 34 79 13 14 15 16 17 18 84 20 87 40 39
1 90 29 49 50 51 7 8 33 41 34 79 13 72 15 16 17 18 84 20 87 37 39
1 90 29 49 50 51 7 8 33 41 34 79 13 72 15 16 17 18 84 20 87 40 39
1 90 29 49 50 51 7 8 33 41 34 79 71 14 15 16 17 18 84 20 87 37 39
1 90 29 49 50 51 7 8 33 41 34 79 71 14 15 16 17 18 84 20 87 40 39
1 90 29 49 50 51 7 8 33 41 34 79 71 72 15 16 17 18 84 20 87 37 39
1 90 29 49 50 51 7 8 33 41 34 79 71 72 15 16 17 18 84 20 87 40 39
1 90 29 49 50 51 7 8 33 25 34 79 13 14 15 16 17 18 84 20 87 37 39
1 90 29 49 50 51 7 8 33 25 34 79 13 14 15 16 17 18 84 20 87 40 39
1 90 29 49 50 51 7 8 33 25 34 79 13 72 15 16 17 18 84 20 87 37 39
1 90 29 49 50 51 7 8 33 25 34 79 13 72 15 16 17 18 84 20 87 40 39
1 90 29 49 50 51 7 8 33 25 34 79 71 14 15 16 17 18 84 20 87 37 39
1 90 29 49 50 51 7 8 33 25 34 79 71 14 15 16 17 18 84 20 87 40 39
1 90 29 49 50 51 7 8 33 25 34 79 71 72 15 16 17 18 84 20 87 37 39
1 90 29 49 50 51 7 8 33 25 34 79 71 72 15 16 17 18 84 20 87 40 39
1 31 3 48 50 51 7 32 33 10 34 12 109 45 78 77 17 18 84 20 87 46 47
1 31 3 48 50 51 7 32 33 10 34 12 109 45 78 77 17 18 84 20 87 46 23
1 31 43 48 50 51 7 32 33 10 34 12 109 45 78 77 17 18 84 20 87 46 47
1 31 43 48 50 51 7 32 33 10 34 12 109 45 78 77 17 18 84 20 87 46 23
1 2 3 48 50 51 7 32 33 10 34 12 109 45 78 77 17 18 84 20 87 46 47
1 2 3 48 50 51 7 32 33 10 34 12 109 45 78 77 17 18 84 20 87 46 23
1 2 43 48 50 51 7 32 33 10 34 12 109 45 78 77 17 18 84 20 87 46 47
1 2 43 48 50 51 7 32 33 10 34 12 109 45 78 77 17 18 84 20 87 46 23
1 30 3 48 50 51 7 32 33 10 34 12 109 45 78 77 17 18 84 20 87 46 47
1 30 3 48 50 51 7 32 33 10 34 12 109 45 78 77 17 18 84 20 87 46 23
1 30 43 48 50 51 7 32 33 10 34 12 109 45 78 77 17 18 84 20 87 46 47
1 30 43 48 50 51 7 32 33 10 34 12 109 45 78 77 17 18 84 20 87 46 23
1 90 3 48 50 51 7 32 33 10 34 12 109 45 78 77 17 18 84 20 87 46 47
1 90 3 48 50 51 7 32 33 10 34 12 109 45 78 77 17 18 84 20 87 46 23
1 90 43 48 50 51 7 32 33 10 34 12 109 45 78 77 17 18 84 20 87 46 47
1 90 43 48 50 51 7 32 33 10 34 12 109 45 78 77 17 18 84 20 87 46 23
1 2 3 49 5 51 7 32 33 10 34 12 13 14 15 16 17 18 84 20 87 46 47
1 2 3 49 5 51 7 32 33 10 34 12 13 14 15 16 17 18 84 20 87 22 47
1 2 3 69 5 51 7 32 33 10 34 12 13 14 15 16 17 18 84 20 87 46 47
1 2 3 69 5 51 7 32 33 10 34 12 13 14 15 16 17 18 84 20 87 22 47
1 2 3 89 5 51 7 32 33 10 34 12 13 14 15 16 17 18 84 20 87 46 47
1 2 3 89 5 51 7 32 33 10 34 12 13 14 15 16 17 18 84 20 87 22 47
1 2 3 48 5 51 7 32 33 10 34 12 13 14 15 16 17 18 84 20 87 46 47
1 2 3 48 5 51 7 32 33 10 34 12 13 14 15 16 17 18 84 20 87 22 47
1 2 43 49 5 51 7 32 33 10 34 12 13 14 15 16 17 18 84 20 87 46 47
1 2 43 49 5 51 7 32 33 10 34 12 13 14 15 16 17 18 84 20 87 22 47
1 2 43 69 5 51 7 32 33 10 34 12 13 14 15 16 17 18 84 20 87 46 47
1 2 43 69 5 51 7 32 33 10 34 12 13 14 15 16 17 18 84 20 87 22 47
1 2 43 89 5 51 7 32 33 10 34 12 13 14 15 16 17 18 84 20 87 46 47
1 2 43 89 5 51 7 32 33 10 34 12 13 14 15 16 17 18 84 20 87 22 47
1 2 43 48 5 51 7 32 33 10 34 12 13 14 15 16 17 18 84 20 87 46 47
1 2 43 48 5 51 7 32 33 10 34 12 13 14 15 16 17 18 84 20 87 22 47
1 30 3 49 5 51 7 32 33 10 34 12 13 14 15 16 17 18 84 20 87 46 47
1 30 3 49 5 51 7 32 33 10 34 12 13 14 15 16 17 18 84 20 87 22 47
1 30 3 69 5 51 7 32 33 10 34 12 13 14 15 16 17 18 84 20 87 46 47
1 30 3 69 5 51 7 32 33 10 34 12 13 14 15 16 17 18 84 20 87 22 47
1 30 3 89 5 51 7 32 33 10 34 12 13 14 15 16 17 18 84 20 87 46 47
1 30 3 89 5 51 7 32 33 10 34 12 13 14 15 16 17 18 84 20 87 22 47
1 30 3 48 5 51 7 32 33 10 34 12 13 14 15 16 17 18 84 20 87 46 47
1 30 3 48 5 51 7 32 33 10 34 12 13 14 15 16 17 18 84 20 87 22 47
1 30 43 49 5 51 7 32 33 10 34 12 13 14 15 16 17 18 84 20 87 46 47
1 30 43 49 5 51 7 32 33 10 34 12 13 14 15 16 17 18 84 20 87 22 47
1 30 43 69 5 51 7 32 33 10 34 12 13 14 15 16 17 18 84 20 87 46 47
1 30 43 69 5 51 7 32 33 10 34 12 13 14 15 16 17 18 84 20 87 22 47
1 30 43 89 5 51 7 32 33 10 34 12 13 14 15 16 17 18 84 20 87 46 47
1 30 43 89 5 51 7 32 33 10 34 12 13 14 15 16 17 18 84 20 87 22 47
1 30 43 48 5 51 7 32 33 10 34 12 13 14 15 16 17 18 84 20 87 46 47
1 30 43 48 5 51 7 32 33 10 34 12 13 14 15 16 17 18 84 20 87 22 47
1 31 3 48 50 51 108 32 33 107 34 79 13 14 112 113 17 114 19 20 115 22 88
1 31 3 48 50 51 108 32 33 107 34 79 13 14 112 113 17 114 19 20 115 91 88
1 31 3 48 50 51 108 32 33 107 34 79 13 14 112 113 17 114 19 20 24 22 88
1 31 3 48 50 51 108 32 33 107 34 79 13 14 112 113 17 114 19 20 24 91 88
1 31 3 48 50 51 108 32 33 107 34 79 13 14 112 113 17 114 19 20 116 22 88
1 31 3 48 50 51 108 32 33 107 34 79 13 14 112 113 17 114 19 20 116 91 88
1 31 3 48 50 51 108 32 33 107 34 79 13 14 112 113 17 114 19 20 117 22 88
1 31 3 48 50 51 108 32 33 107 34 79 13 14 112 113 17 114 19 20 117 91 88
1 31 3 48 50 51 108 32 33 107 34 79 13 14 112 113 17 118 19 20 115 22 88
1 31 3 48 50 51 108 32 33 107 34 79 13 14 112 113 17 118 19 20 115 91 88
1 31 3 48 50 51 108 32 33 107 34 79 13 14 112 113 17 118 19 20 24 22 88
1 31 3 48 50 51 108 32 33 107 34 79 13 14 112 113 17 118 19 20 24 91 88
1 31 3 48 50 51 108 32 33 107 34 79 13 14 112 113 17 118 19 20 116 22 88
1 31 3 48 50 51 108 32 33 107 34 79 13 14 112 113 17 118 19 20 116 91 88
1 31 3 48 50 51 108 32 33 107 34 79 13 14 112 113 17 118 19 20 117 22 88
1 31 3 48 50 51 108 32 33 107 34 79 13 14 112 113 17 118 19 20 117 91 88
1 31 3 48 50 51 108 32 33 119 34 79 13 14 112 113 17 114 19 20 115 22 88
1 31 3 48 50 51 108 32 33 119 34 79 13 14 112 113 17 114 19 20 115 91 88
1 31 3 48 50 51 108 32 33 119 34 79 13 14 112 113 17 114 19 20 24 22 88
1 31 3 48 50 51 108 32 33 119 34 79 13 14 112 113 17 114 19 20 24 91 88
1 31 3 48 50 51 108 32 33 119 34 79 13 14 112 113 17 114 19 20 116 22 88
1 31 3 48 50 51 108 32 33 119 34 79 13 14 112 113 17 114 19 20 116 91 88
1 31 3 48 50 51 108 32 33 119 34 79 13 14 112 113 17 114 19 20 117 22 88
1 31 3 48 50 51 108 32 33 119 34 79 13 14 112 113 17 114 19 20 117 91 88
1 31 3 48 50 51 108 32 33 119 34 79 13 14 112 113 17 118 19 20 115 22 88
1 31 3 48 50 51 108 32 33 119 34 79 13 14 112 113 17 118 19 20 115 91 88
1 31 3 48 50 51 108 32 33 119 34 79 13 14 112 113 17 118 19 20 24 22 88
1 31 3 48 50 51 108 32 33 119 34 79 13 14 112 113 17 118 19 20 24 91 88
1 31 3 48 50 51 108 32 33 119 34 79 13 14 112 113 17 118 19 20 116 22 88
1 31 3 48 50 51 108 32 33 119 34 79 13 14 112 113 17 118 19 20 116 91 88
1 31 3 48 50 51 108 32 33 119 34 79 13 14 112 113 17 118 19 20 117 22 88
1 31 3 48 50 51 108 32 33 119 34 79 13 14 112 113 17 118 19 20 117 91 88
1 31 3 48 50 51 108 32 33 26 34 79 13 14 112 113 17 114 19 20 115 22 88
1 31 3 48 50 51 108 32 33 26 34 79 13 14 112 113 17 114 19 20 115 91 88
1 31 3 48 50 51 108 32 33 26 34 79 13 14 112 113 17 114 19 20 24 22 88
1 31 3 48 50 51 108 32 33 26 34 79 13 14 112 113 17 114 19 20 24 91 88
1 31 3 48 50 51 108 32 33 26 34 79 13 14 112 113 17 114 19 20 116 22 88
1 31 3 48 50 51 108 32 33 26 34 79 13 14 112 113 17 114 19 20 116 91 88
1 31 3 48 50 51 108 32 33 26 34 79 13 14 112 113 17 114 19 20 117 22 88
1 31 3 48 50 51 108 32 33 26 34 79 13 14 112 113 17 114 19 20 117 91 88
1 31 3 48 50 51 108 32 33 26 34 79 13 14 112 113 17 118 19 20 115 22 88
1 31 3 48 50 51 108 32 33 26 34 79 13 14 112 113 17 118 19 20 115 91 88
1 31 3 48 50 51 108 32 33 26 34 79 13 14 112 113 17 118 19 20 24 22 88
1 31 3 48 50 51 108 32 33 26 34 79 13 14 112 113 17 118 19 20 24 91 88
1 31 3 48 50 51 108 32 33 26 34 79 13 14 112 113 17 118 19 20 116 22 88
1 31 3 48 50 51 108 32 33 26 34 79 13 14 112 113 17 118 19 20 116 91 88
1 31 3 48 50 51 108 32 33 26 34 79 13 14 112 113 17 118 19 20 117 22 88
1 31 3 48 50 51 108 32 33 26 34 79 13 14 112 113 17 118 19 20 117 91 88
1 2 3 48 50 51 108 32 33 107 34 79 13 14 112 113 17 114 19 20 115 22 88
1 2 3 48 50 51 108 32 33 107 34 79 13 14 112 113 17 114 19 20 115 91 88
1 2 3 48 50 51 108 32 33 107 34 79 13 14 112 113 17 114 19 20 24 22 88
1 2 3 48 50 51 108 32 33 107 34 79 13 14 112 113 17 114 19 20 24 91 88
1 2 3 48 50 51 108 32 33 107 34 79 13 14 112 113 17 114 19 20 116 22 88
1 2 3 48 50 51 108 32 33 107 34 79 13 14 112 113 17 114 19 20 116 91 88
1 2 3 48 50 51 108 32 33 107 34 79 13 14 112 113 17 114 19 20 117 22 88
1 2 3 48 50 51 108 32 33 107 34 79 13 14 112 113 17 114 19 20 117 91 88
1 2 3 48 50 51 108 32 33 107 34 79 13 14 112 113 17 118 19 20 115 22 88
1 2 3 48 50 51 108 32 33 107 34 79 13 14 112 113 17 118 19 20 115 91 88
1 2 3 48 50 51 108 32 33 107 34 79 13 14 112 113 17 118 19 20 24 22 88
1 2 3 48 50 51 108 32 33 107 34 79 13 14 112 113 17 118 19 20 24 91 88
1 2 3 48 50 51 108 32 33 107 34 79 13 14 112 113 17 118 19 20 116 22 88
1 2 3 48 50 51 108 32 33 107 34 79 13 14 112 113 17 118 19 20 116 91 88
1 2 3 48 50 51 108 32 33 107 34 79 13 14 112 113 17 118 19 20 117 22 88
1 2 3 48 50 51 108 32 33 107 34 79 13 14 112 113 17 118 19 20 117 91 88
1 2 3 48 50 51 108 32 33 119 34 79 13 14 112 113 17 114 19 20 115 22 88
1 2 3 48 50 51 108 32 33 119 34 79 13 14 112 113 17 114 19 20 115 91 88
1 2 3 48 50 51 108 32 33 119 34 79 13 14 112 113 17 114 19 20 24 22 88
1 2 3 48 50 51 108 32 33 119 34 79 13 14 112 113 17 114 19 20 24 91 88
1 2 3 48 50 51 108 32 33 119 34 79 13 14 112 113 17 114 19 20 116 22 88
1 2 3 48 50 51 108 32 33 119 34 79 13 14 112 113 17 114 19 20 116 91 88
1 2 3 48 50 51 108 32 33 119 34 79 13 14 112 113 17 114 19 20 117 22 88
1 2 3 48 50 51 108 32 33 119 34 79 13 14 112 113 17 114 19 20 117 91 88
1 2 3 48 50 51 108 32 33 119 34 79 13 14 112 113 17 118 19 20 115 22 88
1 2 3 48 50 51 108 32 33 119 34 79 13 14 112 113 17 118 19 20 115 91 88
1 2 3 48 50 51 108 32 33 119 34 79 13 14 112 113 17 118 19 20 24 22 88
1 2 3 48 50 51 108 32 33 119 34 79 13 14 112 113 17 118 19 20 24 91 88
1 2 3 48 50 51 108 32 33 119 34 79 13 14 112 113 17 118 19 20 116 22 88
1 2 3 48 50 51 108 32 33 119 34 79 13 14 112 113 17 118 19 20 116 91 88
1 2 3 48 50 51 108 32 33 119 34 79 13 14 112 113 17 118 19 20 117 22 88
1 2 3 48 50 51 108 32 33 119 34 79 13 14 112 113 17 118 19 20 117 91 88
1 2 3 48 50 51 108 32 33 26 34 79 13 14 112 113 17 114 19 20 115 22 88
1 2 3 48 50 51 108 32 33 26 34 79 13 14 112 113 17 114 19 20 115 91 88
1 2 3 48 50 51 108 32 33 26 34 79 13 14 112 113 17 114 19 20 24 22 88
1 2 3 48 50 51 108 32 33 26 34 79 13 14 112 113 17 114 19 20 24 91 88
1 2 3 48 50 51 108 32 33 26 34 79 13 14 112 113 17 114 19 20 116 22 88
1 2 3 48 50 51 108 32 33 26 34 79 13 14 112 113 17 114 19 20 116 91 88
1 2 3 48 50 51 108 32 33 26 34 79 13 14 112 113 17 114 19 20 117 22 88
1 2 3 48 50 51 108 32 33 26 34 79 13 14 112 113 17 114 19 20 117 91 88
1 2 3 48 50 51 108 32 33 26 34 79 13 14 112 113 17 118 19 20 115 22 88
1 2 3 48 50 51 108 32 33 26 34 79 13 14 112 113 17 118 19 20 115 91 88
1 2 3 48 50 51 108 32 33 26 34 79 13 14 112 113 17 118 19 20 24 22 88
1 2 3 48 50 51 108 32 33 26 34 79 13 14 112 113 17 118 19 20 24 91 88
1 2 3 48 50 51 108 32 33 26 34 79 13 14 112 113 17 118 19 20 116 22 88
1 2 3 48 50 51 108 32 33 26 34 79 13 14 112 113 17 118 19 20 116 91 88
1 2 3 48 50 51 108 32 33 26 34 79 13 14 112 113 17 118 19 20 117 22 88
1 2 3 48 50 51 108 32 33 26 34 79 13 14 112 113 17 118 19 20 117 91 88
1 30 3 48 50 51 108 32 33 107 34 79 13 14 112 113 17 114 19 20 115 22 88
1 30 3 48 50 51 108 32 33 107 34 79 13 14 112 113 17 114 19 20 115 91 88
1 30 3 48 50 51 108 32 33 107 34 79 13 14 112 113 17 114 19 20 24 22 88
1 30 3 48 50 51 108 32 33 107 34 79 13 14 112 113 17 114 19 20 24 91 88
1 30 3 48 50 51 108 32 33 107 34 79 13 14 112 113 17 114 19 20 116 22 88
1 30 3 48 50 51 108 32 33 107 34 79 13 14 112 113 17 114 19 20 116 91 88
1 30 3 48 50 51 108 32 33 107 34 79 13 14 112 113 17 114 19 20 117 22 88
1 30 3 48 50 51 108 32 33 107 34 79 13 14 112 113 17 114 19 20 117 91 88
1 30 3 48 50 51 108 32 33 107 34 79 13 14 112 113 17 118 19 20 115 22 88
1 30 3 48 50 51 108 32 33 107 34 79 13 14 112 113 17 118 19 20 115 91 88
1 30 3 48 50 51 108 32 33 107 34 79 13 14 112 113 17 118 19 20 24 22 88
1 30 3 48 50 51 108 32 33 107 34 79 13 14 112 113 17 118 19 20 24 91 88
1 30 3 48 50 51 108 32 33 107 34 79 13 14 112 113 17 118 19 20 116 22 88
1 30 3 48 50 51 108 32 33 107 34 79 13 14 112 113 17 118 19 20 116 91 88
1 30 3 48 50 51 108 32 33 107 34 79 13 14 112 113 17 118 19 20 117 22 88
1 30 3 48 50 51 108 32 33 107 34 79 13 14 112 113 17 118 19 20 117 91 88
1 30 3 48 50 51 108 32 33 119 34 79 13 14 112 113 17 114 19 20 115 22 88
1 30 3 48 50 51 108 32 33 119 34 79 13 14 112 113 17 114 19 20 115 91 88
1 30 3 48 50 51 108 32 33 119 34 79 13 14 112 113 17 114 19 20 24 22 88
1 30 3 48 50 51 108 32 33 119 34 79 13 14 112 113 17 114 19 20 24 91 88
1 30 3 48 50 51 108 32 33 119 34 79 13 14 112 113 17 114 19 20 116 22 88
1 30 3 48 50 51 108 32 33 119 34 79 13 14 112 113 17 114 19 20 116 91 88
1 30 3 48 50 51 108 32 33 119 34 79 13 14 112 113 17 114 19 20 117 22 88
1 30 3 48 50 51 108 32 33 119 34 79 13 14 112 113 17 114 19 20 117 91 88
1 30 3 48 50 51 108 32 33 119 34 79 13 14 112 113 17 118 19 20 115 22 88
1 30 3 48 50 51 108 32 33 119 34 79 13 14 112 113 17 118 19 20 115 91 88
1 30 3 48 50 51 108 32 33 119 34 79 13 14 112 113 17 118 19 20 24 22 88
1 30 3 48 50 51 108 32 33 119 34 79 13 14 112 113 17 118 19 20 24 91 88
1 30 3 48 50 51 108 32 33 119 34 79 13 14 112 113 17 118 19 20 116 22 88
1 30 3 48 50 51 108 32 33 119 34 79 13 14 112 113 17 118 19 20 116 91 88
1 30 3 48 50 51 108 32 33 119 34 79 13 14 112 113 17 118 19 20 117 22 88
1 30 3 48 50 51 108 32 33 119 34 79 13 14 112 113 17 118 19 20 117 91 88
1 30 3 48 50 51 108 32 33 26 34 79 13 14 112 113 17 114 19 20 115 22 88
1 30 3 48 50 51 108 32 33 26 34 79 13 14 112 113 17 114 19 20 115 91 88
1 30 3 48 50 51 108 32 33 26 34 79 13 14 112 113 17 114 19 20 24 22 88
1 30 3 48 50 51 108 32 33 26 34 79 13 14 112 113 17 114 19 20 24 91 88
1 30 3 48 50 51 108 32 33 26 34 79 13 14 112 113 17 114 19 20 116 22 88
1 30 3 48 50 51 108 32 33 26 34 79 13 14 112 113 17 114 19 20 116 91 88
1 30 3 48 50 51 108 32 33 26 34 79 13 14 112 113 17 114 19 20 117 22 88
1 30 3 48 50 51 108 32 33 26 34 79 13 14 112 113 17 114 19 20 117 91 88
1 30 3 48 50 51 108 32 33 26 34 79 13 14 112 113 17 118 19 20 115 22 88
1 30 3 48 50 51 108 32 33 26 34 79 13 14 112 113 17 118 19 20 115 91 88
1 30 3 48 50 51 108 32 33 26 34 79 13 14 112 113 17 118 19 20 24 22 88
1 30 3 48 50 51 108 32 33 26 34 79 13 14 112 113 17 118 19 20 24 91 88
1 30 3 48 50 51 108 32 33 26 34 79 13 14 112 113 17 118 19 20 116 22 88
1 30 3 48 50 51 108 32 33 26 34 79 13 14 112 113 17 118 19 20 116 91 88
1 30 3 48 50 51 108 32 33 26 34 79 13 14 112 113 17 118 19 20 117 22 88
1 30 3 48 50 51 108 32 33 26 34 79 13 14 112 113 17 118 19 20 117 91 88
1 90 3 48 50 51 108 32 33 107 34 79 13 14 112 113 17 114 19 20 115 22 88
1 90 3 48 50 51 108 32 33 107 34 79 13 14 112 113 17 114 19 20 115 91 88
1 90 3 48 50 51 108 32 33 107 34 79 13 14 112 113 17 114 19 20 24 22 88
1 90 3 48 50 51 108 32 33 107 34 79 13 14 112 113 17 114 19 20 24 91 88
1 90 3 48 50 51 108 32 33 107 34 79 13 14 112 113 17 114 19 20 116 22 88
1 90 3 48 50 51 108 32 33 107 34 79 13 14 112 113 17 114 19 20 116 91 88
1 90 3 48 50 51 108 32 33 107 34 79 13 14 112 113 17 114 19 20 117 22 88
1 90 3 48 50 51 108 32 33 107 34 79 13 14 112 113 17 114 19 20 117 91 88
1 90 3 48 50 51 108 32 33 107 34 79 13 14 112 113 17 118 19 20 115 22 88
1 90 3 48 50 51 108 32 33 107 34 79 13 14 112 113 17 118 19 20 115 91 88
1 90 3 48 50 51 108 32 33 107 34 79 13 14 112 113 17 118 19 20 24 22 88
1 90 3 48 50 51 108 32 33 107 34 79 13 14 112 113 17 118 19 20 24 91 88
1 90 3 48 50 51 108 32 33 107 34 79 13 14 112 113 17 118 19 20 116 22 88
1 90 3 48 50 51 108 32 33 107 34 79 13 14 112 113 17 118 19 20 116 91 88
1 90 3 48 50 51 108 32 33 107 34 79 13 14 112 113 17 118 19 20 117 22 88
1 90 3 48 50 51 108 32 33 107 34 79 13 14 112 113 17 118 19 20 117 91 88
1 90 3 48 50 51 108 32 33 119 34 79 13 14 112 113 17 114 19 20 115 22 88
1 90 3 48 50 51 108 32 33 119 34 79 13 14 112 113 17 114 19 20 115 91 88
1 90 3 48 50 51 108 32 33 119 34 79 13 14 112 113 17 114 19 20 24 22 88
1 90 3 48 50 51 108 32 33 119 34 79 13 14 112 113 17 114 19 20 24 91 88
1 90 3 48 50 51 108 32 33 119 34 79 13 14 112 113 17 114 19 20 116 22 88
1 90 3 48 50 51 108 32 33 119 34 79 13 14 112 113 17 114 19 20 116 91 88
1 90 3 48 50 51 108 32 33 119 34 79 13 14 112 113 17 114 19 20 117 22 88
1 90 3 48 50 51 108 32 33 119 34 79 13 14 112 113 17 114 19 20 117 91 88
1 90 3 48 50 51 108 32 33 119 34 79 13 14 112 113 17 118 19 20 115 22 88
1 90 3 48 50 51 108 32 33 119 34 79 13 14 112 113 17 118 19 20 115 91 88
1 90 3 48 50 51 108 32 33 119 34 79 13 14 112 113 17 118 19 20 24 22 88
1 90 3 48 50 51 108 32 33 119 34 79 13 14 112 113 17 118 19 20 24 91 88
1 90 3 48 50 51 108 32 33 119 34 79 13 14 112 113 17 118 19 20 116 22 88
1 90 3 48 50 51 108 32 33 119 34 79 13 14 112 113 17 118 19 20 116 91 88
1 90 3 48 50 51 108 32 33 119 34 79 13 14 112 113 17 118 19 20 117 22 88
1 90 3 48 50 51 108 32 33 119 34 79 13 14 112 113 17 118 19 20 117 91 88
1 90 3 48 50 51 108 32 33 26 34 79 13 14 112 113 17 114 19 20 115 22 88
1 90 3 48 50 51 108 32 33 26 34 79 13 14 112 113 17 114 19 20 115 91 88
1 90 3 48 50 51 108 32 33 26 34 79 13 14 112 113 17 114 19 20 24 22 88
1 90 3 48 50 51 108 32 33 26 34 79 13 14 112 113 17 114 19 20 24 91 88
1 90 3 48 50 51 108 32 33 26 34 79 13 14 112 113 17 114 19 20 116 22 88
1 90 3 48 50 51 108 32 33 26 34 79 13 14 112 113 17 114 19 20 116 91 88
1 90 3 48 50 51 108 32 33 26 34 79 13 14 112 113 17 114 19 20 117 22 88
1 90 3 48 50 51 108 32 33 26 34 79 13 14 112 113 17 114 19 20 117 91 88
1 90 3 48 50 51 108 32 33 26 34 79 13 14 112 113 17 118 19 20 115 22 88
1 90 3 48 50 51 108 32 33 26 34 79 13 14 112 113 17 118 19 20 115 91 88
1 90 3 48 50 51 108 32 33 26 34 79 13 14 112 113 17 118 19 20 24 22 88
1 90 3 48 50 51 108 32 33 26 34 79 13 14 112 113 17 118 19 20 24 91 88
1 90 3 48 50 51 108 32 33 26 34 79 13 14 112 113 17 118 19 20 116 22 88
1 90 3 48 50 51 108 32 33 26 34 79 13 14 112 113 17 118 19 20 116 91 88
1 90 3 48 50 51 108 32 33 26 34 79 13 14 112 113 17 118 19 20 117 22 88
1 90 3 48 50 51 108 32 33 26 34 79 13 14 112 113 17 118 19 20 117 91 88
